2be0.235c: Log file opened: 7.2.6r172322 g_hStartupLog=0000000000000010 g_uNtVerCombined=0xa065f400
2be0.235c: \SystemRoot\System32\ntdll.dll:
2be0.235c:     CreationTime:    2026-03-02T02:28:51.994203800Z
2be0.235c:     LastWriteTime:   2026-03-02T02:28:52.182949000Z
2be0.235c:     ChangeTime:      2026-03-02T02:32:23.694814700Z
2be0.235c:     FileAttributes:  0x20
2be0.235c:     Size:            0x267b88
2be0.235c:     NT Headers:      0xe0
2be0.235c:     Timestamp:       0xc140bef4
2be0.235c:     Machine:         0x8664 - amd64
2be0.235c:     Timestamp:       0xc140bef4
2be0.235c:     Image Version:   10.0
2be0.235c:     SizeOfImage:     0x268000 (2523136)
2be0.235c:     Resource Dir:    0x1ec000 LB 0x7a108
2be0.235c:     [Version info resource found at 0xd8! (ID/Name: 0x1; SubID/SubName: 0x409)]
2be0.235c:     [Raw version resource data: 0x1ec0f0 LB 0x380, codepage 0x0 (reserved 0x0)]
2be0.235c:     ProductName:     Microsoft® Windows® Operating System
2be0.235c:     ProductVersion:  10.0.26100.7824
2be0.235c:     FileVersion:     10.0.26100.7824 (WinBuild.160101.0800)
2be0.235c:     FileDescription: NT Layer DLL
2be0.235c: \SystemRoot\System32\kernel32.dll:
2be0.235c:     CreationTime:    2026-03-02T02:28:45.824996400Z
2be0.235c:     LastWriteTime:   2026-03-02T02:28:45.870317900Z
2be0.235c:     ChangeTime:      2026-03-01T17:38:34.152423700Z
2be0.235c:     FileAttributes:  0x20
2be0.235c:     Size:            0xcc218
2be0.235c:     NT Headers:      0xf0
2be0.235c:     Timestamp:       0x9db26d02
2be0.235c:     Machine:         0x8664 - amd64
2be0.235c:     Timestamp:       0x9db26d02
2be0.235c:     Image Version:   10.0
2be0.235c:     SizeOfImage:     0xc9000 (823296)
2be0.235c:     Resource Dir:    0xc7000 LB 0x520
2be0.235c:     [Version info resource found at 0x90! (ID/Name: 0x1; SubID/SubName: 0x409)]
2be0.235c:     [Raw version resource data: 0xc70b0 LB 0x3a4, codepage 0x0 (reserved 0x0)]
2be0.235c:     ProductName:     Microsoft® Windows® Operating System
2be0.235c:     ProductVersion:  10.0.26100.7705
2be0.235c:     FileVersion:     10.0.26100.7705 (WinBuild.160101.0800)
2be0.235c:     FileDescription: Windows NT BASE API Client DLL
2be0.235c: \SystemRoot\System32\KernelBase.dll:
2be0.235c:     CreationTime:    2026-03-02T02:28:52.338253000Z
2be0.235c:     LastWriteTime:   2026-03-02T02:28:52.788785800Z
2be0.235c:     ChangeTime:      2026-03-01T17:38:34.199320300Z
2be0.235c:     FileAttributes:  0x20
2be0.235c:     Size:            0x3f32c0
2be0.235c:     NT Headers:      0x108
2be0.235c:     Timestamp:       0xad803701
2be0.235c:     Machine:         0x8664 - amd64
2be0.235c:     Timestamp:       0xad803701
2be0.235c:     Image Version:   10.0
2be0.235c:     SizeOfImage:     0x3f1000 (4132864)
2be0.235c:     Resource Dir:    0x3b7000 LB 0x548
2be0.235c:     [Version info resource found at 0x90! (ID/Name: 0x1; SubID/SubName: 0x409)]
2be0.235c:     [Raw version resource data: 0x3b70b0 LB 0x3bc, codepage 0x0 (reserved 0x0)]
2be0.235c:     ProductName:     Microsoft® Windows® Operating System
2be0.235c:     ProductVersion:  10.0.26100.7824
2be0.235c:     FileVersion:     10.0.26100.7824 (WinBuild.160101.0800)
2be0.235c:     FileDescription: Windows NT BASE API Client DLL
2be0.235c: \SystemRoot\System32\apisetschema.dll:
2be0.235c:     CreationTime:    2026-03-02T02:28:32.278284600Z
2be0.235c:     LastWriteTime:   2026-03-02T02:28:32.290055900Z
2be0.235c:     ChangeTime:      2026-03-02T02:32:23.679137500Z
2be0.235c:     FileAttributes:  0x20
2be0.235c:     Size:            0x2f598
2be0.235c:     NT Headers:      0xd8
2be0.235c:     Timestamp:       0xd5983b53
2be0.235c:     Machine:         0x8664 - amd64
2be0.235c:     Timestamp:       0xd5983b53
2be0.235c:     Image Version:   10.0
2be0.235c:     SizeOfImage:     0x2e000 (188416)
2be0.235c:     Resource Dir:    0x2d000 LB 0x408
2be0.235c:     [Version info resource found at 0x48! (ID/Name: 0x1; SubID/SubName: 0x409)]
2be0.235c:     [Raw version resource data: 0x2d060 LB 0x3a8, codepage 0x0 (reserved 0x0)]
2be0.235c:     ProductName:     Microsoft® Windows® Operating System
2be0.235c:     ProductVersion:  10.0.26100.7705
2be0.235c:     FileVersion:     10.0.26100.7705 (WinBuild.160101.0800)
2be0.235c:     FileDescription: ApiSet Schema DLL
2be0.235c: root name: type=Job name=Container_Microsoft.VisualStudioCode_1.0.109.5_neutral__8wekyb3d8bbwe-S-1-5-21-359037657-705991866-1087044336-1001
2be0.235c: root name: type=FilterConnectionPort name=UnionfsPort
2be0.235c: root name: type=FilterConnectionPort name=MFESECSignalPort
2be0.235c: root name: type=Mutant name=PendingRenameMutex
2be0.235c: root name: type=Directory name=ObjectTypes
2be0.235c: root name: type=Job name=Container_Microsoft.WindowsStore_22601.1401.3.0_x64__8wekyb3d8bbwe-S-1-5-21-359037657-705991866-1087044336-1001
2be0.235c: root name: type=FilterConnectionPort name=storqosfltport
2be0.235c: root name: type=FilterConnectionPort name=MicrosoftMalwareProtectionRemoteIoPortWD
2be0.235c: root name: type=FilterConnectionPort name=aswPort
2be0.235c: root name: type=FilterConnectionPort name=MicrosoftDataLossPreventionPort
2be0.235c: root name: type=SymbolicLink name=SystemRoot
2be0.235c: root name: type=FilterConnectionPort name=MicrosoftMalwareProtectionVeryLowIoPortWD
2be0.235c: root name: type=Section name=Win32kSiloSessionGlobals
2be0.235c: root name: type=Directory name=Sessions
2be0.235c: root name: type=ALPC Port name=SleepstudyControlPort
2be0.235c: root name: type=Directory name=ArcName
2be0.235c: root name: type=Job name=Container_MicrosoftWindows.Client.WebExperience_526.1202.40.0_x64__cw5n1h2txyewy-S-1-5-21-359037657-705991866-1087044336-1001
2be0.235c: root name: type=FilterConnectionPort name=WcifsPort
2be0.235c: root name: type=Directory name=NLS
2be0.235c: root name: type=Event name=LanmanServerAnnounceEvent
2be0.235c: root name: type=ALPC Port name=ThemeApiPort
2be0.235c: root name: type=Directory name=Windows
2be0.235c: root name: type=Directory name=GLOBAL??
2be0.235c: root name: type=Job name=Container_5319275A.WhatsAppDesktop_2.2606.102.0_x64__cv1g1gvanyjgm-S-1-5-21-359037657-705991866-1087044336-1001
2be0.235c: root name: type=FilterConnectionPort name=MicrosoftDataLossPreventionControlPort
2be0.235c: root name: type=Event name=SETUP_LAUNCH_CLAIMED
2be0.235c: root name: type=Directory name=RPC Control
2be0.235c: root name: type=ALPC Port name=PdcPort
2be0.235c: root name: type=FilterConnectionPort name=MFESECNotifyPort
2be0.235c: root name: type=Event name=EFSInitEvent
2be0.235c: root name: type=FilterConnectionPort name=MicrosoftDataLossPreventionRemoteIoPort
2be0.235c: root name: type=SymbolicLink name=Dfs
2be0.235c: root name: type=Device name=clfs
2be0.235c: root name: type=Event name=CsrSbSyncEvent
2be0.235c: root name: type=ALPC Port name=SeRmCommandPort
2be0.235c: root name: type=FilterConnectionPort name=aswFsBlkPort
2be0.235c: root name: type=Job name=Container_Microsoft.WindowsNotepad_11.2510.14.0_x64__8wekyb3d8bbwe-S-1-5-21-359037657-705991866-1087044336-1001
2be0.235c: root name: type=SymbolicLink name=DosDevices
2be0.235c: root name: type=Job name=Container_Microsoft.DesktopAppInstaller_1.27.460.0_x64__8wekyb3d8bbwe-S-1-5-21-359037657-705991866-1087044336-1001
2be0.235c: root name: type=Directory name=KnownDlls32
2be0.235c: root name: type=Key name=REGISTRY
2be0.235c: root name: type=Directory name=BaseNamedObjects
2be0.235c: root name: type=FilterConnectionPort name=WinSetupMonPort
2be0.235c: root name: type=FilterConnectionPort name=MicrosoftDataLossPreventionVeryLowIoPort
2be0.235c: root name: type=ALPC Port name=PowerPort
2be0.235c: root name: type=Job name=Container_Microsoft.OneDriveSync_26022.203.6.0_neutral__8wekyb3d8bbwe-S-1-5-21-359037657-705991866-1087044336-1001
2be0.235c: root name: type=ALPC Port name=SmSsWinStationApiPort
2be0.235c: root name: type=Event name=UniqueInteractiveSessionIdEvent
2be0.235c: root name: type=Directory name=UMDFCommunicationPorts
2be0.235c: root name: type=Device name=FatCdrom
2be0.235c: root name: type=Device name=Fat
2be0.235c: root name: type=Directory name=KnownDlls
2be0.235c: root name: type=ALPC Port name=PowerMonitorPort
2be0.235c: root name: type=Job name=Container_Microsoft.Copilot_1.25121.84.0_x64__8wekyb3d8bbwe-S-1-5-21-359037657-705991866-1087044336-1001
2be0.235c: root name: type=Device name=Ntfs
2be0.235c: root name: type=Directory name=FileSystem
2be0.235c: root name: type=Directory name=KernelObjects
2be0.235c: root name: type=Job name=Container_Microsoft.WidgetsPlatformRuntime_1.6.14.0_x64__8wekyb3d8bbwe-S-1-5-21-359037657-705991866-1087044336-1001
2be0.235c: root name: type=FilterConnectionPort name=MicrosoftMalwareProtectionControlPortWD
2be0.235c: root name: type=ALPC Port name=SeLsaCommandPort
2be0.235c: root name: type=Directory name=Callback
2be0.235c: root name: type=Job name=Container_MicrosoftWindows.Client.CBS_1000.26100.291.0_x64__cw5n1h2txyewy-S-1-5-21-359037657-705991866-1087044336-1001
2be0.235c: root name: type=FilterConnectionPort name=MicrosoftDataLossPreventionAsyncPort
2be0.235c: root name: type=Job name=Container_MicrosoftWindows.CrossDevice_1.26011.30.0_x64__cw5n1h2txyewy-S-1-5-21-359037657-705991866-1087044336-1001
2be0.235c: root name: type=FilterConnectionPort name=BindFltPort
2be0.235c: root name: type=Directory name=DriverStore
2be0.235c: root name: type=Directory name=Security
2be0.235c: root name: type=Job name=Container_Microsoft.WindowsTerminal_1.23.20211.0_x64__8wekyb3d8bbwe-S-1-5-21-359037657-705991866-1087044336-1001
2be0.235c: root name: type=Event name=LSA_ISO_READY
2be0.235c: root name: type=Job name=Container_Microsoft.YourPhone_1.26011.42.0_x64__8wekyb3d8bbwe-S-1-5-21-359037657-705991866-1087044336-1001
2be0.235c: root name: type=FilterConnectionPort name=MicrosoftMalwareProtectionAsyncPortWD
2be0.235c: root name: type=Directory name=Device
2be0.235c: root name: type=SymbolicLink name=DriverData
2be0.235c: root name: type=Job name=Container_Microsoft.MicrosoftOfficeHub_19.2602.54091.0_x64__8wekyb3d8bbwe-S-1-5-21-359037657-705991866-1087044336-1001
2be0.235c: root name: type=ALPC Port name=SmApiPort
2be0.235c: root name: type=FilterConnectionPort name=MicrosoftMalwareProtectionPortWD
2be0.235c: root name: type=FilterConnectionPort name=CLDMSGPORT
2be0.235c: root name: type=SymbolicLink name=OSDataRoot
2be0.235c: root name: type=Event name=SAM_SERVICE_STARTED
2be0.235c: root name: type=Directory name=Driver
2be0.235c: root name: type=SymbolicLink name=DriverStores
2be0.235c: NtOpenDirectoryObject failed on '\Driver': 0xc0000022
2be0.235c: \SystemRoot\System32\drivers\aswMonFlt.sys: (new adversary 0x4)
2be0.235c:     CreationTime:    2026-01-15T19:10:42.645121000Z
2be0.235c:     LastWriteTime:   2026-02-10T21:09:31.955805600Z
2be0.235c:     ChangeTime:      2026-03-02T02:35:31.421565800Z
2be0.235c:     FileAttributes:  0x20
2be0.235c:     Size:            0x46c60
2be0.235c:     NT Headers:      0xf0
2be0.235c:     Timestamp:       0x69788d0a
2be0.235c:     Machine:         0x8664 - amd64
2be0.235c:     Timestamp:       0x69788d0a
2be0.235c:     Image Version:   10.0
2be0.235c:     SizeOfImage:     0x4d000 (315392)
2be0.235c:     Resource Dir:    0x4b000 LB 0x3b0
2be0.235c:     [Version info resource found at 0x48! (ID/Name: 0x1; SubID/SubName: 0x409)]
2be0.235c:     [Raw version resource data: 0x4b058 LB 0x358, codepage 0x0 (reserved 0x0)]
2be0.235c:     ProductName:     Antivirus
2be0.235c:     ProductVersion:  26.1.943.0
2be0.235c:     FileVersion:     26.1.943.0
2be0.235c:     FileDescription: Gen File System Filter
2be0.235c: \SystemRoot\System32\drivers\aswRdr2.sys:
2be0.235c:     CreationTime:    2026-01-15T19:10:42.635419200Z
2be0.235c:     LastWriteTime:   2026-02-10T21:09:31.923494100Z
2be0.235c:     ChangeTime:      2026-03-02T02:35:31.421565800Z
2be0.235c:     FileAttributes:  0x20
2be0.235c:     Size:            0x17c60
2be0.235c:     NT Headers:      0xe8
2be0.235c:     Timestamp:       0x69788cf9
2be0.235c:     Machine:         0x8664 - amd64
2be0.235c:     Timestamp:       0x69788cf9
2be0.235c:     Image Version:   10.0
2be0.235c:     SizeOfImage:     0x1b000 (110592)
2be0.235c:     Resource Dir:    0x19000 LB 0x3a8
2be0.235c:     [Version info resource found at 0x48! (ID/Name: 0x1; SubID/SubName: 0x409)]
2be0.235c:     [Raw version resource data: 0x19058 LB 0x350, codepage 0x0 (reserved 0x0)]
2be0.235c:     ProductName:     Antivirus
2be0.235c:     ProductVersion:  26.1.943.0
2be0.235c:     FileVersion:     26.1.943.0
2be0.235c:     FileDescription: Gen WFP Redirect Driver
2be0.235c: \SystemRoot\System32\drivers\aswRvrt.sys:
2be0.235c:     CreationTime:    2026-01-15T19:10:42.651188800Z
2be0.235c:     LastWriteTime:   2026-02-10T21:09:32.051695800Z
2be0.235c:     ChangeTime:      2026-03-02T02:35:31.421565800Z
2be0.235c:     FileAttributes:  0x20
2be0.235c:     Size:            0x11e60
2be0.235c:     NT Headers:      0xf0
2be0.235c:     Timestamp:       0x69788cf8
2be0.235c:     Machine:         0x8664 - amd64
2be0.235c:     Timestamp:       0x69788cf8
2be0.235c:     Image Version:   10.0
2be0.235c:     SizeOfImage:     0x14000 (81920)
2be0.235c:     Resource Dir:    0x12000 LB 0x390
2be0.235c:     [Version info resource found at 0x48! (ID/Name: 0x1; SubID/SubName: 0x409)]
2be0.235c:     [Raw version resource data: 0x12058 LB 0x338, codepage 0x0 (reserved 0x0)]
2be0.235c:     ProductName:     Antivirus
2be0.235c:     ProductVersion:  26.1.943.0
2be0.235c:     FileVersion:     26.1.943.0
2be0.235c:     FileDescription: Gen Revert
2be0.235c: \SystemRoot\System32\drivers\aswSnx.sys:
2be0.235c:     CreationTime:    2026-02-10T21:09:45.961239800Z
2be0.235c:     LastWriteTime:   2026-02-10T21:09:04.464361200Z
2be0.235c:     ChangeTime:      2026-03-02T02:35:31.423567300Z
2be0.235c:     FileAttributes:  0x20
2be0.235c:     Size:            0xdb660
2be0.235c:     NT Headers:      0x100
2be0.235c:     Timestamp:       0x69788d06
2be0.235c:     Machine:         0x8664 - amd64
2be0.235c:     Timestamp:       0x69788d06
2be0.235c:     Image Version:   10.0
2be0.235c:     SizeOfImage:     0xe0000 (917504)
2be0.235c:     Resource Dir:    0xde000 LB 0x3b0
2be0.235c:     [Version info resource found at 0x48! (ID/Name: 0x1; SubID/SubName: 0x409)]
2be0.235c:     [Raw version resource data: 0xde058 LB 0x354, codepage 0x0 (reserved 0x0)]
2be0.235c:     ProductName:     Antivirus
2be0.235c:     ProductVersion:  26.1.943.0
2be0.235c:     FileVersion:     26.1.943.0
2be0.235c:     FileDescription: Gen Virtualization Driver
2be0.235c: \SystemRoot\System32\drivers\aswsp.sys:
2be0.235c:     CreationTime:    2026-01-15T19:10:42.656175500Z
2be0.235c:     LastWriteTime:   2026-02-10T21:09:32.035618600Z
2be0.235c:     ChangeTime:      2026-03-02T02:35:31.423567300Z
2be0.235c:     FileAttributes:  0x20
2be0.235c:     Size:            0x141260
2be0.235c:     NT Headers:      0xf8
2be0.235c:     Timestamp:       0x69788d04
2be0.235c:     Machine:         0x8664 - amd64
2be0.235c:     Timestamp:       0x69788d04
2be0.235c:     Image Version:   10.0
2be0.235c:     SizeOfImage:     0x146000 (1335296)
2be0.235c:     Resource Dir:    0x143000 LB 0x398
2be0.235c:     [Version info resource found at 0x48! (ID/Name: 0x1; SubID/SubName: 0x409)]
2be0.235c:     [Raw version resource data: 0x143058 LB 0x340, codepage 0x0 (reserved 0x0)]
2be0.235c:     ProductName:     Antivirus
2be0.235c:     ProductVersion:  26.1.943.0
2be0.235c:     FileVersion:     26.1.943.0
2be0.235c:     FileDescription: Gen Self Protection
2be0.235c: \SystemRoot\System32\drivers\aswStm.sys:
2be0.235c:     CreationTime:    2026-02-10T21:09:46.201498100Z
2be0.235c:     LastWriteTime:   2026-02-10T21:09:32.592608000Z
2be0.235c:     ChangeTime:      2026-03-02T02:35:31.423567300Z
2be0.235c:     FileAttributes:  0x20
2be0.235c:     Size:            0x38660
2be0.235c:     NT Headers:      0xf8
2be0.235c:     Timestamp:       0x69788cfa
2be0.235c:     Machine:         0x8664 - amd64
2be0.235c:     Timestamp:       0x69788cfa
2be0.235c:     Image Version:   10.0
2be0.235c:     SizeOfImage:     0x3d000 (249856)
2be0.235c:     Resource Dir:    0x3b000 LB 0x3a0
2be0.235c:     [Version info resource found at 0x48! (ID/Name: 0x1; SubID/SubName: 0x409)]
2be0.235c:     [Raw version resource data: 0x3b058 LB 0x344, codepage 0x0 (reserved 0x0)]
2be0.235c:     ProductName:     Antivirus
2be0.235c:     ProductVersion:  26.1.943.0
2be0.235c:     FileVersion:     26.1.943.0
2be0.235c:     FileDescription: Gen Stream Filter
2be0.235c: \SystemRoot\System32\drivers\aswVmm.sys:
2be0.235c:     CreationTime:    2026-02-10T21:09:46.217450000Z
2be0.235c:     LastWriteTime:   2026-02-10T21:09:37.790894000Z
2be0.235c:     ChangeTime:      2026-03-02T02:35:31.423567300Z
2be0.235c:     FileAttributes:  0x20
2be0.235c:     Size:            0x62a60
2be0.235c:     NT Headers:      0xf0
2be0.235c:     Timestamp:       0x69788d02
2be0.235c:     Machine:         0x8664 - amd64
2be0.235c:     Timestamp:       0x69788d02
2be0.235c:     Image Version:   10.0
2be0.235c:     SizeOfImage:     0x65000 (413696)
2be0.235c:     Resource Dir:    0x63000 LB 0x398
2be0.235c:     [Version info resource found at 0x48! (ID/Name: 0x1; SubID/SubName: 0x409)]
2be0.235c:     [Raw version resource data: 0x63058 LB 0x340, codepage 0x0 (reserved 0x0)]
2be0.235c:     ProductName:     Antivirus
2be0.235c:     ProductVersion:  26.1.943.0
2be0.235c:     FileVersion:     26.1.943.0
2be0.235c:     FileDescription: Gen VM Monitor
2be0.235c: supR3HardenedWinFindAdversaries: 0x4
2be0.235c: supR3HardenedWinInitAppBin(0x0): '\Device\HarddiskVolume3\Program Files\Oracle\VirtualBox'
2be0.235c: Calling main()
2be0.235c: SUPR3HardenedMain: pszProgName=VirtualBoxVM fFlags=0x2
2be0.235c: supR3HardenedWinInitAppBin(0x2): '\Device\HarddiskVolume3\Program Files\Oracle\VirtualBox'
2be0.235c: SUPR3HardenedMain: Respawn #1
2be0.235c: System32:  \Device\HarddiskVolume3\Windows\System32
2be0.235c: WinSxS:    \Device\HarddiskVolume3\Windows\WinSxS
2be0.235c: KnownDllPath: C:\WINDOWS\System32
2be0.235c: supR3HardenedWinInit: Performing a limited self purification...
2be0.235c: supHardNtVpScanVirtualMemory: enmKind=SELF_PURIFICATION
2be0.235c:  *0000000000000000-000000007ffdffff 0x0001/0x0000 0x0000000
2be0.235c:  *000000007ffe0000-000000007ffe0fff 0x0002/0x0002 0x0020000
2be0.235c:   000000007ffe1000-000000007ffe3fff 0x0001/0x0000 0x0000000
2be0.235c:  *000000007ffe4000-000000007ffe4fff 0x0002/0x0002 0x0020000
2be0.235c:   000000007ffe5000-0000001ad580ffff 0x0001/0x0000 0x0000000
2be0.235c:  *0000001ad5810000-0000001ad58c0fff 0x0000/0x0004 0x0020000
2be0.235c:   0000001ad58c1000-0000001ad58c3fff 0x0104/0x0004 0x0020000
2be0.235c:   0000001ad58c4000-0000001ad590ffff 0x0004/0x0004 0x0020000
2be0.235c:   0000001ad5910000-0000001ad59fffff 0x0001/0x0000 0x0000000
2be0.235c:  *0000001ad5a00000-0000001ad5b39fff 0x0000/0x0004 0x0020000
2be0.235c:   0000001ad5b3a000-0000001ad5b3cfff 0x0004/0x0004 0x0020000
2be0.235c:   0000001ad5b3d000-0000001ad5bfffff 0x0000/0x0004 0x0020000
2be0.235c:   0000001ad5c00000-0000017dae03ffff 0x0001/0x0000 0x0000000
2be0.235c:  *0000017dae040000-0000017dae040fff 0x0004/0x0004 0x0040000
2be0.235c:   0000017dae041000-0000017dae041fff 0x0000/0x0004 0x0040000
2be0.235c:   0000017dae042000-0000017dae04ffff 0x0001/0x0000 0x0000000
2be0.235c:  *0000017dae050000-0000017dae05ffff 0x0004/0x0004 0x0040000
2be0.235c:  *0000017dae060000-0000017dae089fff 0x0002/0x0002 0x0040000
2be0.235c:   0000017dae08a000-0000017dae08ffff 0x0001/0x0000 0x0000000
2be0.235c:  *0000017dae090000-0000017dae093fff 0x0002/0x0002 0x0040000
2be0.235c:   0000017dae094000-0000017dae09ffff 0x0001/0x0000 0x0000000
2be0.235c:  *0000017dae0a0000-0000017dae0a0fff 0x0002/0x0002 0x0040000
2be0.235c:   0000017dae0a1000-0000017dae0affff 0x0001/0x0000 0x0000000
2be0.235c:  *0000017dae0b0000-0000017dae0b1fff 0x0004/0x0004 0x0020000
2be0.235c:   0000017dae0b2000-0000017dae0bffff 0x0001/0x0000 0x0000000
2be0.235c:  *0000017dae0c0000-0000017dae0c2fff 0x0002/0x0002 0x0040000
2be0.235c:   0000017dae0c3000-0000017dae0cffff 0x0001/0x0000 0x0000000
2be0.235c:  *0000017dae0d0000-0000017dae0d8fff 0x0002/0x0002 0x0040000
2be0.235c:   0000017dae0d9000-0000017dae0dffff 0x0001/0x0000 0x0000000
2be0.235c:  *0000017dae0e0000-0000017dae0e8fff 0x0002/0x0002 0x0040000
2be0.235c:   0000017dae0e9000-0000017dae0effff 0x0001/0x0000 0x0000000
2be0.235c:  *0000017dae0f0000-0000017dae0f2fff 0x0002/0x0002 0x0040000
2be0.235c:   0000017dae0f3000-0000017dae0fffff 0x0001/0x0000 0x0000000
2be0.235c:  *0000017dae100000-0000017dae102fff 0x0002/0x0002 0x0040000
2be0.235c:   0000017dae103000-0000017dae10ffff 0x0001/0x0000 0x0000000
2be0.235c:  *0000017dae110000-0000017dae112fff 0x0002/0x0002 0x0040000
2be0.235c:   0000017dae113000-0000017dae11ffff 0x0001/0x0000 0x0000000
2be0.235c:  *0000017dae120000-0000017dae1f2fff 0x0002/0x0002 0x0040000
2be0.235c:   0000017dae1f3000-0000017daeffffff 0x0001/0x0000 0x0000000
2be0.235c:  *0000017daf000000-0000017daf001fff 0x0004/0x0004 0x0020000
2be0.235c:   0000017daf002000-0000017daf0fffff 0x0000/0x0004 0x0020000
2be0.235c:   0000017daf100000-0000017daf10efff 0x0004/0x0004 0x0020000
2be0.235c:   0000017daf10f000-0000017daf112fff 0x0000/0x0004 0x0020000
2be0.235c:   0000017daf113000-0000017daf116fff 0x0004/0x0004 0x0020000
2be0.235c:   0000017daf117000-0000017daf1fffff 0x0000/0x0004 0x0020000
2be0.235c:   0000017daf200000-0000017daf200fff 0x0004/0x0004 0x0020000
2be0.235c:   0000017daf201000-0000017daf2fffff 0x0000/0x0004 0x0020000
2be0.235c:   0000017daf300000-0000017daf302fff 0x0004/0x0004 0x0020000
2be0.235c:   0000017daf303000-0000017daf3fffff 0x0000/0x0004 0x0020000
2be0.235c:   0000017daf400000-0000017daf401fff 0x0004/0x0004 0x0020000
2be0.235c:   0000017daf402000-0000017daf4fffff 0x0000/0x0004 0x0020000
2be0.235c:   0000017daf500000-0000017daf511fff 0x0004/0x0004 0x0020000
2be0.235c:   0000017daf512000-0000017daf512fff 0x0000/0x0004 0x0020000
2be0.235c:   0000017daf513000-0000017daf52dfff 0x0004/0x0004 0x0020000
2be0.235c:   0000017daf52e000-0000017daf52efff 0x0000/0x0004 0x0020000
2be0.235c:   0000017daf52f000-0000017daf53efff 0x0004/0x0004 0x0020000
2be0.235c:   0000017daf53f000-0000017daf547fff 0x0000/0x0004 0x0020000
2be0.235c:   0000017daf548000-0000017daf548fff 0x0004/0x0004 0x0020000
2be0.235c:   0000017daf549000-0000017dafffffff 0x0000/0x0004 0x0020000
2be0.235c:  *0000017db0000000-0000017db0001fff 0x0004/0x0004 0x0020000
2be0.235c:   0000017db0002000-0000017db000ffff 0x0000/0x0004 0x0020000
2be0.235c:   0000017db0010000-0000017db0277fff 0x0004/0x0004 0x0020000
2be0.235c:   0000017db0278000-0000017db0ffffff 0x0000/0x0004 0x0020000
2be0.235c:   0000017db1000000-00007df44e4affff 0x0001/0x0000 0x0000000
2be0.235c:  *00007df44e4b0000-00007df44e4b4fff 0x0002/0x0002 0x0040000
2be0.235c:   00007df44e4b5000-00007df44e5affff 0x0000/0x0002 0x0040000
2be0.235c:  *00007df44e5b0000-00007df451564fff 0x0000/0x0004 0x0020000
2be0.235c:   00007df451565000-00007df451566fff 0x0004/0x0004 0x0020000
2be0.235c:   00007df451567000-00007df54e5affff 0x0000/0x0004 0x0020000
2be0.235c:   00007df54e5b0000-00007df54e5b0fff 0x0004/0x0004 0x0020000
2be0.235c:   00007df54e5b1000-00007df54e5cffff 0x0000/0x0004 0x0020000
2be0.235c:  *00007df54e5d0000-00007df54e62efff 0x0000/0x0004 0x0020000
2be0.235c:   00007df54e62f000-00007df54e62ffff 0x0004/0x0004 0x0020000
2be0.235c:   00007df54e630000-00007df5505cffff 0x0000/0x0004 0x0020000
2be0.235c:   00007df5505d0000-00007df5505d0fff 0x0004/0x0004 0x0020000
2be0.235c:   00007df5505d1000-00007df5505dffff 0x0001/0x0000 0x0000000
2be0.235c:  *00007df5505e0000-00007df5505e0fff 0x0002/0x0002 0x0040000
2be0.235c:   00007df5505e1000-00007df5505effff 0x0001/0x0000 0x0000000
2be0.235c:  *00007df5505f0000-00007df551ee0fff 0x0000/0x0001 0x0040000
2be0.235c:   00007df551ee1000-00007df551eeefff 0x0001/0x0001 0x0040000
2be0.235c:   00007df551eef000-00007df5523e2fff 0x0000/0x0001 0x0040000
2be0.235c:   00007df5523e3000-00007df5523e3fff 0x0001/0x0001 0x0040000
2be0.235c:   00007df5523e4000-00007ff52a1a5fff 0x0000/0x0001 0x0040000
2be0.235c:   00007ff52a1a6000-00007ff52a1aafff 0x0002/0x0001 0x0040000
2be0.235c:   00007ff52a1ab000-00007ff548c9bfff 0x0000/0x0001 0x0040000
2be0.235c:   00007ff548c9c000-00007ff54c672fff 0x0001/0x0001 0x0040000
2be0.235c:   00007ff54c673000-00007ff54c675fff 0x0002/0x0001 0x0040000
2be0.235c:   00007ff54c676000-00007ff54c7c4fff 0x0001/0x0001 0x0040000
2be0.235c:   00007ff54c7c5000-00007ff54c7d5fff 0x0002/0x0001 0x0040000
2be0.235c:   00007ff54c7d6000-00007ff54c861fff 0x0001/0x0001 0x0040000
2be0.235c:   00007ff54c862000-00007ff54c865fff 0x0002/0x0001 0x0040000
2be0.235c:   00007ff54c866000-00007ff54c8a1fff 0x0001/0x0001 0x0040000
2be0.235c:   00007ff54c8a2000-00007ff54c8abfff 0x0002/0x0001 0x0040000
2be0.235c:   00007ff54c8ac000-00007ff5505effff 0x0000/0x0001 0x0040000
2be0.235c:   00007ff5505f0000-00007ff66ed7ffff 0x0001/0x0000 0x0000000
2be0.235c:  *00007ff66ed80000-00007ff66ed80fff 0x0002/0x0080 0x1000000  \Device\HarddiskVolume3\Program Files\Oracle\VirtualBox\VirtualBoxVM.exe
2be0.235c:   00007ff66ed81000-00007ff66edecfff 0x0020/0x0080 0x1000000  \Device\HarddiskVolume3\Program Files\Oracle\VirtualBox\VirtualBoxVM.exe
2be0.235c:   00007ff66eded000-00007ff66ededfff 0x0080/0x0080 0x1000000  \Device\HarddiskVolume3\Program Files\Oracle\VirtualBox\VirtualBoxVM.exe
2be0.235c:   00007ff66edee000-00007ff66ee42fff 0x0002/0x0080 0x1000000  \Device\HarddiskVolume3\Program Files\Oracle\VirtualBox\VirtualBoxVM.exe
2be0.235c:   00007ff66ee43000-00007ff66ee45fff 0x0004/0x0080 0x1000000  \Device\HarddiskVolume3\Program Files\Oracle\VirtualBox\VirtualBoxVM.exe
2be0.235c:   00007ff66ee46000-00007ff66ee49fff 0x0008/0x0080 0x1000000  \Device\HarddiskVolume3\Program Files\Oracle\VirtualBox\VirtualBoxVM.exe
2be0.235c:   00007ff66ee4a000-00007ff66ee4efff 0x0004/0x0080 0x1000000  \Device\HarddiskVolume3\Program Files\Oracle\VirtualBox\VirtualBoxVM.exe
2be0.235c:   00007ff66ee4f000-00007ff66ee4ffff 0x0008/0x0080 0x1000000  \Device\HarddiskVolume3\Program Files\Oracle\VirtualBox\VirtualBoxVM.exe
2be0.235c:   00007ff66ee50000-00007ff66ee8afff 0x0002/0x0080 0x1000000  \Device\HarddiskVolume3\Program Files\Oracle\VirtualBox\VirtualBoxVM.exe
2be0.235c:   00007ff66ee8b000-00007fff020cffff 0x0001/0x0000 0x0000000
2be0.235c:  *00007fff020d0000-00007fff020d0fff 0x0002/0x0080 0x1000000  \Device\HarddiskVolume3\Windows\System32\apphelp.dll
2be0.235c:   00007fff020d1000-00007fff02129fff 0x0020/0x0080 0x1000000  \Device\HarddiskVolume3\Windows\System32\apphelp.dll
2be0.235c:   00007fff0212a000-00007fff0214ffff 0x0002/0x0080 0x1000000  \Device\HarddiskVolume3\Windows\System32\apphelp.dll
2be0.235c:   00007fff02150000-00007fff02151fff 0x0004/0x0080 0x1000000  \Device\HarddiskVolume3\Windows\System32\apphelp.dll
2be0.235c:   00007fff02152000-00007fff0216dfff 0x0002/0x0080 0x1000000  \Device\HarddiskVolume3\Windows\System32\apphelp.dll
2be0.235c:   00007fff0216e000-00007fff0755ffff 0x0001/0x0000 0x0000000
2be0.235c:  *00007fff07560000-00007fff07560fff 0x0002/0x0080 0x1000000  \Device\HarddiskVolume3\Windows\System32\KernelBase.dll
2be0.235c:   00007fff07561000-00007fff07705fff 0x0020/0x0080 0x1000000  \Device\HarddiskVolume3\Windows\System32\KernelBase.dll
2be0.235c:   00007fff07706000-00007fff078f7fff 0x0002/0x0080 0x1000000  \Device\HarddiskVolume3\Windows\System32\KernelBase.dll
2be0.235c:   00007fff078f8000-00007fff078fbfff 0x0004/0x0080 0x1000000  \Device\HarddiskVolume3\Windows\System32\KernelBase.dll
2be0.235c:   00007fff078fc000-00007fff078fcfff 0x0008/0x0080 0x1000000  \Device\HarddiskVolume3\Windows\System32\KernelBase.dll
2be0.235c:   00007fff078fd000-00007fff07900fff 0x0004/0x0080 0x1000000  \Device\HarddiskVolume3\Windows\System32\KernelBase.dll
2be0.235c:   00007fff07901000-00007fff07901fff 0x0008/0x0080 0x1000000  \Device\HarddiskVolume3\Windows\System32\KernelBase.dll
2be0.235c:   00007fff07902000-00007fff07902fff 0x0004/0x0080 0x1000000  \Device\HarddiskVolume3\Windows\System32\KernelBase.dll
2be0.235c:   00007fff07903000-00007fff07950fff 0x0002/0x0080 0x1000000  \Device\HarddiskVolume3\Windows\System32\KernelBase.dll
2be0.235c:   00007fff07951000-00007fff09c9ffff 0x0001/0x0000 0x0000000
2be0.235c:  *00007fff09ca0000-00007fff09ca0fff 0x0002/0x0080 0x1000000  \Device\HarddiskVolume3\Windows\System32\kernel32.dll
2be0.235c:   00007fff09ca1000-00007fff09d26fff 0x0020/0x0080 0x1000000  \Device\HarddiskVolume3\Windows\System32\kernel32.dll
2be0.235c:   00007fff09d27000-00007fff09d5efff 0x0002/0x0080 0x1000000  \Device\HarddiskVolume3\Windows\System32\kernel32.dll
2be0.235c:   00007fff09d5f000-00007fff09d60fff 0x0004/0x0080 0x1000000  \Device\HarddiskVolume3\Windows\System32\kernel32.dll
2be0.235c:   00007fff09d61000-00007fff09d68fff 0x0002/0x0080 0x1000000  \Device\HarddiskVolume3\Windows\System32\kernel32.dll
2be0.235c:   00007fff09d69000-00007fff0ac7ffff 0x0001/0x0000 0x0000000
2be0.235c:  *00007fff0ac80000-00007fff0ac80fff 0x0002/0x0080 0x1000000  \Device\HarddiskVolume3\Windows\System32\ntdll.dll
2be0.235c:   00007fff0ac81000-00007fff0adf2fff 0x0020/0x0080 0x1000000  \Device\HarddiskVolume3\Windows\System32\ntdll.dll
2be0.235c:   00007fff0adf3000-00007fff0ae4bfff 0x0002/0x0080 0x1000000  \Device\HarddiskVolume3\Windows\System32\ntdll.dll
2be0.235c:   00007fff0ae4c000-00007fff0ae55fff 0x0004/0x0080 0x1000000  \Device\HarddiskVolume3\Windows\System32\ntdll.dll
2be0.235c:   00007fff0ae56000-00007fff0aee7fff 0x0002/0x0080 0x1000000  \Device\HarddiskVolume3\Windows\System32\ntdll.dll
2be0.235c:   00007fff0aee8000-00007ffffffeffff 0x0001/0x0000 0x0000000
2be0.235c: kernel32.dll: timestamp 0x9db26d02 (rc=VINF_SUCCESS)
2be0.235c: kernelbase.dll: timestamp 0xad803701 (rc=VINF_SUCCESS)
2be0.235c: apphelp.dll: timestamp 0x3f1a9346 (rc=VINF_SUCCESS)
2be0.235c: VirtualBoxVM.exe: timestamp 0x697cda2e (rc=VINF_SUCCESS)
2be0.235c: '\Device\HarddiskVolume3\Program Files\Oracle\VirtualBox\VirtualBoxVM.exe' has no imports
2be0.235c: VirtualBoxVM.exe: Differences in section #7 (.00cfg) between file and memory:
2be0.235c:   00007ff66ee57000 / 0x00d7000: a0 != 30
2be0.235c:   00007ff66ee57001 / 0x00d7001: ec != 16
2be0.235c:   00007ff66ee57002 / 0x00d7002: d9 != da
2be0.235c:   00007ff66ee57003 / 0x00d7003: 6e != 0a
2be0.235c:   00007ff66ee57004 / 0x00d7004: f6 != ff
2be0.235c:   00007ff66ee57008 / 0x00d7008: a0 != 30
2be0.235c:   00007ff66ee57009 / 0x00d7009: ec != 16
2be0.235c:   00007ff66ee5700a / 0x00d700a: d9 != da
2be0.235c:   00007ff66ee5700b / 0x00d700b: 6e != 0a
2be0.235c:   00007ff66ee5700c / 0x00d700c: f6 != ff
2be0.235c:   00007ff66ee57010 / 0x00d7010: f0 != d0
2be0.235c:   00007ff66ee57011 / 0x00d7011: bf != 16
2be0.235c:   00007ff66ee57012 / 0x00d7012: de != da
2be0.235c:   00007ff66ee57013 / 0x00d7013: 6e != 0a
2be0.235c:   00007ff66ee57014 / 0x00d7014: f6 != ff
2be0.235c:   00007ff66ee57018 / 0x00d7018: 10 != d0
2be0.235c:   00007ff66ee57019 / 0x00d7019: c0 != 16
2be0.235c:   00007ff66ee5701a / 0x00d701a: de != da
2be0.235c:   00007ff66ee5701b / 0x00d701b: 6e != 0a
2be0.235c:   00007ff66ee5701c / 0x00d701c: f6 != ff
2be0.235c:   00007ff66ee57020 / 0x00d7020: 10 != d0
2be0.235c:   00007ff66ee57021 / 0x00d7021: c0 != 16
2be0.235c:   00007ff66ee57022 / 0x00d7022: de != da
2be0.235c:   00007ff66ee57023 / 0x00d7023: 6e != 0a
2be0.235c:   00007ff66ee57024 / 0x00d7024: f6 != ff
2be0.235c:   Restored 0x30 bytes of original file content at 00007ff66ee57000
2be0.235c: VirtualBoxVM.exe: Differences in section #8 (.rsrc) between file and memory:
2be0.235c:   00007ff66ee88b70 / 0x0108b70: 00 != 50
2be0.235c:   00007ff66ee88b71 / 0x0108b71: 00 != 41
2be0.235c:   00007ff66ee88b72 / 0x0108b72: 00 != 44
2be0.235c:   00007ff66ee88b73 / 0x0108b73: 00 != 44
2be0.235c:   00007ff66ee88b74 / 0x0108b74: 00 != 49
2be0.235c:   00007ff66ee88b75 / 0x0108b75: 00 != 4e
2be0.235c:   00007ff66ee88b76 / 0x0108b76: 00 != 47
2be0.235c:   00007ff66ee88b77 / 0x0108b77: 00 != 58
2be0.235c:   00007ff66ee88b78 / 0x0108b78: 00 != 58
2be0.235c:   00007ff66ee88b79 / 0x0108b79: 00 != 50
2be0.235c:   00007ff66ee88b7a / 0x0108b7a: 00 != 41
2be0.235c:   00007ff66ee88b7b / 0x0108b7b: 00 != 44
2be0.235c:   00007ff66ee88b7c / 0x0108b7c: 00 != 44
2be0.235c:   00007ff66ee88b7d / 0x0108b7d: 00 != 49
2be0.235c:   00007ff66ee88b7e / 0x0108b7e: 00 != 4e
2be0.235c:   00007ff66ee88b7f / 0x0108b7f: 00 != 47
2be0.235c:   00007ff66ee88b80 / 0x0108b80: 00 != 50
2be0.235c:   00007ff66ee88b81 / 0x0108b81: 00 != 41
2be0.235c:   00007ff66ee88b82 / 0x0108b82: 00 != 44
2be0.235c:   00007ff66ee88b83 / 0x0108b83: 00 != 44
2be0.235c:   00007ff66ee88b84 / 0x0108b84: 00 != 49
2be0.235c:   00007ff66ee88b85 / 0x0108b85: 00 != 4e
2be0.235c:   00007ff66ee88b86 / 0x0108b86: 00 != 47
2be0.235c:   00007ff66ee88b87 / 0x0108b87: 00 != 58
2be0.235c:   00007ff66ee88b88 / 0x0108b88: 00 != 58
2be0.235c:   00007ff66ee88b89 / 0x0108b89: 00 != 50
2be0.235c:   00007ff66ee88b8a / 0x0108b8a: 00 != 41
2be0.235c:   00007ff66ee88b8b / 0x0108b8b: 00 != 44
2be0.235c:   00007ff66ee88b8c / 0x0108b8c: 00 != 44
2be0.235c:   00007ff66ee88b8d / 0x0108b8d: 00 != 49
2be0.235c:   00007ff66ee88b8e / 0x0108b8e: 00 != 4e
2be0.235c:   00007ff66ee88b8f / 0x0108b8f: 00 != 47
2be0.235c:   00007ff66ee88b90 / 0x0108b90: 00 != 50
2be0.235c:   00007ff66ee88b91 / 0x0108b91: 00 != 41
2be0.235c:   00007ff66ee88b92 / 0x0108b92: 00 != 44
2be0.235c:   00007ff66ee88b93 / 0x0108b93: 00 != 44
2be0.235c:   00007ff66ee88b94 / 0x0108b94: 00 != 49
2be0.235c:   00007ff66ee88b95 / 0x0108b95: 00 != 4e
2be0.235c:   00007ff66ee88b96 / 0x0108b96: 00 != 47
2be0.235c:   00007ff66ee88b97 / 0x0108b97: 00 != 58
2be0.235c:   00007ff66ee88b98 / 0x0108b98: 00 != 58
2be0.235c:   00007ff66ee88b99 / 0x0108b99: 00 != 50
2be0.235c:   00007ff66ee88b9a / 0x0108b9a: 00 != 41
2be0.235c:   00007ff66ee88b9b / 0x0108b9b: 00 != 44
2be0.235c:   00007ff66ee88b9c / 0x0108b9c: 00 != 44
2be0.235c:   00007ff66ee88b9d / 0x0108b9d: 00 != 49
2be0.235c:   00007ff66ee88b9e / 0x0108b9e: 00 != 4e
2be0.235c:   00007ff66ee88b9f / 0x0108b9f: 00 != 47
2be0.235c:   00007ff66ee88ba0 / 0x0108ba0: 00 != 50
2be0.235c:   00007ff66ee88ba1 / 0x0108ba1: 00 != 41
2be0.235c:   00007ff66ee88ba2 / 0x0108ba2: 00 != 44
2be0.235c:   00007ff66ee88ba3 / 0x0108ba3: 00 != 44
2be0.235c:   00007ff66ee88ba4 / 0x0108ba4: 00 != 49
2be0.235c:   00007ff66ee88ba5 / 0x0108ba5: 00 != 4e
2be0.235c:   00007ff66ee88ba6 / 0x0108ba6: 00 != 47
2be0.235c:   00007ff66ee88ba7 / 0x0108ba7: 00 != 58
2be0.235c:   00007ff66ee88ba8 / 0x0108ba8: 00 != 58
2be0.235c:   00007ff66ee88ba9 / 0x0108ba9: 00 != 50
2be0.235c:   00007ff66ee88baa / 0x0108baa: 00 != 41
2be0.235c:   00007ff66ee88bab / 0x0108bab: 00 != 44
2be0.235c:   00007ff66ee88bac / 0x0108bac: 00 != 44
2be0.235c:   00007ff66ee88bad / 0x0108bad: 00 != 49
2be0.235c:   00007ff66ee88bae / 0x0108bae: 00 != 4e
2be0.235c:   00007ff66ee88baf / 0x0108baf: 00 != 47
2be0.235c:   00007ff66ee88bb0 / 0x0108bb0: 00 != 50
2be0.235c:   00007ff66ee88bb1 / 0x0108bb1: 00 != 41
2be0.235c:   00007ff66ee88bb2 / 0x0108bb2: 00 != 44
2be0.235c:   00007ff66ee88bb3 / 0x0108bb3: 00 != 44
2be0.235c:   00007ff66ee88bb4 / 0x0108bb4: 00 != 49
2be0.235c:   00007ff66ee88bb5 / 0x0108bb5: 00 != 4e
2be0.235c:   00007ff66ee88bb6 / 0x0108bb6: 00 != 47
2be0.235c:   00007ff66ee88bb7 / 0x0108bb7: 00 != 58
2be0.235c:   00007ff66ee88bb8 / 0x0108bb8: 00 != 58
2be0.235c:   00007ff66ee88bb9 / 0x0108bb9: 00 != 50
2be0.235c:   00007ff66ee88bba / 0x0108bba: 00 != 41
2be0.235c:   00007ff66ee88bbb / 0x0108bbb: 00 != 44
2be0.235c:   00007ff66ee88bbc / 0x0108bbc: 00 != 44
2be0.235c:   00007ff66ee88bbd / 0x0108bbd: 00 != 49
2be0.235c:   00007ff66ee88bbe / 0x0108bbe: 00 != 4e
2be0.235c:   00007ff66ee88bbf / 0x0108bbf: 00 != 47
2be0.235c:   00007ff66ee88bc0 / 0x0108bc0: 00 != 50
2be0.235c:   00007ff66ee88bc1 / 0x0108bc1: 00 != 41
2be0.235c:   00007ff66ee88bc2 / 0x0108bc2: 00 != 44
2be0.235c:   00007ff66ee88bc3 / 0x0108bc3: 00 != 44
2be0.235c:   00007ff66ee88bc4 / 0x0108bc4: 00 != 49
2be0.235c:   00007ff66ee88bc5 / 0x0108bc5: 00 != 4e
2be0.235c:   00007ff66ee88bc6 / 0x0108bc6: 00 != 47
2be0.235c:   00007ff66ee88bc7 / 0x0108bc7: 00 != 58
2be0.235c:   00007ff66ee88bc8 / 0x0108bc8: 00 != 58
2be0.235c:   00007ff66ee88bc9 / 0x0108bc9: 00 != 50
2be0.235c:   00007ff66ee88bca / 0x0108bca: 00 != 41
2be0.235c:   00007ff66ee88bcb / 0x0108bcb: 00 != 44
2be0.235c:   00007ff66ee88bcc / 0x0108bcc: 00 != 44
2be0.235c:   00007ff66ee88bcd / 0x0108bcd: 00 != 49
2be0.235c:   00007ff66ee88bce / 0x0108bce: 00 != 4e
2be0.235c:   00007ff66ee88bcf / 0x0108bcf: 00 != 47
2be0.235c:   00007ff66ee88bd0 / 0x0108bd0: 00 != 50
2be0.235c:   00007ff66ee88bd1 / 0x0108bd1: 00 != 41
2be0.235c:   00007ff66ee88bd2 / 0x0108bd2: 00 != 44
2be0.235c:   00007ff66ee88bd3 / 0x0108bd3: 00 != 44
2be0.235c:   00007ff66ee88bd4 / 0x0108bd4: 00 != 49
2be0.235c:   00007ff66ee88bd5 / 0x0108bd5: 00 != 4e
2be0.235c:   00007ff66ee88bd6 / 0x0108bd6: 00 != 47
2be0.235c:   00007ff66ee88bd7 / 0x0108bd7: 00 != 58
2be0.235c:   00007ff66ee88bd8 / 0x0108bd8: 00 != 58
2be0.235c:   00007ff66ee88bd9 / 0x0108bd9: 00 != 50
2be0.235c:   00007ff66ee88bda / 0x0108bda: 00 != 41
2be0.235c:   00007ff66ee88bdb / 0x0108bdb: 00 != 44
2be0.235c:   00007ff66ee88bdc / 0x0108bdc: 00 != 44
2be0.235c:   00007ff66ee88bdd / 0x0108bdd: 00 != 49
2be0.235c:   00007ff66ee88bde / 0x0108bde: 00 != 4e
2be0.235c:   00007ff66ee88bdf / 0x0108bdf: 00 != 47
2be0.235c:   00007ff66ee88be0 / 0x0108be0: 00 != 50
2be0.235c:   00007ff66ee88be1 / 0x0108be1: 00 != 41
2be0.235c:   00007ff66ee88be2 / 0x0108be2: 00 != 44
2be0.235c:   00007ff66ee88be3 / 0x0108be3: 00 != 44
2be0.235c:   00007ff66ee88be4 / 0x0108be4: 00 != 49
2be0.235c:   00007ff66ee88be5 / 0x0108be5: 00 != 4e
2be0.235c:   00007ff66ee88be6 / 0x0108be6: 00 != 47
2be0.235c:   00007ff66ee88be7 / 0x0108be7: 00 != 58
2be0.235c:   00007ff66ee88be8 / 0x0108be8: 00 != 58
2be0.235c:   00007ff66ee88be9 / 0x0108be9: 00 != 50
2be0.235c:   00007ff66ee88bea / 0x0108bea: 00 != 41
2be0.235c:   00007ff66ee88beb / 0x0108beb: 00 != 44
2be0.235c:   00007ff66ee88bec / 0x0108bec: 00 != 44
2be0.235c:   00007ff66ee88bed / 0x0108bed: 00 != 49
2be0.235c:   00007ff66ee88bee / 0x0108bee: 00 != 4e
2be0.235c:   00007ff66ee88bef / 0x0108bef: 00 != 47
2be0.235c:   00007ff66ee88bf0 / 0x0108bf0: 00 != 50
2be0.235c:   00007ff66ee88bf1 / 0x0108bf1: 00 != 41
2be0.235c:   00007ff66ee88bf2 / 0x0108bf2: 00 != 44
2be0.235c:   00007ff66ee88bf3 / 0x0108bf3: 00 != 44
2be0.235c:   00007ff66ee88bf4 / 0x0108bf4: 00 != 49
2be0.235c:   00007ff66ee88bf5 / 0x0108bf5: 00 != 4e
2be0.235c:   00007ff66ee88bf6 / 0x0108bf6: 00 != 47
2be0.235c:   00007ff66ee88bf7 / 0x0108bf7: 00 != 58
2be0.235c:   00007ff66ee88bf8 / 0x0108bf8: 00 != 58
2be0.235c:   00007ff66ee88bf9 / 0x0108bf9: 00 != 50
2be0.235c:   00007ff66ee88bfa / 0x0108bfa: 00 != 41
2be0.235c:   00007ff66ee88bfb / 0x0108bfb: 00 != 44
2be0.235c:   00007ff66ee88bfc / 0x0108bfc: 00 != 44
2be0.235c:   00007ff66ee88bfd / 0x0108bfd: 00 != 49
2be0.235c:   00007ff66ee88bfe / 0x0108bfe: 00 != 4e
2be0.235c:   00007ff66ee88bff / 0x0108bff: 00 != 47
2be0.235c:   Restored 0x490 bytes of original file content at 00007ff66ee88b70
2be0.235c: '\Device\HarddiskVolume3\Windows\System32\ntdll.dll' has no imports
2be0.235c: ntdll.dll: Differences in section #13 (.00cfg) between file and memory:
2be0.235c:   00007fff0ae6b000 / 0x01eb000: 10 != d0
2be0.235c:   00007fff0ae6b001 / 0x01eb001: 71 != 16
2be0.235c:   00007fff0ae6b002 / 0x01eb002: de != da
2be0.235c:   00007fff0ae6b008 / 0x01eb008: 60 != 30
2be0.235c:   00007fff0ae6b009 / 0x01eb009: c3 != 16
2be0.235c:   00007fff0ae6b00a / 0x01eb00a: d7 != da
2be0.235c:   00007fff0ae6b010 / 0x01eb010: 40 != d0
2be0.235c:   00007fff0ae6b011 / 0x01eb011: 71 != 16
2be0.235c:   00007fff0ae6b012 / 0x01eb012: de != da
2be0.235c:   00007fff0ae6b018 / 0x01eb018: 40 != d0
2be0.235c:   00007fff0ae6b019 / 0x01eb019: 71 != 16
2be0.235c:   00007fff0ae6b01a / 0x01eb01a: de != da
2be0.235c:   Restored 0x28 bytes of original file content at 00007fff0ae6b000
2be0.235c: kernel32.dll: Differences in section #3 (.rdata) between file and memory:
2be0.235c:   00007fff09d2ba10 / 0x008ba10: c0 != 30
2be0.235c:   00007fff09d2ba11 / 0x008ba11: 85 != 16
2be0.235c:   00007fff09d2ba12 / 0x008ba12: cf != da
2be0.235c:   00007fff09d2ba13 / 0x008ba13: 09 != 0a
2be0.235c:   00007fff09d2ba18 / 0x008ba18: 80 != d0
2be0.235c:   00007fff09d2ba19 / 0x008ba19: 43 != 16
2be0.235c:   00007fff09d2ba1a / 0x008ba1a: d2 != da
2be0.235c:   00007fff09d2ba1b / 0x008ba1b: 09 != 0a
2be0.235c:   00007fff09d2ba20 / 0x008ba20: c0 != 30
2be0.235c:   00007fff09d2ba21 / 0x008ba21: 85 != 16
2be0.235c:   00007fff09d2ba22 / 0x008ba22: cf != da
2be0.235c:   00007fff09d2ba23 / 0x008ba23: 09 != 0a
2be0.235c:   00007fff09d2ba28 / 0x008ba28: b0 != d0
2be0.235c:   00007fff09d2ba29 / 0x008ba29: 43 != 16
2be0.235c:   00007fff09d2ba2a / 0x008ba2a: d2 != da
2be0.235c:   00007fff09d2ba2b / 0x008ba2b: 09 != 0a
2be0.235c:   00007fff09d2ba30 / 0x008ba30: b0 != d0
2be0.235c:   00007fff09d2ba31 / 0x008ba31: 43 != 16
2be0.235c:   00007fff09d2ba32 / 0x008ba32: d2 != da
2be0.235c:   00007fff09d2ba33 / 0x008ba33: 09 != 0a
2be0.235c:   Restored 0x2000 bytes of original file content at 00007fff09d2b000
2be0.235c: kernelbase.dll: Differences in section #3 (.rdata) between file and memory:
2be0.235c:   00007fff077f1d90 / 0x0291d90: 70 != 30
2be0.235c:   00007fff077f1d91 / 0x0291d91: 42 != 16
2be0.235c:   00007fff077f1d92 / 0x0291d92: 68 != da
2be0.235c:   00007fff077f1d93 / 0x0291d93: 07 != 0a
2be0.235c:   00007fff077f1d98 / 0x0291d98: 20 != d0
2be0.235c:   00007fff077f1d99 / 0x0291d99: 27 != 16
2be0.235c:   00007fff077f1d9a / 0x0291d9a: 6f != da
2be0.235c:   00007fff077f1d9b / 0x0291d9b: 07 != 0a
2be0.235c:   00007fff077f1da0 / 0x0291da0: 70 != 30
2be0.235c:   00007fff077f1da1 / 0x0291da1: 42 != 16
2be0.235c:   00007fff077f1da2 / 0x0291da2: 68 != da
2be0.235c:   00007fff077f1da3 / 0x0291da3: 07 != 0a
2be0.235c:   00007fff077f1da8 / 0x0291da8: 50 != d0
2be0.235c:   00007fff077f1da9 / 0x0291da9: 27 != 16
2be0.235c:   00007fff077f1daa / 0x0291daa: 6f != da
2be0.235c:   00007fff077f1dab / 0x0291dab: 07 != 0a
2be0.235c:   00007fff077f1db0 / 0x0291db0: 50 != d0
2be0.235c:   00007fff077f1db1 / 0x0291db1: 27 != 16
2be0.235c:   00007fff077f1db2 / 0x0291db2: 6f != da
2be0.235c:   00007fff077f1db3 / 0x0291db3: 07 != 0a
2be0.235c:   Restored 0x2000 bytes of original file content at 00007fff077f0000
2be0.235c: apphelp.dll: Differences in section #3 (.rdata) between file and memory:
2be0.235c:   00007fff0212c4d0 / 0x005c4d0: 40 != e0
2be0.235c:   00007fff0212c4d1 / 0x005c4d1: 7b != 36
2be0.235c:   00007fff0212c4d2 / 0x005c4d2: 66 != cc
2be0.235c:   00007fff0212c4d3 / 0x005c4d3: 07 != 09
2be0.235c:   00007fff0212c4d8 / 0x005c4d8: 00 != d0
2be0.235c:   00007fff0212c4d9 / 0x005c4d9: 01 != 82
2be0.235c:   00007fff0212c4da / 0x005c4da: 63 != cd
2be0.235c:   00007fff0212c4db / 0x005c4db: 07 != 09
2be0.235c:   00007fff0212c4e0 / 0x005c4e0: b0 != 80
2be0.235c:   00007fff0212c4e1 / 0x005c4e1: f9 != c6
2be0.235c:   00007fff0212c4e2 / 0x005c4e2: 60 != cd
2be0.235c:   00007fff0212c4e3 / 0x005c4e3: 07 != 09
2be0.235c:   00007fff0212c4e8 / 0x005c4e8: 50 != 70
2be0.235c:   00007fff0212c4e9 / 0x005c4e9: 96 != 49
2be0.235c:   00007fff0212c4ea / 0x005c4ea: 68 != cc
2be0.235c:   00007fff0212c4eb / 0x005c4eb: 07 != 09
2be0.235c:   00007fff0212c4f1 / 0x005c4f1: 6d != 52
2be0.235c:   00007fff0212c4f2 / 0x005c4f2: 62 != cd
2be0.235c:   00007fff0212c4f3 / 0x005c4f3: 07 != 09
2be0.235c:   00007fff0212c4f8 / 0x005c4f8: 50 != a0
2be0.235c:   00007fff0212c4f9 / 0x005c4f9: 60 != 25
2be0.235c:   00007fff0212c4fa / 0x005c4fa: 66 != ce
2be0.235c:   00007fff0212c4fb / 0x005c4fb: 07 != 09
2be0.235c:   00007fff0212c500 / 0x005c500: c0 != 20
2be0.235c:   00007fff0212c501 / 0x005c501: 70 != 86
2be0.235c:   00007fff0212c502 / 0x005c502: 5e != cb
2be0.235c:   00007fff0212c503 / 0x005c503: 07 != 09
2be0.235c:   00007fff0212c510 / 0x005c510: c0 != 50
2be0.235c:   00007fff0212c511 / 0x005c511: 38 != 3c
2be0.235c:   00007fff0212c512 / 0x005c512: 5a != cd
2be0.235c:   00007fff0212c513 / 0x005c513: 07 != 09
2be0.235c:   00007fff0212cb10 / 0x005cb10: f0 != 30
2be0.235c:   00007fff0212cb11 / 0x005cb11: 7c != 16
2be0.235c:   00007fff0212cb12 / 0x005cb12: 10 != da
2be0.235c:   00007fff0212cb13 / 0x005cb13: 02 != 0a
2be0.235c:   00007fff0212cb18 / 0x005cb18: 00 != d0
2be0.235c:   00007fff0212cb19 / 0x005cb19: 8c != 16
2be0.235c:   00007fff0212cb1a / 0x005cb1a: 12 != da
2be0.235c:   00007fff0212cb1b / 0x005cb1b: 02 != 0a
2be0.235c:   00007fff0212cb20 / 0x005cb20: f0 != 30
2be0.235c:   00007fff0212cb21 / 0x005cb21: 7c != 16
2be0.235c:   00007fff0212cb22 / 0x005cb22: 10 != da
2be0.235c:   00007fff0212cb23 / 0x005cb23: 02 != 0a
2be0.235c:   00007fff0212cb28 / 0x005cb28: 30 != d0
2be0.235c:   00007fff0212cb29 / 0x005cb29: 8c != 16
2be0.235c:   00007fff0212cb2a / 0x005cb2a: 12 != da
2be0.235c:   00007fff0212cb2b / 0x005cb2b: 02 != 0a
2be0.235c:   00007fff0212cb30 / 0x005cb30: 30 != d0
2be0.235c:   00007fff0212cb31 / 0x005cb31: 8c != 16
2be0.235c:   00007fff0212cb32 / 0x005cb32: 12 != da
2be0.235c:   00007fff0212cb33 / 0x005cb33: 02 != 0a
2be0.235c:   Restored 0x2000 bytes of original file content at 00007fff0212c000
2be0.235c: supHardNtVpCheckHandles:
2be0.235c: supR3HardenedWinInit: SUPHARDNTVPKIND_SELF_PURIFICATION_LIMITED -> VINF_SUCCESS, cFixes=6
2be0.235c: '\Device\HarddiskVolume3\Program Files\Oracle\VirtualBox\VirtualBoxVM.exe' has no imports
2be0.235c: supHardenedWinVerifyImageByHandle: -> 0 (\Device\HarddiskVolume3\Program Files\Oracle\VirtualBox\VirtualBoxVM.exe)
2be0.235c: supR3HardNtEnableThreadCreationEx:
2be0.235c: supR3HardNtDisableThreadCreation: pvLdrInitThunk=00007fff0ad6b0a0 pvNtTerminateThread=00007fff0ade24a0 g_LdrInitThunkSelfBackup.cb=10
2be0.235c: supR3HardenedWinDoReSpawn(1): New child 2a04.3b90 [kernel32].
2be0.235c: supR3HardNtChildGatherData: PebBaseAddress=000000b0e1e2a000 cbPeb=0x388
2be0.235c: supR3HardNtPuChFindNtdll: uNtDllParentAddr=00007fff0ac80000 uNtDllChildAddr=00007fff0ac80000
2be0.235c: supR3HardenedWinSetupChildInit: uLdrInitThunk=00007fff0ad6b0a0
2be0.235c: supR3HardenedWinSetupChildInit: Initial context:
  rax=0000000000000000 rbx=0000000000000000 rcx=00007ff66ed8bb90 rdx=000000b0e1e2a000
  rsi=0000000000000000 rdi=0000000000000000 r8 =0000000000000000 r9 =0000000000000000
  r10=0000000000000000 r11=0000000000000000 r12=0000000000000000 r13=0000000000000000
  r14=0000000000000000 r15=0000000000000000  P1=0000000000000000  P2=0000000000000000
  rip=00007fff0ad0c3e0 rsp=000000b0e20ff9b8 rbp=0000000000000000    ctxflags=0010001b
  cs=0033 ss=002b ds=0000 es=0000 fs=0000 gs=0000    eflags=00000200   mxcrx=00001f80
   P3=0000000000000000  P4=0000000000000000  P5=0000000000000000  P6=0000000000000000
  dr0=0000000000000000 dr1=0000000000000000 dr2=0000000000000000 dr3=0000000000000000
  dr6=0000000000000000 dr7=0000000000000000 vcr=0000000000000000 dcr=0000000000000000
  lbt=0000000000000000 lbf=0000000000000000 lxt=0000000000000000 lxf=0000000000000000
2be0.235c: supR3HardenedWinSetupChildInit: Start child.
2be0.235c: supR3HardNtChildWaitFor: Found expected request 0 (PurifyChildAndCloseHandles) after 0 ms.
2be0.235c: supR3HardNtChildPurify: Startup delay kludge #1/0: 526 ms, 32 sleeps
2be0.235c: supHardNtVpScanVirtualMemory: enmKind=CHILD_PURIFICATION
2be0.235c:  *0000000000000000-000000007ffdffff 0x0001/0x0000 0x0000000
2be0.235c:  *000000007ffe0000-000000007ffe0fff 0x0002/0x0002 0x0020000
2be0.235c:   000000007ffe1000-000000007ffe3fff 0x0001/0x0000 0x0000000
2be0.235c:  *000000007ffe4000-000000007ffe4fff 0x0002/0x0002 0x0020000
2be0.235c:   000000007ffe5000-000000b0e1dfffff 0x0001/0x0000 0x0000000
2be0.235c:  *000000b0e1e00000-000000b0e1e29fff 0x0000/0x0004 0x0020000
2be0.235c:   000000b0e1e2a000-000000b0e1e2cfff 0x0004/0x0004 0x0020000
2be0.235c:   000000b0e1e2d000-000000b0e1ffffff 0x0000/0x0004 0x0020000
2be0.235c:  *000000b0e2000000-000000b0e20fafff 0x0000/0x0004 0x0020000
2be0.235c:   000000b0e20fb000-000000b0e20fdfff 0x0104/0x0004 0x0020000
2be0.235c:   000000b0e20fe000-000000b0e20fffff 0x0004/0x0004 0x0020000
2be0.235c:   000000b0e2100000-0000026e4f66ffff 0x0001/0x0000 0x0000000
2be0.235c:  *0000026e4f670000-0000026e4f68ffff 0x0004/0x0004 0x0020000
2be0.235c:  *0000026e4f690000-0000026e4f6b9fff 0x0002/0x0002 0x0040000
2be0.235c:   0000026e4f6ba000-0000026e4f6bffff 0x0001/0x0000 0x0000000
2be0.235c:  *0000026e4f6c0000-0000026e4f6c3fff 0x0002/0x0002 0x0040000
2be0.235c:   0000026e4f6c4000-0000026e4f6cffff 0x0001/0x0000 0x0000000
2be0.235c:  *0000026e4f6d0000-0000026e4f6d0fff 0x0002/0x0002 0x0040000
2be0.235c:   0000026e4f6d1000-0000026e4f6dffff 0x0001/0x0000 0x0000000
2be0.235c:  *0000026e4f6e0000-0000026e4f6e1fff 0x0004/0x0004 0x0020000
2be0.235c:   0000026e4f6e2000-00007df5505dffff 0x0001/0x0000 0x0000000
2be0.235c:  *00007df5505e0000-00007df5505e0fff 0x0002/0x0002 0x0040000
2be0.235c:   00007df5505e1000-00007df5505effff 0x0001/0x0000 0x0000000
2be0.235c:  *00007df5505f0000-00007df551ee0fff 0x0000/0x0001 0x0040000
2be0.235c:   00007df551ee1000-00007df551eeefff 0x0001/0x0001 0x0040000
2be0.235c:   00007df551eef000-00007df5523e2fff 0x0000/0x0001 0x0040000
2be0.235c:   00007df5523e3000-00007df5523e3fff 0x0001/0x0001 0x0040000
2be0.235c:   00007df5523e4000-00007ff52a1a5fff 0x0000/0x0001 0x0040000
2be0.235c:   00007ff52a1a6000-00007ff52a1aafff 0x0002/0x0001 0x0040000
2be0.235c:   00007ff52a1ab000-00007ff548c9bfff 0x0000/0x0001 0x0040000
2be0.235c:   00007ff548c9c000-00007ff54c8a1fff 0x0001/0x0001 0x0040000
2be0.235c:   00007ff54c8a2000-00007ff54c8abfff 0x0002/0x0001 0x0040000
2be0.235c:   00007ff54c8ac000-00007ff5505effff 0x0000/0x0001 0x0040000
2be0.235c:   00007ff5505f0000-00007ff66ed7ffff 0x0001/0x0000 0x0000000
2be0.235c:  *00007ff66ed80000-00007ff66ed80fff 0x0002/0x0080 0x1000000  \Device\HarddiskVolume3\Program Files\Oracle\VirtualBox\VirtualBoxVM.exe
2be0.235c:   00007ff66ed81000-00007ff66edecfff 0x0020/0x0080 0x1000000  \Device\HarddiskVolume3\Program Files\Oracle\VirtualBox\VirtualBoxVM.exe
2be0.235c:   00007ff66eded000-00007ff66ededfff 0x0080/0x0080 0x1000000  \Device\HarddiskVolume3\Program Files\Oracle\VirtualBox\VirtualBoxVM.exe
2be0.235c:   00007ff66edee000-00007ff66ee42fff 0x0002/0x0080 0x1000000  \Device\HarddiskVolume3\Program Files\Oracle\VirtualBox\VirtualBoxVM.exe
2be0.235c:   00007ff66ee43000-00007ff66ee43fff 0x0004/0x0080 0x1000000  \Device\HarddiskVolume3\Program Files\Oracle\VirtualBox\VirtualBoxVM.exe
2be0.235c:   00007ff66ee44000-00007ff66ee44fff 0x0008/0x0080 0x1000000  \Device\HarddiskVolume3\Program Files\Oracle\VirtualBox\VirtualBoxVM.exe
2be0.235c:   00007ff66ee45000-00007ff66ee4afff 0x0004/0x0080 0x1000000  \Device\HarddiskVolume3\Program Files\Oracle\VirtualBox\VirtualBoxVM.exe
2be0.235c:   00007ff66ee4b000-00007ff66ee4ffff 0x0008/0x0080 0x1000000  \Device\HarddiskVolume3\Program Files\Oracle\VirtualBox\VirtualBoxVM.exe
2be0.235c:   00007ff66ee50000-00007ff66ee8afff 0x0002/0x0080 0x1000000  \Device\HarddiskVolume3\Program Files\Oracle\VirtualBox\VirtualBoxVM.exe
2be0.235c:   00007ff66ee8b000-00007fff0ac7ffff 0x0001/0x0000 0x0000000
2be0.235c:  *00007fff0ac80000-00007fff0ac80fff 0x0002/0x0080 0x1000000  \Device\HarddiskVolume3\Windows\System32\ntdll.dll
2be0.235c:   00007fff0ac81000-00007fff0adf2fff 0x0020/0x0080 0x1000000  \Device\HarddiskVolume3\Windows\System32\ntdll.dll
2be0.235c:   00007fff0adf3000-00007fff0ae4bfff 0x0002/0x0080 0x1000000  \Device\HarddiskVolume3\Windows\System32\ntdll.dll
2be0.235c:   00007fff0ae4c000-00007fff0ae55fff 0x0008/0x0080 0x1000000  \Device\HarddiskVolume3\Windows\System32\ntdll.dll
2be0.235c:   00007fff0ae56000-00007fff0ae66fff 0x0002/0x0080 0x1000000  \Device\HarddiskVolume3\Windows\System32\ntdll.dll
2be0.235c:   00007fff0ae67000-00007fff0ae69fff 0x0008/0x0080 0x1000000  \Device\HarddiskVolume3\Windows\System32\ntdll.dll
2be0.235c:   00007fff0ae6a000-00007fff0ae6afff 0x0004/0x0080 0x1000000  \Device\HarddiskVolume3\Windows\System32\ntdll.dll
2be0.235c:   00007fff0ae6b000-00007fff0aee7fff 0x0002/0x0080 0x1000000  \Device\HarddiskVolume3\Windows\System32\ntdll.dll
2be0.235c:   00007fff0aee8000-00007ffffffeffff 0x0001/0x0000 0x0000000
2be0.235c: VirtualBoxVM.exe: Differences in section #8 (.rsrc) between file and memory:
2be0.235c:   00007ff66ee88b70 / 0x0108b70: 00 != 50
2be0.235c:   00007ff66ee88b71 / 0x0108b71: 00 != 41
2be0.235c:   00007ff66ee88b72 / 0x0108b72: 00 != 44
2be0.235c:   00007ff66ee88b73 / 0x0108b73: 00 != 44
2be0.235c:   00007ff66ee88b74 / 0x0108b74: 00 != 49
2be0.235c:   00007ff66ee88b75 / 0x0108b75: 00 != 4e
2be0.235c:   00007ff66ee88b76 / 0x0108b76: 00 != 47
2be0.235c:   00007ff66ee88b77 / 0x0108b77: 00 != 58
2be0.235c:   00007ff66ee88b78 / 0x0108b78: 00 != 58
2be0.235c:   00007ff66ee88b79 / 0x0108b79: 00 != 50
2be0.235c:   00007ff66ee88b7a / 0x0108b7a: 00 != 41
2be0.235c:   00007ff66ee88b7b / 0x0108b7b: 00 != 44
2be0.235c:   00007ff66ee88b7c / 0x0108b7c: 00 != 44
2be0.235c:   00007ff66ee88b7d / 0x0108b7d: 00 != 49
2be0.235c:   00007ff66ee88b7e / 0x0108b7e: 00 != 4e
2be0.235c:   00007ff66ee88b7f / 0x0108b7f: 00 != 47
2be0.235c:   00007ff66ee88b80 / 0x0108b80: 00 != 50
2be0.235c:   00007ff66ee88b81 / 0x0108b81: 00 != 41
2be0.235c:   00007ff66ee88b82 / 0x0108b82: 00 != 44
2be0.235c:   00007ff66ee88b83 / 0x0108b83: 00 != 44
2be0.235c:   00007ff66ee88b84 / 0x0108b84: 00 != 49
2be0.235c:   00007ff66ee88b85 / 0x0108b85: 00 != 4e
2be0.235c:   00007ff66ee88b86 / 0x0108b86: 00 != 47
2be0.235c:   00007ff66ee88b87 / 0x0108b87: 00 != 58
2be0.235c:   00007ff66ee88b88 / 0x0108b88: 00 != 58
2be0.235c:   00007ff66ee88b89 / 0x0108b89: 00 != 50
2be0.235c:   00007ff66ee88b8a / 0x0108b8a: 00 != 41
2be0.235c:   00007ff66ee88b8b / 0x0108b8b: 00 != 44
2be0.235c:   00007ff66ee88b8c / 0x0108b8c: 00 != 44
2be0.235c:   00007ff66ee88b8d / 0x0108b8d: 00 != 49
2be0.235c:   00007ff66ee88b8e / 0x0108b8e: 00 != 4e
2be0.235c:   00007ff66ee88b8f / 0x0108b8f: 00 != 47
2be0.235c:   00007ff66ee88b90 / 0x0108b90: 00 != 50
2be0.235c:   00007ff66ee88b91 / 0x0108b91: 00 != 41
2be0.235c:   00007ff66ee88b92 / 0x0108b92: 00 != 44
2be0.235c:   00007ff66ee88b93 / 0x0108b93: 00 != 44
2be0.235c:   00007ff66ee88b94 / 0x0108b94: 00 != 49
2be0.235c:   00007ff66ee88b95 / 0x0108b95: 00 != 4e
2be0.235c:   00007ff66ee88b96 / 0x0108b96: 00 != 47
2be0.235c:   00007ff66ee88b97 / 0x0108b97: 00 != 58
2be0.235c:   00007ff66ee88b98 / 0x0108b98: 00 != 58
2be0.235c:   00007ff66ee88b99 / 0x0108b99: 00 != 50
2be0.235c:   00007ff66ee88b9a / 0x0108b9a: 00 != 41
2be0.235c:   00007ff66ee88b9b / 0x0108b9b: 00 != 44
2be0.235c:   00007ff66ee88b9c / 0x0108b9c: 00 != 44
2be0.235c:   00007ff66ee88b9d / 0x0108b9d: 00 != 49
2be0.235c:   00007ff66ee88b9e / 0x0108b9e: 00 != 4e
2be0.235c:   00007ff66ee88b9f / 0x0108b9f: 00 != 47
2be0.235c:   00007ff66ee88ba0 / 0x0108ba0: 00 != 50
2be0.235c:   00007ff66ee88ba1 / 0x0108ba1: 00 != 41
2be0.235c:   00007ff66ee88ba2 / 0x0108ba2: 00 != 44
2be0.235c:   00007ff66ee88ba3 / 0x0108ba3: 00 != 44
2be0.235c:   00007ff66ee88ba4 / 0x0108ba4: 00 != 49
2be0.235c:   00007ff66ee88ba5 / 0x0108ba5: 00 != 4e
2be0.235c:   00007ff66ee88ba6 / 0x0108ba6: 00 != 47
2be0.235c:   00007ff66ee88ba7 / 0x0108ba7: 00 != 58
2be0.235c:   00007ff66ee88ba8 / 0x0108ba8: 00 != 58
2be0.235c:   00007ff66ee88ba9 / 0x0108ba9: 00 != 50
2be0.235c:   00007ff66ee88baa / 0x0108baa: 00 != 41
2be0.235c:   00007ff66ee88bab / 0x0108bab: 00 != 44
2be0.235c:   00007ff66ee88bac / 0x0108bac: 00 != 44
2be0.235c:   00007ff66ee88bad / 0x0108bad: 00 != 49
2be0.235c:   00007ff66ee88bae / 0x0108bae: 00 != 4e
2be0.235c:   00007ff66ee88baf / 0x0108baf: 00 != 47
2be0.235c:   00007ff66ee88bb0 / 0x0108bb0: 00 != 50
2be0.235c:   00007ff66ee88bb1 / 0x0108bb1: 00 != 41
2be0.235c:   00007ff66ee88bb2 / 0x0108bb2: 00 != 44
2be0.235c:   00007ff66ee88bb3 / 0x0108bb3: 00 != 44
2be0.235c:   00007ff66ee88bb4 / 0x0108bb4: 00 != 49
2be0.235c:   00007ff66ee88bb5 / 0x0108bb5: 00 != 4e
2be0.235c:   00007ff66ee88bb6 / 0x0108bb6: 00 != 47
2be0.235c:   00007ff66ee88bb7 / 0x0108bb7: 00 != 58
2be0.235c:   00007ff66ee88bb8 / 0x0108bb8: 00 != 58
2be0.235c:   00007ff66ee88bb9 / 0x0108bb9: 00 != 50
2be0.235c:   00007ff66ee88bba / 0x0108bba: 00 != 41
2be0.235c:   00007ff66ee88bbb / 0x0108bbb: 00 != 44
2be0.235c:   00007ff66ee88bbc / 0x0108bbc: 00 != 44
2be0.235c:   00007ff66ee88bbd / 0x0108bbd: 00 != 49
2be0.235c:   00007ff66ee88bbe / 0x0108bbe: 00 != 4e
2be0.235c:   00007ff66ee88bbf / 0x0108bbf: 00 != 47
2be0.235c:   00007ff66ee88bc0 / 0x0108bc0: 00 != 50
2be0.235c:   00007ff66ee88bc1 / 0x0108bc1: 00 != 41
2be0.235c:   00007ff66ee88bc2 / 0x0108bc2: 00 != 44
2be0.235c:   00007ff66ee88bc3 / 0x0108bc3: 00 != 44
2be0.235c:   00007ff66ee88bc4 / 0x0108bc4: 00 != 49
2be0.235c:   00007ff66ee88bc5 / 0x0108bc5: 00 != 4e
2be0.235c:   00007ff66ee88bc6 / 0x0108bc6: 00 != 47
2be0.235c:   00007ff66ee88bc7 / 0x0108bc7: 00 != 58
2be0.235c:   00007ff66ee88bc8 / 0x0108bc8: 00 != 58
2be0.235c:   00007ff66ee88bc9 / 0x0108bc9: 00 != 50
2be0.235c:   00007ff66ee88bca / 0x0108bca: 00 != 41
2be0.235c:   00007ff66ee88bcb / 0x0108bcb: 00 != 44
2be0.235c:   00007ff66ee88bcc / 0x0108bcc: 00 != 44
2be0.235c:   00007ff66ee88bcd / 0x0108bcd: 00 != 49
2be0.235c:   00007ff66ee88bce / 0x0108bce: 00 != 4e
2be0.235c:   00007ff66ee88bcf / 0x0108bcf: 00 != 47
2be0.235c:   00007ff66ee88bd0 / 0x0108bd0: 00 != 50
2be0.235c:   00007ff66ee88bd1 / 0x0108bd1: 00 != 41
2be0.235c:   00007ff66ee88bd2 / 0x0108bd2: 00 != 44
2be0.235c:   00007ff66ee88bd3 / 0x0108bd3: 00 != 44
2be0.235c:   00007ff66ee88bd4 / 0x0108bd4: 00 != 49
2be0.235c:   00007ff66ee88bd5 / 0x0108bd5: 00 != 4e
2be0.235c:   00007ff66ee88bd6 / 0x0108bd6: 00 != 47
2be0.235c:   00007ff66ee88bd7 / 0x0108bd7: 00 != 58
2be0.235c:   00007ff66ee88bd8 / 0x0108bd8: 00 != 58
2be0.235c:   00007ff66ee88bd9 / 0x0108bd9: 00 != 50
2be0.235c:   00007ff66ee88bda / 0x0108bda: 00 != 41
2be0.235c:   00007ff66ee88bdb / 0x0108bdb: 00 != 44
2be0.235c:   00007ff66ee88bdc / 0x0108bdc: 00 != 44
2be0.235c:   00007ff66ee88bdd / 0x0108bdd: 00 != 49
2be0.235c:   00007ff66ee88bde / 0x0108bde: 00 != 4e
2be0.235c:   00007ff66ee88bdf / 0x0108bdf: 00 != 47
2be0.235c:   00007ff66ee88be0 / 0x0108be0: 00 != 50
2be0.235c:   00007ff66ee88be1 / 0x0108be1: 00 != 41
2be0.235c:   00007ff66ee88be2 / 0x0108be2: 00 != 44
2be0.235c:   00007ff66ee88be3 / 0x0108be3: 00 != 44
2be0.235c:   00007ff66ee88be4 / 0x0108be4: 00 != 49
2be0.235c:   00007ff66ee88be5 / 0x0108be5: 00 != 4e
2be0.235c:   00007ff66ee88be6 / 0x0108be6: 00 != 47
2be0.235c:   00007ff66ee88be7 / 0x0108be7: 00 != 58
2be0.235c:   00007ff66ee88be8 / 0x0108be8: 00 != 58
2be0.235c:   00007ff66ee88be9 / 0x0108be9: 00 != 50
2be0.235c:   00007ff66ee88bea / 0x0108bea: 00 != 41
2be0.235c:   00007ff66ee88beb / 0x0108beb: 00 != 44
2be0.235c:   00007ff66ee88bec / 0x0108bec: 00 != 44
2be0.235c:   00007ff66ee88bed / 0x0108bed: 00 != 49
2be0.235c:   00007ff66ee88bee / 0x0108bee: 00 != 4e
2be0.235c:   00007ff66ee88bef / 0x0108bef: 00 != 47
2be0.235c:   00007ff66ee88bf0 / 0x0108bf0: 00 != 50
2be0.235c:   00007ff66ee88bf1 / 0x0108bf1: 00 != 41
2be0.235c:   00007ff66ee88bf2 / 0x0108bf2: 00 != 44
2be0.235c:   00007ff66ee88bf3 / 0x0108bf3: 00 != 44
2be0.235c:   00007ff66ee88bf4 / 0x0108bf4: 00 != 49
2be0.235c:   00007ff66ee88bf5 / 0x0108bf5: 00 != 4e
2be0.235c:   00007ff66ee88bf6 / 0x0108bf6: 00 != 47
2be0.235c:   00007ff66ee88bf7 / 0x0108bf7: 00 != 58
2be0.235c:   00007ff66ee88bf8 / 0x0108bf8: 00 != 58
2be0.235c:   00007ff66ee88bf9 / 0x0108bf9: 00 != 50
2be0.235c:   00007ff66ee88bfa / 0x0108bfa: 00 != 41
2be0.235c:   00007ff66ee88bfb / 0x0108bfb: 00 != 44
2be0.235c:   00007ff66ee88bfc / 0x0108bfc: 00 != 44
2be0.235c:   00007ff66ee88bfd / 0x0108bfd: 00 != 49
2be0.235c:   00007ff66ee88bfe / 0x0108bfe: 00 != 4e
2be0.235c:   00007ff66ee88bff / 0x0108bff: 00 != 47
2be0.235c:   Restored 0x490 bytes of original file content at 00007ff66ee88b70
2be0.235c: ntdll.dll: Differences in section #12 (.mrdata) between file and memory:
2be0.235c:   00007fff0ae6a490 / 0x01ea490: 00 != a0
2be0.235c:   00007fff0ae6a491 / 0x01ea491: 00 != c2
2be0.235c:   00007fff0ae6a492 / 0x01ea492: 00 != e3
2be0.235c:   00007fff0ae6a493 / 0x01ea493: 00 != 77
2be0.235c:   00007fff0ae6a498 / 0x01ea498: 00 != e8
2be0.235c:   00007fff0ae6a499 / 0x01ea499: 00 != 97
2be0.235c:   00007fff0ae6a49a / 0x01ea49a: 00 != e3
2be0.235c:   00007fff0ae6a49b / 0x01ea49b: 00 != 77
2be0.235c:   00007fff0ae6a4d8 / 0x01ea4d8: 00 != 6d
2be0.235c:   00007fff0ae6a4d9 / 0x01ea4d9: 00 != 72
2be0.235c:   00007fff0ae6a4da / 0x01ea4da: 00 != 33
2be0.235c:   00007fff0ae6a4db / 0x01ea4db: 00 != 69
2be0.235c:   00007fff0ae6a4e0 / 0x01ea4e0: 00 != 10
2be0.235c:   00007fff0ae6a4e5 / 0x01ea4e5: 00 != 01
2be0.235c:   00007fff0ae6a4f0 / 0x01ea4f0: 00 != 02
2be0.235c:   00007fff0ae6a4f1 / 0x01ea4f1: 00 != 20
2be0.235c:   00007fff0ae6a4fa / 0x01ea4fa: 00 != 5f
2be0.235c:   00007fff0ae6a4fb / 0x01ea4fb: 00 != 50
2be0.235c:   00007fff0ae6a4fc / 0x01ea4fc: 00 != f5
2be0.235c:   00007fff0ae6a4fd / 0x01ea4fd: 00 != 7d
2be0.235c:   00007fff0ae6a505 / 0x01ea505: 00 != 02
2be0.235c:   Restored 0x118 bytes of original file content at 00007fff0ae6a490
2be0.235c: supR3HardNtChildPurify: cFixes=2 g_fSupAdversaries=0x4
2be0.235c: supR3HardNtChildPurify: Startup delay kludge #1/1: 524 ms, 33 sleeps
2be0.235c: supHardNtVpScanVirtualMemory: enmKind=CHILD_PURIFICATION
2be0.235c:  *0000000000000000-000000007ffdffff 0x0001/0x0000 0x0000000
2be0.235c:  *000000007ffe0000-000000007ffe0fff 0x0002/0x0002 0x0020000
2be0.235c:   000000007ffe1000-000000007ffe3fff 0x0001/0x0000 0x0000000
2be0.235c:  *000000007ffe4000-000000007ffe4fff 0x0002/0x0002 0x0020000
2be0.235c:   000000007ffe5000-000000b0e1dfffff 0x0001/0x0000 0x0000000
2be0.235c:  *000000b0e1e00000-000000b0e1e29fff 0x0000/0x0004 0x0020000
2be0.235c:   000000b0e1e2a000-000000b0e1e2cfff 0x0004/0x0004 0x0020000
2be0.235c:   000000b0e1e2d000-000000b0e1ffffff 0x0000/0x0004 0x0020000
2be0.235c:  *000000b0e2000000-000000b0e20fafff 0x0000/0x0004 0x0020000
2be0.235c:   000000b0e20fb000-000000b0e20fdfff 0x0104/0x0004 0x0020000
2be0.235c:   000000b0e20fe000-000000b0e20fffff 0x0004/0x0004 0x0020000
2be0.235c:   000000b0e2100000-0000026e4f66ffff 0x0001/0x0000 0x0000000
2be0.235c:  *0000026e4f670000-0000026e4f68ffff 0x0004/0x0004 0x0020000
2be0.235c:  *0000026e4f690000-0000026e4f6b9fff 0x0002/0x0002 0x0040000
2be0.235c:   0000026e4f6ba000-0000026e4f6bffff 0x0001/0x0000 0x0000000
2be0.235c:  *0000026e4f6c0000-0000026e4f6c3fff 0x0002/0x0002 0x0040000
2be0.235c:   0000026e4f6c4000-0000026e4f6cffff 0x0001/0x0000 0x0000000
2be0.235c:  *0000026e4f6d0000-0000026e4f6d0fff 0x0002/0x0002 0x0040000
2be0.235c:   0000026e4f6d1000-0000026e4f6dffff 0x0001/0x0000 0x0000000
2be0.235c:  *0000026e4f6e0000-0000026e4f6e1fff 0x0004/0x0004 0x0020000
2be0.235c:   0000026e4f6e2000-00007df5505dffff 0x0001/0x0000 0x0000000
2be0.235c:  *00007df5505e0000-00007df5505e0fff 0x0002/0x0002 0x0040000
2be0.235c:   00007df5505e1000-00007df5505effff 0x0001/0x0000 0x0000000
2be0.235c:  *00007df5505f0000-00007df551ee0fff 0x0000/0x0001 0x0040000
2be0.235c:   00007df551ee1000-00007df551eeefff 0x0001/0x0001 0x0040000
2be0.235c:   00007df551eef000-00007df5523e2fff 0x0000/0x0001 0x0040000
2be0.235c:   00007df5523e3000-00007df5523e3fff 0x0001/0x0001 0x0040000
2be0.235c:   00007df5523e4000-00007ff52a1a5fff 0x0000/0x0001 0x0040000
2be0.235c:   00007ff52a1a6000-00007ff52a1aafff 0x0002/0x0001 0x0040000
2be0.235c:   00007ff52a1ab000-00007ff548c9bfff 0x0000/0x0001 0x0040000
2be0.235c:   00007ff548c9c000-00007ff54c8a1fff 0x0001/0x0001 0x0040000
2be0.235c:   00007ff54c8a2000-00007ff54c8abfff 0x0002/0x0001 0x0040000
2be0.235c:   00007ff54c8ac000-00007ff5505effff 0x0000/0x0001 0x0040000
2be0.235c:   00007ff5505f0000-00007ff66ed7ffff 0x0001/0x0000 0x0000000
2be0.235c:  *00007ff66ed80000-00007ff66ed80fff 0x0002/0x0080 0x1000000  \Device\HarddiskVolume3\Program Files\Oracle\VirtualBox\VirtualBoxVM.exe
2be0.235c:   00007ff66ed81000-00007ff66edecfff 0x0020/0x0080 0x1000000  \Device\HarddiskVolume3\Program Files\Oracle\VirtualBox\VirtualBoxVM.exe
2be0.235c:   00007ff66eded000-00007ff66ededfff 0x0040/0x0080 0x1000000  \Device\HarddiskVolume3\Program Files\Oracle\VirtualBox\VirtualBoxVM.exe
2be0.235c:   00007ff66edee000-00007ff66ee42fff 0x0002/0x0080 0x1000000  \Device\HarddiskVolume3\Program Files\Oracle\VirtualBox\VirtualBoxVM.exe
2be0.235c:   00007ff66ee43000-00007ff66ee4ffff 0x0004/0x0080 0x1000000  \Device\HarddiskVolume3\Program Files\Oracle\VirtualBox\VirtualBoxVM.exe
2be0.235c:   00007ff66ee50000-00007ff66ee8afff 0x0002/0x0080 0x1000000  \Device\HarddiskVolume3\Program Files\Oracle\VirtualBox\VirtualBoxVM.exe
2be0.235c:   00007ff66ee8b000-00007fff0ac7ffff 0x0001/0x0000 0x0000000
2be0.235c:  *00007fff0ac80000-00007fff0ac80fff 0x0002/0x0080 0x1000000  \Device\HarddiskVolume3\Windows\System32\ntdll.dll
2be0.235c:   00007fff0ac81000-00007fff0adf2fff 0x0020/0x0080 0x1000000  \Device\HarddiskVolume3\Windows\System32\ntdll.dll
2be0.235c:   00007fff0adf3000-00007fff0ae4bfff 0x0002/0x0080 0x1000000  \Device\HarddiskVolume3\Windows\System32\ntdll.dll
2be0.235c:   00007fff0ae4c000-00007fff0ae4cfff 0x0004/0x0080 0x1000000  \Device\HarddiskVolume3\Windows\System32\ntdll.dll
2be0.235c:   00007fff0ae4d000-00007fff0ae4dfff 0x0008/0x0080 0x1000000  \Device\HarddiskVolume3\Windows\System32\ntdll.dll
2be0.235c:   00007fff0ae4e000-00007fff0ae55fff 0x0004/0x0080 0x1000000  \Device\HarddiskVolume3\Windows\System32\ntdll.dll
2be0.235c:   00007fff0ae56000-00007fff0ae66fff 0x0002/0x0080 0x1000000  \Device\HarddiskVolume3\Windows\System32\ntdll.dll
2be0.235c:   00007fff0ae67000-00007fff0ae67fff 0x0004/0x0080 0x1000000  \Device\HarddiskVolume3\Windows\System32\ntdll.dll
2be0.235c:   00007fff0ae68000-00007fff0ae69fff 0x0008/0x0080 0x1000000  \Device\HarddiskVolume3\Windows\System32\ntdll.dll
2be0.235c:   00007fff0ae6a000-00007fff0ae6afff 0x0004/0x0080 0x1000000  \Device\HarddiskVolume3\Windows\System32\ntdll.dll
2be0.235c:   00007fff0ae6b000-00007fff0aee7fff 0x0002/0x0080 0x1000000  \Device\HarddiskVolume3\Windows\System32\ntdll.dll
2be0.235c:   00007fff0aee8000-00007ffffffeffff 0x0001/0x0000 0x0000000
2be0.235c: supR3HardNtChildPurify: Done after 1053 ms and 2 fixes (loop #1).
2a04.3b90: Log file opened: 7.2.6r172322 g_hStartupLog=0000000000000004 g_uNtVerCombined=0xa065f400
2a04.3b90: supR3HardenedVmProcessInit: uNtDllAddr=00007fff0ac80000 g_uNtVerCombined=0xa065f400 (stack ~000000b0e20fe780)
2a04.3b90: ntdll.dll: timestamp 0xc140bef4 (rc=VINF_SUCCESS)
2a04.3b90: New simple heap: #1 0000026e4f7f0000 LB 0x800000 (for 2523136 allocation)
2be0.235c: supR3HardNtEnableThreadCreationEx:
2a04.3b90: supR3HardenedWinInitAppBin(0x0): '\Device\HarddiskVolume3\Program Files\Oracle\VirtualBox'
2a04.3b90: System32:  \Device\HarddiskVolume3\Windows\System32
2a04.3b90: WinSxS:    \Device\HarddiskVolume3\Windows\WinSxS
2a04.3b90: KnownDllPath: C:\WINDOWS\System32
2a04.3b90: supR3HardenedVmProcessInit: Opening vboxsup stub...
2a04.3b90: supR3HardenedVmProcessInit: Restoring LdrInitializeThunk...
2a04.3b90: supR3HardenedVmProcessInit: Returning to LdrInitializeThunk...
2a04.3b90: Registered Dll notification callback with NTDLL.
2a04.3b90: supHardenedWinVerifyImageByHandle: -> 0 (\Device\HarddiskVolume3\Windows\System32\kernel32.dll)
2a04.3b90: supR3HardenedWinVerifyCacheInsert: \Device\HarddiskVolume3\Windows\System32\kernel32.dll
2a04.3b90: supR3HardenedMonitor_LdrLoadDll: pName=C:\WINDOWS\System32\KERNEL32.DLL (Input=KERNEL32.DLL, rcNtResolve=0xc0150008) *pfFlags=0xffffffff pwszSearchPath=0000000000004001:<flags> [calling]
2a04.3b90: supR3HardenedDllNotificationCallback: load   00007fff07560000 LB 0x003f1000 C:\WINDOWS\System32\KERNELBASE.dll [fFlags=0x0]
2a04.3b90: supHardenedWinVerifyImageByHandle: -> 0 (\Device\HarddiskVolume3\Windows\System32\KernelBase.dll)
2a04.3b90: supR3HardenedWinVerifyCacheInsert: \Device\HarddiskVolume3\Windows\System32\KernelBase.dll
2a04.3b90: supR3HardenedDllNotificationCallback: load   00007fff09ca0000 LB 0x000c9000 C:\WINDOWS\System32\KERNEL32.DLL [fFlags=0x0]
2a04.3b90: supR3HardenedScreenImage/LdrLoadDll: cache hit (VINF_SUCCESS) on \Device\HarddiskVolume3\Windows\System32\kernel32.dll [lacks WinVerifyTrust]
2a04.3b90: supR3HardenedMonitor_LdrLoadDll: returns rcNt=0x0 hMod=00007fff09ca0000 'C:\WINDOWS\System32\KERNEL32.DLL'
2a04.3b90: supR3HardenedScreenImage/LdrLoadDll: cache hit (VINF_SUCCESS) on \Device\HarddiskVolume3\Windows\System32\KernelBase.dll [lacks WinVerifyTrust]
2a04.3b90: supR3HardenedMonitor_LdrLoadDll: pName=C:\WINDOWS\System32\KERNELBASE.dll (Input=KERNELBASE.dll, rcNtResolve=0xc0150008) *pfFlags=0xffffffff pwszSearchPath=0000000000004001:<flags> [calling]
2a04.3b90: supR3HardenedMonitor_LdrLoadDll: returns rcNt=0x0 hMod=00007fff07560000 'C:\WINDOWS\System32\KERNELBASE.dll'
2a04.3b90: supR3HardenedDllNotificationCallback: load   00007ff66ed80000 LB 0x0010b000 C:\Program Files\Oracle\VirtualBox\VirtualBoxVM.exe [fFlags=0x0]
2a04.3b90: '\Device\HarddiskVolume3\Program Files\Oracle\VirtualBox\VirtualBoxVM.exe' has no imports
2a04.3b90: supHardenedWinVerifyImageByHandle: -> 0 (\Device\HarddiskVolume3\Program Files\Oracle\VirtualBox\VirtualBoxVM.exe)
2a04.3b90: supR3HardenedWinVerifyCacheInsert: \Device\HarddiskVolume3\Program Files\Oracle\VirtualBox\VirtualBoxVM.exe
2a04.3b90: supR3HardNtDisableThreadCreation: pvLdrInitThunk=00007fff0ad6b0a0 pvNtTerminateThread=00007fff0ade24a0 g_LdrInitThunkSelfBackup.cb=0
2a04.3b90: supR3HardNtDisableThreadCreationEx: Backup=40 53 48 83 ec 20 48 8b d9 e8 1a 00 00 00 b2 01
2be0.235c: supR3HardNtChildWaitFor: Found expected request 1 (CloseEvents) after 95 ms.
2a04.3b90: \SystemRoot\System32\ntdll.dll:
2a04.3b90:     CreationTime:    2026-03-02T02:28:51.994203800Z
2a04.3b90:     LastWriteTime:   2026-03-02T02:28:52.182949000Z
2a04.3b90:     ChangeTime:      2026-03-02T02:32:23.694814700Z
2a04.3b90:     FileAttributes:  0x20
2a04.3b90:     Size:            0x267b88
2a04.3b90:     NT Headers:      0xe0
2a04.3b90:     Timestamp:       0xc140bef4
2a04.3b90:     Machine:         0x8664 - amd64
2a04.3b90:     Timestamp:       0xc140bef4
2a04.3b90:     Image Version:   10.0
2a04.3b90:     SizeOfImage:     0x268000 (2523136)
2a04.3b90:     Resource Dir:    0x1ec000 LB 0x7a108
2a04.3b90:     [Version info resource found at 0xd8! (ID/Name: 0x1; SubID/SubName: 0x409)]
2a04.3b90:     [Raw version resource data: 0x1ec0f0 LB 0x380, codepage 0x0 (reserved 0x0)]
2a04.3b90:     ProductName:     Microsoft® Windows® Operating System
2a04.3b90:     ProductVersion:  10.0.26100.7824
2a04.3b90:     FileVersion:     10.0.26100.7824 (WinBuild.160101.0800)
2a04.3b90:     FileDescription: NT Layer DLL
2a04.3b90: \SystemRoot\System32\kernel32.dll:
2a04.3b90:     CreationTime:    2026-03-02T02:28:45.824996400Z
2a04.3b90:     LastWriteTime:   2026-03-02T02:28:45.870317900Z
2a04.3b90:     ChangeTime:      2026-03-01T17:38:34.152423700Z
2a04.3b90:     FileAttributes:  0x20
2a04.3b90:     Size:            0xcc218
2a04.3b90:     NT Headers:      0xf0
2a04.3b90:     Timestamp:       0x9db26d02
2a04.3b90:     Machine:         0x8664 - amd64
2a04.3b90:     Timestamp:       0x9db26d02
2a04.3b90:     Image Version:   10.0
2a04.3b90:     SizeOfImage:     0xc9000 (823296)
2a04.3b90:     Resource Dir:    0xc7000 LB 0x520
2a04.3b90:     [Version info resource found at 0x90! (ID/Name: 0x1; SubID/SubName: 0x409)]
2a04.3b90:     [Raw version resource data: 0xc70b0 LB 0x3a4, codepage 0x0 (reserved 0x0)]
2a04.3b90:     ProductName:     Microsoft® Windows® Operating System
2a04.3b90:     ProductVersion:  10.0.26100.7705
2a04.3b90:     FileVersion:     10.0.26100.7705 (WinBuild.160101.0800)
2a04.3b90:     FileDescription: Windows NT BASE API Client DLL
2a04.3b90: \SystemRoot\System32\KernelBase.dll:
2a04.3b90:     CreationTime:    2026-03-02T02:28:52.338253000Z
2a04.3b90:     LastWriteTime:   2026-03-02T02:28:52.788785800Z
2a04.3b90:     ChangeTime:      2026-03-01T17:38:34.199320300Z
2a04.3b90:     FileAttributes:  0x20
2a04.3b90:     Size:            0x3f32c0
2a04.3b90:     NT Headers:      0x108
2a04.3b90:     Timestamp:       0xad803701
2a04.3b90:     Machine:         0x8664 - amd64
2a04.3b90:     Timestamp:       0xad803701
2a04.3b90:     Image Version:   10.0
2a04.3b90:     SizeOfImage:     0x3f1000 (4132864)
2a04.3b90:     Resource Dir:    0x3b7000 LB 0x548
2a04.3b90:     [Version info resource found at 0x90! (ID/Name: 0x1; SubID/SubName: 0x409)]
2a04.3b90:     [Raw version resource data: 0x3b70b0 LB 0x3bc, codepage 0x0 (reserved 0x0)]
2a04.3b90:     ProductName:     Microsoft® Windows® Operating System
2a04.3b90:     ProductVersion:  10.0.26100.7824
2a04.3b90:     FileVersion:     10.0.26100.7824 (WinBuild.160101.0800)
2a04.3b90:     FileDescription: Windows NT BASE API Client DLL
2a04.3b90: \SystemRoot\System32\apisetschema.dll:
2a04.3b90:     CreationTime:    2026-03-02T02:28:32.278284600Z
2a04.3b90:     LastWriteTime:   2026-03-02T02:28:32.290055900Z
2a04.3b90:     ChangeTime:      2026-03-02T02:32:23.679137500Z
2a04.3b90:     FileAttributes:  0x20
2a04.3b90:     Size:            0x2f598
2a04.3b90:     NT Headers:      0xd8
2a04.3b90:     Timestamp:       0xd5983b53
2a04.3b90:     Machine:         0x8664 - amd64
2a04.3b90:     Timestamp:       0xd5983b53
2a04.3b90:     Image Version:   10.0
2a04.3b90:     SizeOfImage:     0x2e000 (188416)
2a04.3b90:     Resource Dir:    0x2d000 LB 0x408
2a04.3b90:     [Version info resource found at 0x48! (ID/Name: 0x1; SubID/SubName: 0x409)]
2a04.3b90:     [Raw version resource data: 0x2d060 LB 0x3a8, codepage 0x0 (reserved 0x0)]
2a04.3b90:     ProductName:     Microsoft® Windows® Operating System
2a04.3b90:     ProductVersion:  10.0.26100.7705
2a04.3b90:     FileVersion:     10.0.26100.7705 (WinBuild.160101.0800)
2a04.3b90:     FileDescription: ApiSet Schema DLL
2a04.3b90: root name: type=Job name=Container_Microsoft.VisualStudioCode_1.0.109.5_neutral__8wekyb3d8bbwe-S-1-5-21-359037657-705991866-1087044336-1001
2a04.3b90: root name: type=FilterConnectionPort name=UnionfsPort
2a04.3b90: root name: type=FilterConnectionPort name=MFESECSignalPort
2a04.3b90: root name: type=Mutant name=PendingRenameMutex
2a04.3b90: root name: type=Directory name=ObjectTypes
2a04.3b90: root name: type=Job name=Container_Microsoft.WindowsStore_22601.1401.3.0_x64__8wekyb3d8bbwe-S-1-5-21-359037657-705991866-1087044336-1001
2a04.3b90: root name: type=FilterConnectionPort name=storqosfltport
2a04.3b90: root name: type=FilterConnectionPort name=MicrosoftMalwareProtectionRemoteIoPortWD
2a04.3b90: root name: type=FilterConnectionPort name=aswPort
2a04.3b90: root name: type=FilterConnectionPort name=MicrosoftDataLossPreventionPort
2a04.3b90: root name: type=SymbolicLink name=SystemRoot
2a04.3b90: root name: type=FilterConnectionPort name=MicrosoftMalwareProtectionVeryLowIoPortWD
2a04.3b90: root name: type=Section name=Win32kSiloSessionGlobals
2a04.3b90: root name: type=Directory name=Sessions
2a04.3b90: root name: type=ALPC Port name=SleepstudyControlPort
2a04.3b90: root name: type=Directory name=ArcName
2a04.3b90: root name: type=Job name=Container_MicrosoftWindows.Client.WebExperience_526.1202.40.0_x64__cw5n1h2txyewy-S-1-5-21-359037657-705991866-1087044336-1001
2a04.3b90: root name: type=FilterConnectionPort name=WcifsPort
2a04.3b90: root name: type=Directory name=NLS
2a04.3b90: root name: type=Event name=LanmanServerAnnounceEvent
2a04.3b90: root name: type=ALPC Port name=ThemeApiPort
2a04.3b90: root name: type=Directory name=Windows
2a04.3b90: root name: type=Directory name=GLOBAL??
2a04.3b90: root name: type=Job name=Container_5319275A.WhatsAppDesktop_2.2606.102.0_x64__cv1g1gvanyjgm-S-1-5-21-359037657-705991866-1087044336-1001
2a04.3b90: root name: type=FilterConnectionPort name=MicrosoftDataLossPreventionControlPort
2a04.3b90: root name: type=Event name=SETUP_LAUNCH_CLAIMED
2a04.3b90: root name: type=Directory name=RPC Control
2a04.3b90: root name: type=ALPC Port name=PdcPort
2a04.3b90: root name: type=FilterConnectionPort name=MFESECNotifyPort
2a04.3b90: root name: type=Event name=EFSInitEvent
2a04.3b90: root name: type=FilterConnectionPort name=MicrosoftDataLossPreventionRemoteIoPort
2a04.3b90: root name: type=SymbolicLink name=Dfs
2a04.3b90: root name: type=Device name=clfs
2a04.3b90: root name: type=Event name=CsrSbSyncEvent
2a04.3b90: root name: type=ALPC Port name=SeRmCommandPort
2a04.3b90: root name: type=FilterConnectionPort name=aswFsBlkPort
2a04.3b90: root name: type=Job name=Container_Microsoft.WindowsNotepad_11.2510.14.0_x64__8wekyb3d8bbwe-S-1-5-21-359037657-705991866-1087044336-1001
2a04.3b90: root name: type=SymbolicLink name=DosDevices
2a04.3b90: root name: type=Job name=Container_Microsoft.DesktopAppInstaller_1.27.460.0_x64__8wekyb3d8bbwe-S-1-5-21-359037657-705991866-1087044336-1001
2a04.3b90: root name: type=Directory name=KnownDlls32
2a04.3b90: root name: type=Key name=REGISTRY
2a04.3b90: root name: type=Directory name=BaseNamedObjects
2a04.3b90: root name: type=FilterConnectionPort name=WinSetupMonPort
2a04.3b90: root name: type=FilterConnectionPort name=MicrosoftDataLossPreventionVeryLowIoPort
2a04.3b90: root name: type=ALPC Port name=PowerPort
2a04.3b90: root name: type=Job name=Container_Microsoft.OneDriveSync_26022.203.6.0_neutral__8wekyb3d8bbwe-S-1-5-21-359037657-705991866-1087044336-1001
2a04.3b90: root name: type=ALPC Port name=SmSsWinStationApiPort
2a04.3b90: root name: type=Event name=UniqueInteractiveSessionIdEvent
2a04.3b90: root name: type=Directory name=UMDFCommunicationPorts
2a04.3b90: root name: type=Device name=FatCdrom
2a04.3b90: root name: type=Device name=Fat
2a04.3b90: root name: type=Directory name=KnownDlls
2a04.3b90: root name: type=ALPC Port name=PowerMonitorPort
2a04.3b90: root name: type=Job name=Container_Microsoft.Copilot_1.25121.84.0_x64__8wekyb3d8bbwe-S-1-5-21-359037657-705991866-1087044336-1001
2a04.3b90: root name: type=Device name=Ntfs
2a04.3b90: root name: type=Directory name=FileSystem
2a04.3b90: root name: type=Directory name=KernelObjects
2a04.3b90: root name: type=Job name=Container_Microsoft.WidgetsPlatformRuntime_1.6.14.0_x64__8wekyb3d8bbwe-S-1-5-21-359037657-705991866-1087044336-1001
2a04.3b90: root name: type=FilterConnectionPort name=MicrosoftMalwareProtectionControlPortWD
2a04.3b90: root name: type=ALPC Port name=SeLsaCommandPort
2a04.3b90: root name: type=Directory name=Callback
2a04.3b90: root name: type=Job name=Container_MicrosoftWindows.Client.CBS_1000.26100.291.0_x64__cw5n1h2txyewy-S-1-5-21-359037657-705991866-1087044336-1001
2a04.3b90: root name: type=FilterConnectionPort name=MicrosoftDataLossPreventionAsyncPort
2a04.3b90: root name: type=Job name=Container_MicrosoftWindows.CrossDevice_1.26011.30.0_x64__cw5n1h2txyewy-S-1-5-21-359037657-705991866-1087044336-1001
2a04.3b90: root name: type=FilterConnectionPort name=BindFltPort
2a04.3b90: root name: type=Directory name=DriverStore
2a04.3b90: root name: type=Directory name=Security
2a04.3b90: root name: type=Job name=Container_Microsoft.WindowsTerminal_1.23.20211.0_x64__8wekyb3d8bbwe-S-1-5-21-359037657-705991866-1087044336-1001
2a04.3b90: root name: type=Event name=LSA_ISO_READY
2a04.3b90: root name: type=Job name=Container_Microsoft.YourPhone_1.26011.42.0_x64__8wekyb3d8bbwe-S-1-5-21-359037657-705991866-1087044336-1001
2a04.3b90: root name: type=FilterConnectionPort name=MicrosoftMalwareProtectionAsyncPortWD
2a04.3b90: root name: type=Directory name=Device
2a04.3b90: root name: type=SymbolicLink name=DriverData
2a04.3b90: root name: type=Job name=Container_Microsoft.MicrosoftOfficeHub_19.2602.54091.0_x64__8wekyb3d8bbwe-S-1-5-21-359037657-705991866-1087044336-1001
2a04.3b90: root name: type=ALPC Port name=SmApiPort
2a04.3b90: root name: type=FilterConnectionPort name=MicrosoftMalwareProtectionPortWD
2a04.3b90: root name: type=FilterConnectionPort name=CLDMSGPORT
2a04.3b90: root name: type=SymbolicLink name=OSDataRoot
2a04.3b90: root name: type=Event name=SAM_SERVICE_STARTED
2a04.3b90: root name: type=Directory name=Driver
2a04.3b90: root name: type=SymbolicLink name=DriverStores
2a04.3b90: NtOpenDirectoryObject failed on '\Driver': 0xc0000022
2a04.3b90: \SystemRoot\System32\drivers\aswMonFlt.sys: (new adversary 0x4)
2a04.3b90:     CreationTime:    2026-01-15T19:10:42.645121000Z
2a04.3b90:     LastWriteTime:   2026-02-10T21:09:31.955805600Z
2a04.3b90:     ChangeTime:      2026-03-02T02:35:31.421565800Z
2a04.3b90:     FileAttributes:  0x20
2a04.3b90:     Size:            0x46c60
2a04.3b90:     NT Headers:      0xf0
2a04.3b90:     Timestamp:       0x69788d0a
2a04.3b90:     Machine:         0x8664 - amd64
2a04.3b90:     Timestamp:       0x69788d0a
2a04.3b90:     Image Version:   10.0
2a04.3b90:     SizeOfImage:     0x4d000 (315392)
2a04.3b90:     Resource Dir:    0x4b000 LB 0x3b0
2a04.3b90:     [Version info resource found at 0x48! (ID/Name: 0x1; SubID/SubName: 0x409)]
2a04.3b90:     [Raw version resource data: 0x4b058 LB 0x358, codepage 0x0 (reserved 0x0)]
2a04.3b90:     ProductName:     Antivirus
2a04.3b90:     ProductVersion:  26.1.943.0
2a04.3b90:     FileVersion:     26.1.943.0
2a04.3b90:     FileDescription: Gen File System Filter
2a04.3b90: \SystemRoot\System32\drivers\aswRdr2.sys:
2a04.3b90:     CreationTime:    2026-01-15T19:10:42.635419200Z
2a04.3b90:     LastWriteTime:   2026-02-10T21:09:31.923494100Z
2a04.3b90:     ChangeTime:      2026-03-02T02:35:31.421565800Z
2a04.3b90:     FileAttributes:  0x20
2a04.3b90:     Size:            0x17c60
2a04.3b90:     NT Headers:      0xe8
2a04.3b90:     Timestamp:       0x69788cf9
2a04.3b90:     Machine:         0x8664 - amd64
2a04.3b90:     Timestamp:       0x69788cf9
2a04.3b90:     Image Version:   10.0
2a04.3b90:     SizeOfImage:     0x1b000 (110592)
2a04.3b90:     Resource Dir:    0x19000 LB 0x3a8
2a04.3b90:     [Version info resource found at 0x48! (ID/Name: 0x1; SubID/SubName: 0x409)]
2a04.3b90:     [Raw version resource data: 0x19058 LB 0x350, codepage 0x0 (reserved 0x0)]
2a04.3b90:     ProductName:     Antivirus
2a04.3b90:     ProductVersion:  26.1.943.0
2a04.3b90:     FileVersion:     26.1.943.0
2a04.3b90:     FileDescription: Gen WFP Redirect Driver
2a04.3b90: \SystemRoot\System32\drivers\aswRvrt.sys:
2a04.3b90:     CreationTime:    2026-01-15T19:10:42.651188800Z
2a04.3b90:     LastWriteTime:   2026-02-10T21:09:32.051695800Z
2a04.3b90:     ChangeTime:      2026-03-02T02:35:31.421565800Z
2a04.3b90:     FileAttributes:  0x20
2a04.3b90:     Size:            0x11e60
2a04.3b90:     NT Headers:      0xf0
2a04.3b90:     Timestamp:       0x69788cf8
2a04.3b90:     Machine:         0x8664 - amd64
2a04.3b90:     Timestamp:       0x69788cf8
2a04.3b90:     Image Version:   10.0
2a04.3b90:     SizeOfImage:     0x14000 (81920)
2a04.3b90:     Resource Dir:    0x12000 LB 0x390
2a04.3b90:     [Version info resource found at 0x48! (ID/Name: 0x1; SubID/SubName: 0x409)]
2a04.3b90:     [Raw version resource data: 0x12058 LB 0x338, codepage 0x0 (reserved 0x0)]
2a04.3b90:     ProductName:     Antivirus
2a04.3b90:     ProductVersion:  26.1.943.0
2a04.3b90:     FileVersion:     26.1.943.0
2a04.3b90:     FileDescription: Gen Revert
2a04.3b90: \SystemRoot\System32\drivers\aswSnx.sys:
2a04.3b90:     CreationTime:    2026-02-10T21:09:45.961239800Z
2a04.3b90:     LastWriteTime:   2026-02-10T21:09:04.464361200Z
2a04.3b90:     ChangeTime:      2026-03-02T02:35:31.423567300Z
2a04.3b90:     FileAttributes:  0x20
2a04.3b90:     Size:            0xdb660
2a04.3b90:     NT Headers:      0x100
2a04.3b90:     Timestamp:       0x69788d06
2a04.3b90:     Machine:         0x8664 - amd64
2a04.3b90:     Timestamp:       0x69788d06
2a04.3b90:     Image Version:   10.0
2a04.3b90:     SizeOfImage:     0xe0000 (917504)
2a04.3b90:     Resource Dir:    0xde000 LB 0x3b0
2a04.3b90:     [Version info resource found at 0x48! (ID/Name: 0x1; SubID/SubName: 0x409)]
2a04.3b90:     [Raw version resource data: 0xde058 LB 0x354, codepage 0x0 (reserved 0x0)]
2a04.3b90:     ProductName:     Antivirus
2a04.3b90:     ProductVersion:  26.1.943.0
2a04.3b90:     FileVersion:     26.1.943.0
2a04.3b90:     FileDescription: Gen Virtualization Driver
2a04.3b90: \SystemRoot\System32\drivers\aswsp.sys:
2a04.3b90:     CreationTime:    2026-01-15T19:10:42.656175500Z
2a04.3b90:     LastWriteTime:   2026-02-10T21:09:32.035618600Z
2a04.3b90:     ChangeTime:      2026-03-02T02:35:31.423567300Z
2a04.3b90:     FileAttributes:  0x20
2a04.3b90:     Size:            0x141260
2a04.3b90:     NT Headers:      0xf8
2a04.3b90:     Timestamp:       0x69788d04
2a04.3b90:     Machine:         0x8664 - amd64
2a04.3b90:     Timestamp:       0x69788d04
2a04.3b90:     Image Version:   10.0
2a04.3b90:     SizeOfImage:     0x146000 (1335296)
2a04.3b90:     Resource Dir:    0x143000 LB 0x398
2a04.3b90:     [Version info resource found at 0x48! (ID/Name: 0x1; SubID/SubName: 0x409)]
2a04.3b90:     [Raw version resource data: 0x143058 LB 0x340, codepage 0x0 (reserved 0x0)]
2a04.3b90:     ProductName:     Antivirus
2a04.3b90:     ProductVersion:  26.1.943.0
2a04.3b90:     FileVersion:     26.1.943.0
2a04.3b90:     FileDescription: Gen Self Protection
2a04.3b90: \SystemRoot\System32\drivers\aswStm.sys:
2a04.3b90:     CreationTime:    2026-02-10T21:09:46.201498100Z
2a04.3b90:     LastWriteTime:   2026-02-10T21:09:32.592608000Z
2a04.3b90:     ChangeTime:      2026-03-02T02:35:31.423567300Z
2a04.3b90:     FileAttributes:  0x20
2a04.3b90:     Size:            0x38660
2a04.3b90:     NT Headers:      0xf8
2a04.3b90:     Timestamp:       0x69788cfa
2a04.3b90:     Machine:         0x8664 - amd64
2a04.3b90:     Timestamp:       0x69788cfa
2a04.3b90:     Image Version:   10.0
2a04.3b90:     SizeOfImage:     0x3d000 (249856)
2a04.3b90:     Resource Dir:    0x3b000 LB 0x3a0
2a04.3b90:     [Version info resource found at 0x48! (ID/Name: 0x1; SubID/SubName: 0x409)]
2a04.3b90:     [Raw version resource data: 0x3b058 LB 0x344, codepage 0x0 (reserved 0x0)]
2a04.3b90:     ProductName:     Antivirus
2a04.3b90:     ProductVersion:  26.1.943.0
2a04.3b90:     FileVersion:     26.1.943.0
2a04.3b90:     FileDescription: Gen Stream Filter
2a04.3b90: \SystemRoot\System32\drivers\aswVmm.sys:
2a04.3b90:     CreationTime:    2026-02-10T21:09:46.217450000Z
2a04.3b90:     LastWriteTime:   2026-02-10T21:09:37.790894000Z
2a04.3b90:     ChangeTime:      2026-03-02T02:35:31.423567300Z
2a04.3b90:     FileAttributes:  0x20
2a04.3b90:     Size:            0x62a60
2a04.3b90:     NT Headers:      0xf0
2a04.3b90:     Timestamp:       0x69788d02
2a04.3b90:     Machine:         0x8664 - amd64
2a04.3b90:     Timestamp:       0x69788d02
2a04.3b90:     Image Version:   10.0
2a04.3b90:     SizeOfImage:     0x65000 (413696)
2a04.3b90:     Resource Dir:    0x63000 LB 0x398
2a04.3b90:     [Version info resource found at 0x48! (ID/Name: 0x1; SubID/SubName: 0x409)]
2a04.3b90:     [Raw version resource data: 0x63058 LB 0x340, codepage 0x0 (reserved 0x0)]
2a04.3b90:     ProductName:     Antivirus
2a04.3b90:     ProductVersion:  26.1.943.0
2a04.3b90:     FileVersion:     26.1.943.0
2a04.3b90:     FileDescription: Gen VM Monitor
2a04.3b90: supR3HardenedWinFindAdversaries: 0x4
2a04.3b90: supR3HardenedWinInitAppBin(0x0): '\Device\HarddiskVolume3\Program Files\Oracle\VirtualBox'
2a04.3b90: Calling main()
2a04.3b90: SUPR3HardenedMain: pszProgName=VirtualBoxVM fFlags=0x2
2a04.3b90: supR3HardenedWinInitAppBin(0x2): '\Device\HarddiskVolume3\Program Files\Oracle\VirtualBox'
2a04.3b90: '\Device\HarddiskVolume3\Program Files\Oracle\VirtualBox\VirtualBoxVM.exe' has no imports
2a04.3b90: supHardenedWinVerifyImageByHandle: -> 0 (\Device\HarddiskVolume3\Program Files\Oracle\VirtualBox\VirtualBoxVM.exe)
2a04.3b90: SUPR3HardenedMain: Respawn #2
2a04.3b90: supR3HardNtEnableThreadCreationEx:
2a04.3b90: supR3HardenedDllNotificationCallback: load   00007fff08a20000 LB 0x000a6000 C:\WINDOWS\System32\sechost.dll [fFlags=0x0]
2a04.3b90: supHardenedWinVerifyImageByHandle: -> 0 (\Device\HarddiskVolume3\Windows\System32\sechost.dll)
2a04.3b90: supR3HardenedWinVerifyCacheInsert: \Device\HarddiskVolume3\Windows\System32\sechost.dll
2a04.3b90: '\Device\HarddiskVolume3\Windows\System32\ntdll.dll' has no imports
2a04.3b90: supHardenedWinVerifyImageByHandle: -> 0 (\Device\HarddiskVolume3\Windows\System32\ntdll.dll)
2a04.3b90: supR3HardenedWinVerifyCacheInsert: \Device\HarddiskVolume3\Windows\System32\ntdll.dll
2a04.3b90: supR3HardenedMonitor_LdrLoadDll: pName=C:\WINDOWS\System32\ntdll.dll (Input=ntdll.dll, rcNtResolve=0xc0150008) *pfFlags=0x0 pwszSearchPath=0000000000000801:<flags> [calling]
2a04.3b90: supR3HardenedMonitor_LdrLoadDll: returns rcNt=0x0 hMod=00007fff0ac80000 'C:\WINDOWS\System32\ntdll.dll'
2a04.3b90: supR3HardenedScreenImage/LdrLoadDll: cache hit (VINF_SUCCESS) on \Device\HarddiskVolume3\Windows\System32\KernelBase.dll [lacks WinVerifyTrust]
2a04.3b90: supR3HardenedMonitor_LdrLoadDll: pName=C:\WINDOWS\System32\KernelBase.dll (Input=KernelBase, rcNtResolve=0xc0150008) *pfFlags=0x0 pwszSearchPath=0000000000000801:<flags> [calling]
2a04.3b90: supR3HardenedMonitor_LdrLoadDll: returns rcNt=0x0 hMod=00007fff07560000 'C:\WINDOWS\System32\KernelBase.dll'
2a04.3b90: supR3HardNtDisableThreadCreation: pvLdrInitThunk=00007fff0ad6b0a0 pvNtTerminateThread=00007fff0ade24a0 g_LdrInitThunkSelfBackup.cb=10
2a04.3b90: supR3HardenedWinDoReSpawn(2): New child 2450.5ce4 [kernel32].
2a04.3b90: supR3HardenedWinReSpawn: NtSetInformationThread/ThreadHideFromDebugger failed: 0xc0000022 (harmless)
2a04.3b90: supR3HardNtChildGatherData: PebBaseAddress=0000008eea3e3000 cbPeb=0x388
2a04.3b90: supR3HardNtPuChFindNtdll: uNtDllParentAddr=00007fff0ac80000 uNtDllChildAddr=00007fff0ac80000
2a04.3b90: supR3HardenedWinSetupChildInit: uLdrInitThunk=00007fff0ad6b0a0
2a04.3b90: supR3HardenedWinSetupChildInit: Initial context:
  rax=0000000000000000 rbx=0000000000000000 rcx=00007ff66ed8bb90 rdx=0000008eea3e3000
  rsi=0000000000000000 rdi=0000000000000000 r8 =0000000000000000 r9 =0000000000000000
  r10=0000000000000000 r11=0000000000000000 r12=0000000000000000 r13=0000000000000000
  r14=0000000000000000 r15=0000000000000000  P1=0000000000000000  P2=0000000000000000
  rip=00007fff0ad0c3e0 rsp=0000008eea4ffaf8 rbp=0000000000000000    ctxflags=0010001b
  cs=0033 ss=002b ds=0000 es=0000 fs=0000 gs=0000    eflags=00000200   mxcrx=00001f80
   P3=0000000000000000  P4=0000000000000000  P5=0000000000000000  P6=0000000000000000
  dr0=0000000000000000 dr1=0000000000000000 dr2=0000000000000000 dr3=0000000000000000
  dr6=0000000000000000 dr7=0000000000000000 vcr=0000000000000000 dcr=0000000000000000
  lbt=0000000000000000 lbf=0000000000000000 lxt=0000000000000000 lxf=0000000000000000
2a04.3b90: kernel32.dll: timestamp 0x9db26d02 (rc=VINF_SUCCESS)
2a04.3b90: supR3HardenedWinSetupChildInit: Start child.
2a04.3b90: supR3HardNtChildWaitFor: Found expected request 0 (PurifyChildAndCloseHandles) after 0 ms.
2a04.3b90: supR3HardNtChildPurify: Startup delay kludge #1/0: 525 ms, 33 sleeps
2a04.3b90: supHardNtVpScanVirtualMemory: enmKind=CHILD_PURIFICATION
2a04.3b90:  *0000000000000000-000000007ffdffff 0x0001/0x0000 0x0000000
2a04.3b90:  *000000007ffe0000-000000007ffe0fff 0x0002/0x0002 0x0020000
2a04.3b90:   000000007ffe1000-000000007ffe3fff 0x0001/0x0000 0x0000000
2a04.3b90:  *000000007ffe4000-000000007ffe4fff 0x0002/0x0002 0x0020000
2a04.3b90:   000000007ffe5000-0000008eea1fffff 0x0001/0x0000 0x0000000
2a04.3b90:  *0000008eea200000-0000008eea3e2fff 0x0000/0x0004 0x0020000
2a04.3b90:   0000008eea3e3000-0000008eea3e5fff 0x0004/0x0004 0x0020000
2a04.3b90:   0000008eea3e6000-0000008eea3fffff 0x0000/0x0004 0x0020000
2a04.3b90:  *0000008eea400000-0000008eea4fafff 0x0000/0x0004 0x0020000
2a04.3b90:   0000008eea4fb000-0000008eea4fdfff 0x0104/0x0004 0x0020000
2a04.3b90:   0000008eea4fe000-0000008eea4fffff 0x0004/0x0004 0x0020000
2a04.3b90:   0000008eea500000-000001bb7b64ffff 0x0001/0x0000 0x0000000
2a04.3b90:  *000001bb7b650000-000001bb7b66ffff 0x0004/0x0004 0x0020000
2a04.3b90:  *000001bb7b670000-000001bb7b699fff 0x0002/0x0002 0x0040000
2a04.3b90:   000001bb7b69a000-000001bb7b69ffff 0x0001/0x0000 0x0000000
2a04.3b90:  *000001bb7b6a0000-000001bb7b6a3fff 0x0002/0x0002 0x0040000
2a04.3b90:   000001bb7b6a4000-000001bb7b6affff 0x0001/0x0000 0x0000000
2a04.3b90:  *000001bb7b6b0000-000001bb7b6b0fff 0x0002/0x0002 0x0040000
2a04.3b90:   000001bb7b6b1000-000001bb7b6bffff 0x0001/0x0000 0x0000000
2a04.3b90:  *000001bb7b6c0000-000001bb7b6c1fff 0x0004/0x0004 0x0020000
2a04.3b90:   000001bb7b6c2000-00007df5505effff 0x0001/0x0000 0x0000000
2a04.3b90:  *00007df5505f0000-00007df551ee0fff 0x0000/0x0001 0x0040000
2a04.3b90:   00007df551ee1000-00007df551eeefff 0x0001/0x0001 0x0040000
2a04.3b90:   00007df551eef000-00007df5523e2fff 0x0000/0x0001 0x0040000
2a04.3b90:   00007df5523e3000-00007df5523e3fff 0x0001/0x0001 0x0040000
2a04.3b90:   00007df5523e4000-00007ff52a1a5fff 0x0000/0x0001 0x0040000
2a04.3b90:   00007ff52a1a6000-00007ff52a1aafff 0x0002/0x0001 0x0040000
2a04.3b90:   00007ff52a1ab000-00007ff548c9bfff 0x0000/0x0001 0x0040000
2a04.3b90:   00007ff548c9c000-00007ff54c8a1fff 0x0001/0x0001 0x0040000
2a04.3b90:   00007ff54c8a2000-00007ff54c8abfff 0x0002/0x0001 0x0040000
2a04.3b90:   00007ff54c8ac000-00007ff5505effff 0x0000/0x0001 0x0040000
2a04.3b90:   00007ff5505f0000-00007ff5fe04ffff 0x0001/0x0000 0x0000000
2a04.3b90:  *00007ff5fe050000-00007ff5fe050fff 0x0002/0x0002 0x0040000
2a04.3b90:   00007ff5fe051000-00007ff66ed7ffff 0x0001/0x0000 0x0000000
2a04.3b90:  *00007ff66ed80000-00007ff66ed80fff 0x0002/0x0080 0x1000000  \Device\HarddiskVolume3\Program Files\Oracle\VirtualBox\VirtualBoxVM.exe
2a04.3b90:   00007ff66ed81000-00007ff66edecfff 0x0020/0x0080 0x1000000  \Device\HarddiskVolume3\Program Files\Oracle\VirtualBox\VirtualBoxVM.exe
2a04.3b90:   00007ff66eded000-00007ff66ededfff 0x0080/0x0080 0x1000000  \Device\HarddiskVolume3\Program Files\Oracle\VirtualBox\VirtualBoxVM.exe
2a04.3b90:   00007ff66edee000-00007ff66ee42fff 0x0002/0x0080 0x1000000  \Device\HarddiskVolume3\Program Files\Oracle\VirtualBox\VirtualBoxVM.exe
2a04.3b90:   00007ff66ee43000-00007ff66ee43fff 0x0004/0x0080 0x1000000  \Device\HarddiskVolume3\Program Files\Oracle\VirtualBox\VirtualBoxVM.exe
2a04.3b90:   00007ff66ee44000-00007ff66ee44fff 0x0008/0x0080 0x1000000  \Device\HarddiskVolume3\Program Files\Oracle\VirtualBox\VirtualBoxVM.exe
2a04.3b90:   00007ff66ee45000-00007ff66ee4afff 0x0004/0x0080 0x1000000  \Device\HarddiskVolume3\Program Files\Oracle\VirtualBox\VirtualBoxVM.exe
2a04.3b90:   00007ff66ee4b000-00007ff66ee4ffff 0x0008/0x0080 0x1000000  \Device\HarddiskVolume3\Program Files\Oracle\VirtualBox\VirtualBoxVM.exe
2a04.3b90:   00007ff66ee50000-00007ff66ee8afff 0x0002/0x0080 0x1000000  \Device\HarddiskVolume3\Program Files\Oracle\VirtualBox\VirtualBoxVM.exe
2a04.3b90:   00007ff66ee8b000-00007fff0ac7ffff 0x0001/0x0000 0x0000000
2a04.3b90:  *00007fff0ac80000-00007fff0ac80fff 0x0002/0x0080 0x1000000  \Device\HarddiskVolume3\Windows\System32\ntdll.dll
2a04.3b90:   00007fff0ac81000-00007fff0adf2fff 0x0020/0x0080 0x1000000  \Device\HarddiskVolume3\Windows\System32\ntdll.dll
2a04.3b90:   00007fff0adf3000-00007fff0ae4bfff 0x0002/0x0080 0x1000000  \Device\HarddiskVolume3\Windows\System32\ntdll.dll
2a04.3b90:   00007fff0ae4c000-00007fff0ae55fff 0x0008/0x0080 0x1000000  \Device\HarddiskVolume3\Windows\System32\ntdll.dll
2a04.3b90:   00007fff0ae56000-00007fff0ae66fff 0x0002/0x0080 0x1000000  \Device\HarddiskVolume3\Windows\System32\ntdll.dll
2a04.3b90:   00007fff0ae67000-00007fff0ae69fff 0x0008/0x0080 0x1000000  \Device\HarddiskVolume3\Windows\System32\ntdll.dll
2a04.3b90:   00007fff0ae6a000-00007fff0ae6afff 0x0004/0x0080 0x1000000  \Device\HarddiskVolume3\Windows\System32\ntdll.dll
2a04.3b90:   00007fff0ae6b000-00007fff0aee7fff 0x0002/0x0080 0x1000000  \Device\HarddiskVolume3\Windows\System32\ntdll.dll
2a04.3b90:   00007fff0aee8000-00007ffffffeffff 0x0001/0x0000 0x0000000
2a04.3b90: VirtualBoxVM.exe: timestamp 0x697cda2e (rc=VINF_SUCCESS)
2a04.3b90: '\Device\HarddiskVolume3\Program Files\Oracle\VirtualBox\VirtualBoxVM.exe' has no imports
2a04.3b90: VirtualBoxVM.exe: Differences in section #8 (.rsrc) between file and memory:
2a04.3b90:   00007ff66ee88b70 / 0x0108b70: 00 != 50
2a04.3b90:   00007ff66ee88b71 / 0x0108b71: 00 != 41
2a04.3b90:   00007ff66ee88b72 / 0x0108b72: 00 != 44
2a04.3b90:   00007ff66ee88b73 / 0x0108b73: 00 != 44
2a04.3b90:   00007ff66ee88b74 / 0x0108b74: 00 != 49
2a04.3b90:   00007ff66ee88b75 / 0x0108b75: 00 != 4e
2a04.3b90:   00007ff66ee88b76 / 0x0108b76: 00 != 47
2a04.3b90:   00007ff66ee88b77 / 0x0108b77: 00 != 58
2a04.3b90:   00007ff66ee88b78 / 0x0108b78: 00 != 58
2a04.3b90:   00007ff66ee88b79 / 0x0108b79: 00 != 50
2a04.3b90:   00007ff66ee88b7a / 0x0108b7a: 00 != 41
2a04.3b90:   00007ff66ee88b7b / 0x0108b7b: 00 != 44
2a04.3b90:   00007ff66ee88b7c / 0x0108b7c: 00 != 44
2a04.3b90:   00007ff66ee88b7d / 0x0108b7d: 00 != 49
2a04.3b90:   00007ff66ee88b7e / 0x0108b7e: 00 != 4e
2a04.3b90:   00007ff66ee88b7f / 0x0108b7f: 00 != 47
2a04.3b90:   00007ff66ee88b80 / 0x0108b80: 00 != 50
2a04.3b90:   00007ff66ee88b81 / 0x0108b81: 00 != 41
2a04.3b90:   00007ff66ee88b82 / 0x0108b82: 00 != 44
2a04.3b90:   00007ff66ee88b83 / 0x0108b83: 00 != 44
2a04.3b90:   00007ff66ee88b84 / 0x0108b84: 00 != 49
2a04.3b90:   00007ff66ee88b85 / 0x0108b85: 00 != 4e
2a04.3b90:   00007ff66ee88b86 / 0x0108b86: 00 != 47
2a04.3b90:   00007ff66ee88b87 / 0x0108b87: 00 != 58
2a04.3b90:   00007ff66ee88b88 / 0x0108b88: 00 != 58
2a04.3b90:   00007ff66ee88b89 / 0x0108b89: 00 != 50
2a04.3b90:   00007ff66ee88b8a / 0x0108b8a: 00 != 41
2a04.3b90:   00007ff66ee88b8b / 0x0108b8b: 00 != 44
2a04.3b90:   00007ff66ee88b8c / 0x0108b8c: 00 != 44
2a04.3b90:   00007ff66ee88b8d / 0x0108b8d: 00 != 49
2a04.3b90:   00007ff66ee88b8e / 0x0108b8e: 00 != 4e
2a04.3b90:   00007ff66ee88b8f / 0x0108b8f: 00 != 47
2a04.3b90:   00007ff66ee88b90 / 0x0108b90: 00 != 50
2a04.3b90:   00007ff66ee88b91 / 0x0108b91: 00 != 41
2a04.3b90:   00007ff66ee88b92 / 0x0108b92: 00 != 44
2a04.3b90:   00007ff66ee88b93 / 0x0108b93: 00 != 44
2a04.3b90:   00007ff66ee88b94 / 0x0108b94: 00 != 49
2a04.3b90:   00007ff66ee88b95 / 0x0108b95: 00 != 4e
2a04.3b90:   00007ff66ee88b96 / 0x0108b96: 00 != 47
2a04.3b90:   00007ff66ee88b97 / 0x0108b97: 00 != 58
2a04.3b90:   00007ff66ee88b98 / 0x0108b98: 00 != 58
2a04.3b90:   00007ff66ee88b99 / 0x0108b99: 00 != 50
2a04.3b90:   00007ff66ee88b9a / 0x0108b9a: 00 != 41
2a04.3b90:   00007ff66ee88b9b / 0x0108b9b: 00 != 44
2a04.3b90:   00007ff66ee88b9c / 0x0108b9c: 00 != 44
2a04.3b90:   00007ff66ee88b9d / 0x0108b9d: 00 != 49
2a04.3b90:   00007ff66ee88b9e / 0x0108b9e: 00 != 4e
2a04.3b90:   00007ff66ee88b9f / 0x0108b9f: 00 != 47
2a04.3b90:   00007ff66ee88ba0 / 0x0108ba0: 00 != 50
2a04.3b90:   00007ff66ee88ba1 / 0x0108ba1: 00 != 41
2a04.3b90:   00007ff66ee88ba2 / 0x0108ba2: 00 != 44
2a04.3b90:   00007ff66ee88ba3 / 0x0108ba3: 00 != 44
2a04.3b90:   00007ff66ee88ba4 / 0x0108ba4: 00 != 49
2a04.3b90:   00007ff66ee88ba5 / 0x0108ba5: 00 != 4e
2a04.3b90:   00007ff66ee88ba6 / 0x0108ba6: 00 != 47
2a04.3b90:   00007ff66ee88ba7 / 0x0108ba7: 00 != 58
2a04.3b90:   00007ff66ee88ba8 / 0x0108ba8: 00 != 58
2a04.3b90:   00007ff66ee88ba9 / 0x0108ba9: 00 != 50
2a04.3b90:   00007ff66ee88baa / 0x0108baa: 00 != 41
2a04.3b90:   00007ff66ee88bab / 0x0108bab: 00 != 44
2a04.3b90:   00007ff66ee88bac / 0x0108bac: 00 != 44
2a04.3b90:   00007ff66ee88bad / 0x0108bad: 00 != 49
2a04.3b90:   00007ff66ee88bae / 0x0108bae: 00 != 4e
2a04.3b90:   00007ff66ee88baf / 0x0108baf: 00 != 47
2a04.3b90:   00007ff66ee88bb0 / 0x0108bb0: 00 != 50
2a04.3b90:   00007ff66ee88bb1 / 0x0108bb1: 00 != 41
2a04.3b90:   00007ff66ee88bb2 / 0x0108bb2: 00 != 44
2a04.3b90:   00007ff66ee88bb3 / 0x0108bb3: 00 != 44
2a04.3b90:   00007ff66ee88bb4 / 0x0108bb4: 00 != 49
2a04.3b90:   00007ff66ee88bb5 / 0x0108bb5: 00 != 4e
2a04.3b90:   00007ff66ee88bb6 / 0x0108bb6: 00 != 47
2a04.3b90:   00007ff66ee88bb7 / 0x0108bb7: 00 != 58
2a04.3b90:   00007ff66ee88bb8 / 0x0108bb8: 00 != 58
2a04.3b90:   00007ff66ee88bb9 / 0x0108bb9: 00 != 50
2a04.3b90:   00007ff66ee88bba / 0x0108bba: 00 != 41
2a04.3b90:   00007ff66ee88bbb / 0x0108bbb: 00 != 44
2a04.3b90:   00007ff66ee88bbc / 0x0108bbc: 00 != 44
2a04.3b90:   00007ff66ee88bbd / 0x0108bbd: 00 != 49
2a04.3b90:   00007ff66ee88bbe / 0x0108bbe: 00 != 4e
2a04.3b90:   00007ff66ee88bbf / 0x0108bbf: 00 != 47
2a04.3b90:   00007ff66ee88bc0 / 0x0108bc0: 00 != 50
2a04.3b90:   00007ff66ee88bc1 / 0x0108bc1: 00 != 41
2a04.3b90:   00007ff66ee88bc2 / 0x0108bc2: 00 != 44
2a04.3b90:   00007ff66ee88bc3 / 0x0108bc3: 00 != 44
2a04.3b90:   00007ff66ee88bc4 / 0x0108bc4: 00 != 49
2a04.3b90:   00007ff66ee88bc5 / 0x0108bc5: 00 != 4e
2a04.3b90:   00007ff66ee88bc6 / 0x0108bc6: 00 != 47
2a04.3b90:   00007ff66ee88bc7 / 0x0108bc7: 00 != 58
2a04.3b90:   00007ff66ee88bc8 / 0x0108bc8: 00 != 58
2a04.3b90:   00007ff66ee88bc9 / 0x0108bc9: 00 != 50
2a04.3b90:   00007ff66ee88bca / 0x0108bca: 00 != 41
2a04.3b90:   00007ff66ee88bcb / 0x0108bcb: 00 != 44
2a04.3b90:   00007ff66ee88bcc / 0x0108bcc: 00 != 44
2a04.3b90:   00007ff66ee88bcd / 0x0108bcd: 00 != 49
2a04.3b90:   00007ff66ee88bce / 0x0108bce: 00 != 4e
2a04.3b90:   00007ff66ee88bcf / 0x0108bcf: 00 != 47
2a04.3b90:   00007ff66ee88bd0 / 0x0108bd0: 00 != 50
2a04.3b90:   00007ff66ee88bd1 / 0x0108bd1: 00 != 41
2a04.3b90:   00007ff66ee88bd2 / 0x0108bd2: 00 != 44
2a04.3b90:   00007ff66ee88bd3 / 0x0108bd3: 00 != 44
2a04.3b90:   00007ff66ee88bd4 / 0x0108bd4: 00 != 49
2a04.3b90:   00007ff66ee88bd5 / 0x0108bd5: 00 != 4e
2a04.3b90:   00007ff66ee88bd6 / 0x0108bd6: 00 != 47
2a04.3b90:   00007ff66ee88bd7 / 0x0108bd7: 00 != 58
2a04.3b90:   00007ff66ee88bd8 / 0x0108bd8: 00 != 58
2a04.3b90:   00007ff66ee88bd9 / 0x0108bd9: 00 != 50
2a04.3b90:   00007ff66ee88bda / 0x0108bda: 00 != 41
2a04.3b90:   00007ff66ee88bdb / 0x0108bdb: 00 != 44
2a04.3b90:   00007ff66ee88bdc / 0x0108bdc: 00 != 44
2a04.3b90:   00007ff66ee88bdd / 0x0108bdd: 00 != 49
2a04.3b90:   00007ff66ee88bde / 0x0108bde: 00 != 4e
2a04.3b90:   00007ff66ee88bdf / 0x0108bdf: 00 != 47
2a04.3b90:   00007ff66ee88be0 / 0x0108be0: 00 != 50
2a04.3b90:   00007ff66ee88be1 / 0x0108be1: 00 != 41
2a04.3b90:   00007ff66ee88be2 / 0x0108be2: 00 != 44
2a04.3b90:   00007ff66ee88be3 / 0x0108be3: 00 != 44
2a04.3b90:   00007ff66ee88be4 / 0x0108be4: 00 != 49
2a04.3b90:   00007ff66ee88be5 / 0x0108be5: 00 != 4e
2a04.3b90:   00007ff66ee88be6 / 0x0108be6: 00 != 47
2a04.3b90:   00007ff66ee88be7 / 0x0108be7: 00 != 58
2a04.3b90:   00007ff66ee88be8 / 0x0108be8: 00 != 58
2a04.3b90:   00007ff66ee88be9 / 0x0108be9: 00 != 50
2a04.3b90:   00007ff66ee88bea / 0x0108bea: 00 != 41
2a04.3b90:   00007ff66ee88beb / 0x0108beb: 00 != 44
2a04.3b90:   00007ff66ee88bec / 0x0108bec: 00 != 44
2a04.3b90:   00007ff66ee88bed / 0x0108bed: 00 != 49
2a04.3b90:   00007ff66ee88bee / 0x0108bee: 00 != 4e
2a04.3b90:   00007ff66ee88bef / 0x0108bef: 00 != 47
2a04.3b90:   00007ff66ee88bf0 / 0x0108bf0: 00 != 50
2a04.3b90:   00007ff66ee88bf1 / 0x0108bf1: 00 != 41
2a04.3b90:   00007ff66ee88bf2 / 0x0108bf2: 00 != 44
2a04.3b90:   00007ff66ee88bf3 / 0x0108bf3: 00 != 44
2a04.3b90:   00007ff66ee88bf4 / 0x0108bf4: 00 != 49
2a04.3b90:   00007ff66ee88bf5 / 0x0108bf5: 00 != 4e
2a04.3b90:   00007ff66ee88bf6 / 0x0108bf6: 00 != 47
2a04.3b90:   00007ff66ee88bf7 / 0x0108bf7: 00 != 58
2a04.3b90:   00007ff66ee88bf8 / 0x0108bf8: 00 != 58
2a04.3b90:   00007ff66ee88bf9 / 0x0108bf9: 00 != 50
2a04.3b90:   00007ff66ee88bfa / 0x0108bfa: 00 != 41
2a04.3b90:   00007ff66ee88bfb / 0x0108bfb: 00 != 44
2a04.3b90:   00007ff66ee88bfc / 0x0108bfc: 00 != 44
2a04.3b90:   00007ff66ee88bfd / 0x0108bfd: 00 != 49
2a04.3b90:   00007ff66ee88bfe / 0x0108bfe: 00 != 4e
2a04.3b90:   00007ff66ee88bff / 0x0108bff: 00 != 47
2a04.3b90:   Restored 0x490 bytes of original file content at 00007ff66ee88b70
2a04.3b90: '\Device\HarddiskVolume3\Windows\System32\ntdll.dll' has no imports
2a04.3b90: ntdll.dll: Differences in section #12 (.mrdata) between file and memory:
2a04.3b90:   00007fff0ae6a490 / 0x01ea490: 00 != a0
2a04.3b90:   00007fff0ae6a491 / 0x01ea491: 00 != c2
2a04.3b90:   00007fff0ae6a492 / 0x01ea492: 00 != e3
2a04.3b90:   00007fff0ae6a493 / 0x01ea493: 00 != 77
2a04.3b90:   00007fff0ae6a498 / 0x01ea498: 00 != e8
2a04.3b90:   00007fff0ae6a499 / 0x01ea499: 00 != 97
2a04.3b90:   00007fff0ae6a49a / 0x01ea49a: 00 != e3
2a04.3b90:   00007fff0ae6a49b / 0x01ea49b: 00 != 77
2a04.3b90:   00007fff0ae6a4d8 / 0x01ea4d8: 00 != bd
2a04.3b90:   00007fff0ae6a4d9 / 0x01ea4d9: 00 != f3
2a04.3b90:   00007fff0ae6a4da / 0x01ea4da: 00 != b7
2a04.3b90:   00007fff0ae6a4db / 0x01ea4db: 00 != 0e
2a04.3b90:   00007fff0ae6a4e0 / 0x01ea4e0: 00 != 10
2a04.3b90:   00007fff0ae6a4e5 / 0x01ea4e5: 00 != 01
2a04.3b90:   00007fff0ae6a4f0 / 0x01ea4f0: 00 != 02
2a04.3b90:   00007fff0ae6a4f1 / 0x01ea4f1: 00 != 20
2a04.3b90:   00007fff0ae6a4fa / 0x01ea4fa: 00 != 5f
2a04.3b90:   00007fff0ae6a4fb / 0x01ea4fb: 00 != 50
2a04.3b90:   00007fff0ae6a4fc / 0x01ea4fc: 00 != f5
2a04.3b90:   00007fff0ae6a4fd / 0x01ea4fd: 00 != 7d
2a04.3b90:   00007fff0ae6a505 / 0x01ea505: 00 != 02
2a04.3b90:   Restored 0x118 bytes of original file content at 00007fff0ae6a490
2a04.3b90: supR3HardNtChildPurify: cFixes=2 g_fSupAdversaries=0x4
2a04.3b90: supR3HardNtChildPurify: Startup delay kludge #1/1: 524 ms, 32 sleeps
2a04.3b90: supHardNtVpScanVirtualMemory: enmKind=CHILD_PURIFICATION
2a04.3b90:  *0000000000000000-000000007ffdffff 0x0001/0x0000 0x0000000
2a04.3b90:  *000000007ffe0000-000000007ffe0fff 0x0002/0x0002 0x0020000
2a04.3b90:   000000007ffe1000-000000007ffe3fff 0x0001/0x0000 0x0000000
2a04.3b90:  *000000007ffe4000-000000007ffe4fff 0x0002/0x0002 0x0020000
2a04.3b90:   000000007ffe5000-0000008eea1fffff 0x0001/0x0000 0x0000000
2a04.3b90:  *0000008eea200000-0000008eea3e2fff 0x0000/0x0004 0x0020000
2a04.3b90:   0000008eea3e3000-0000008eea3e5fff 0x0004/0x0004 0x0020000
2a04.3b90:   0000008eea3e6000-0000008eea3fffff 0x0000/0x0004 0x0020000
2a04.3b90:  *0000008eea400000-0000008eea4fafff 0x0000/0x0004 0x0020000
2a04.3b90:   0000008eea4fb000-0000008eea4fdfff 0x0104/0x0004 0x0020000
2a04.3b90:   0000008eea4fe000-0000008eea4fffff 0x0004/0x0004 0x0020000
2a04.3b90:   0000008eea500000-000001bb7b64ffff 0x0001/0x0000 0x0000000
2a04.3b90:  *000001bb7b650000-000001bb7b66ffff 0x0004/0x0004 0x0020000
2a04.3b90:  *000001bb7b670000-000001bb7b699fff 0x0002/0x0002 0x0040000
2a04.3b90:   000001bb7b69a000-000001bb7b69ffff 0x0001/0x0000 0x0000000
2a04.3b90:  *000001bb7b6a0000-000001bb7b6a3fff 0x0002/0x0002 0x0040000
2a04.3b90:   000001bb7b6a4000-000001bb7b6affff 0x0001/0x0000 0x0000000
2a04.3b90:  *000001bb7b6b0000-000001bb7b6b0fff 0x0002/0x0002 0x0040000
2a04.3b90:   000001bb7b6b1000-000001bb7b6bffff 0x0001/0x0000 0x0000000
2a04.3b90:  *000001bb7b6c0000-000001bb7b6c1fff 0x0004/0x0004 0x0020000
2a04.3b90:   000001bb7b6c2000-00007df5505effff 0x0001/0x0000 0x0000000
2a04.3b90:  *00007df5505f0000-00007df551ee0fff 0x0000/0x0001 0x0040000
2a04.3b90:   00007df551ee1000-00007df551eeefff 0x0001/0x0001 0x0040000
2a04.3b90:   00007df551eef000-00007df5523e2fff 0x0000/0x0001 0x0040000
2a04.3b90:   00007df5523e3000-00007df5523e3fff 0x0001/0x0001 0x0040000
2a04.3b90:   00007df5523e4000-00007ff52a1a5fff 0x0000/0x0001 0x0040000
2a04.3b90:   00007ff52a1a6000-00007ff52a1aafff 0x0002/0x0001 0x0040000
2a04.3b90:   00007ff52a1ab000-00007ff548c9bfff 0x0000/0x0001 0x0040000
2a04.3b90:   00007ff548c9c000-00007ff54c8a1fff 0x0001/0x0001 0x0040000
2a04.3b90:   00007ff54c8a2000-00007ff54c8abfff 0x0002/0x0001 0x0040000
2a04.3b90:   00007ff54c8ac000-00007ff5505effff 0x0000/0x0001 0x0040000
2a04.3b90:   00007ff5505f0000-00007ff5fe04ffff 0x0001/0x0000 0x0000000
2a04.3b90:  *00007ff5fe050000-00007ff5fe050fff 0x0002/0x0002 0x0040000
2a04.3b90:   00007ff5fe051000-00007ff66ed7ffff 0x0001/0x0000 0x0000000
2a04.3b90:  *00007ff66ed80000-00007ff66ed80fff 0x0002/0x0080 0x1000000  \Device\HarddiskVolume3\Program Files\Oracle\VirtualBox\VirtualBoxVM.exe
2a04.3b90:   00007ff66ed81000-00007ff66edecfff 0x0020/0x0080 0x1000000  \Device\HarddiskVolume3\Program Files\Oracle\VirtualBox\VirtualBoxVM.exe
2a04.3b90:   00007ff66eded000-00007ff66ededfff 0x0040/0x0080 0x1000000  \Device\HarddiskVolume3\Program Files\Oracle\VirtualBox\VirtualBoxVM.exe
2a04.3b90:   00007ff66edee000-00007ff66ee42fff 0x0002/0x0080 0x1000000  \Device\HarddiskVolume3\Program Files\Oracle\VirtualBox\VirtualBoxVM.exe
2a04.3b90:   00007ff66ee43000-00007ff66ee4ffff 0x0004/0x0080 0x1000000  \Device\HarddiskVolume3\Program Files\Oracle\VirtualBox\VirtualBoxVM.exe
2a04.3b90:   00007ff66ee50000-00007ff66ee8afff 0x0002/0x0080 0x1000000  \Device\HarddiskVolume3\Program Files\Oracle\VirtualBox\VirtualBoxVM.exe
2a04.3b90:   00007ff66ee8b000-00007fff0ac7ffff 0x0001/0x0000 0x0000000
2a04.3b90:  *00007fff0ac80000-00007fff0ac80fff 0x0002/0x0080 0x1000000  \Device\HarddiskVolume3\Windows\System32\ntdll.dll
2a04.3b90:   00007fff0ac81000-00007fff0adf2fff 0x0020/0x0080 0x1000000  \Device\HarddiskVolume3\Windows\System32\ntdll.dll
2a04.3b90:   00007fff0adf3000-00007fff0ae4bfff 0x0002/0x0080 0x1000000  \Device\HarddiskVolume3\Windows\System32\ntdll.dll
2a04.3b90:   00007fff0ae4c000-00007fff0ae4cfff 0x0004/0x0080 0x1000000  \Device\HarddiskVolume3\Windows\System32\ntdll.dll
2a04.3b90:   00007fff0ae4d000-00007fff0ae4dfff 0x0008/0x0080 0x1000000  \Device\HarddiskVolume3\Windows\System32\ntdll.dll
2a04.3b90:   00007fff0ae4e000-00007fff0ae55fff 0x0004/0x0080 0x1000000  \Device\HarddiskVolume3\Windows\System32\ntdll.dll
2a04.3b90:   00007fff0ae56000-00007fff0ae66fff 0x0002/0x0080 0x1000000  \Device\HarddiskVolume3\Windows\System32\ntdll.dll
2a04.3b90:   00007fff0ae67000-00007fff0ae67fff 0x0004/0x0080 0x1000000  \Device\HarddiskVolume3\Windows\System32\ntdll.dll
2a04.3b90:   00007fff0ae68000-00007fff0ae69fff 0x0008/0x0080 0x1000000  \Device\HarddiskVolume3\Windows\System32\ntdll.dll
2a04.3b90:   00007fff0ae6a000-00007fff0ae6afff 0x0004/0x0080 0x1000000  \Device\HarddiskVolume3\Windows\System32\ntdll.dll
2a04.3b90:   00007fff0ae6b000-00007fff0aee7fff 0x0002/0x0080 0x1000000  \Device\HarddiskVolume3\Windows\System32\ntdll.dll
2a04.3b90:   00007fff0aee8000-00007ffffffeffff 0x0001/0x0000 0x0000000
2a04.3b90: supR3HardNtChildPurify: Done after 1085 ms and 2 fixes (loop #1).
2450.5ce4: Log file opened: 7.2.6r172322 g_hStartupLog=0000000000000004 g_uNtVerCombined=0xa065f400
2450.5ce4: supR3HardenedVmProcessInit: uNtDllAddr=00007fff0ac80000 g_uNtVerCombined=0xa065f400 (stack ~0000008eea4fe8c0)
2a04.3b90: supR3HardenedEarlyCompact: Removed heap 1 (0x00026e4f7f0000 LB 0x800000)
2450.5ce4: ntdll.dll: timestamp 0xc140bef4 (rc=VINF_SUCCESS)
2450.5ce4: New simple heap: #1 000001bb7b7d0000 LB 0x800000 (for 2523136 allocation)
2a04.3b90: supR3HardNtEnableThreadCreationEx:
2450.5ce4: supR3HardenedWinInitAppBin(0x0): '\Device\HarddiskVolume3\Program Files\Oracle\VirtualBox'
2450.5ce4: System32:  \Device\HarddiskVolume3\Windows\System32
2450.5ce4: WinSxS:    \Device\HarddiskVolume3\Windows\WinSxS
2450.5ce4: KnownDllPath: C:\WINDOWS\System32
2450.5ce4: supR3HardenedVmProcessInit: Opening vboxsup...
2450.5ce4: supR3HardenedVmProcessInit: Restoring LdrInitializeThunk...
2450.5ce4: supR3HardenedVmProcessInit: Returning to LdrInitializeThunk...
2450.5ce4: Registered Dll notification callback with NTDLL.
2450.5ce4: supHardenedWinVerifyImageByHandle: -> 0 (\Device\HarddiskVolume3\Windows\System32\kernel32.dll)
2450.5ce4: supR3HardenedWinVerifyCacheInsert: \Device\HarddiskVolume3\Windows\System32\kernel32.dll
2450.5ce4: supR3HardenedMonitor_LdrLoadDll: pName=C:\WINDOWS\System32\KERNEL32.DLL (Input=KERNEL32.DLL, rcNtResolve=0xc0150008) *pfFlags=0xffffffff pwszSearchPath=0000000000004001:<flags> [calling]
2450.5ce4: supR3HardenedDllNotificationCallback: load   00007fff07560000 LB 0x003f1000 C:\WINDOWS\System32\KERNELBASE.dll [fFlags=0x0]
2450.5ce4: supHardenedWinVerifyImageByHandle: -> 0 (\Device\HarddiskVolume3\Windows\System32\KernelBase.dll)
2450.5ce4: supR3HardenedWinVerifyCacheInsert: \Device\HarddiskVolume3\Windows\System32\KernelBase.dll
2450.5ce4: supR3HardenedDllNotificationCallback: load   00007fff09ca0000 LB 0x000c9000 C:\WINDOWS\System32\KERNEL32.DLL [fFlags=0x0]
2450.5ce4: supR3HardenedScreenImage/LdrLoadDll: cache hit (VINF_SUCCESS) on \Device\HarddiskVolume3\Windows\System32\kernel32.dll [lacks WinVerifyTrust]
2450.5ce4: supR3HardenedMonitor_LdrLoadDll: returns rcNt=0x0 hMod=00007fff09ca0000 'C:\WINDOWS\System32\KERNEL32.DLL'
2450.5ce4: supR3HardenedScreenImage/LdrLoadDll: cache hit (VINF_SUCCESS) on \Device\HarddiskVolume3\Windows\System32\KernelBase.dll [lacks WinVerifyTrust]
2450.5ce4: supR3HardenedMonitor_LdrLoadDll: pName=C:\WINDOWS\System32\KERNELBASE.dll (Input=KERNELBASE.dll, rcNtResolve=0xc0150008) *pfFlags=0xffffffff pwszSearchPath=0000000000004001:<flags> [calling]
2450.5ce4: supR3HardenedMonitor_LdrLoadDll: returns rcNt=0x0 hMod=00007fff07560000 'C:\WINDOWS\System32\KERNELBASE.dll'
2450.5ce4: supR3HardenedDllNotificationCallback: load   00007ff66ed80000 LB 0x0010b000 C:\Program Files\Oracle\VirtualBox\VirtualBoxVM.exe [fFlags=0x0]
2450.5ce4: '\Device\HarddiskVolume3\Program Files\Oracle\VirtualBox\VirtualBoxVM.exe' has no imports
2450.5ce4: supHardenedWinVerifyImageByHandle: -> 0 (\Device\HarddiskVolume3\Program Files\Oracle\VirtualBox\VirtualBoxVM.exe)
2450.5ce4: supR3HardenedWinVerifyCacheInsert: \Device\HarddiskVolume3\Program Files\Oracle\VirtualBox\VirtualBoxVM.exe
2450.5ce4: supR3HardNtDisableThreadCreation: pvLdrInitThunk=00007fff0ad6b0a0 pvNtTerminateThread=00007fff0ade24a0 g_LdrInitThunkSelfBackup.cb=0
2450.5ce4: supR3HardNtDisableThreadCreationEx: Backup=40 53 48 83 ec 20 48 8b d9 e8 1a 00 00 00 b2 01
2450.5ce4: \SystemRoot\System32\ntdll.dll:
2450.5ce4:     CreationTime:    2026-03-02T02:28:51.994203800Z
2450.5ce4:     LastWriteTime:   2026-03-02T02:28:52.182949000Z
2450.5ce4:     ChangeTime:      2026-03-02T02:32:23.694814700Z
2a04.3b90: supR3HardNtChildWaitFor: Found expected request 1 (CloseEvents) after 87 ms.
2450.5ce4:     FileAttributes:  0x20
2450.5ce4:     Size:            0x267b88
2450.5ce4:     NT Headers:      0xe0
2450.5ce4:     Timestamp:       0xc140bef4
2450.5ce4:     Machine:         0x8664 - amd64
2450.5ce4:     Timestamp:       0xc140bef4
2450.5ce4:     Image Version:   10.0
2450.5ce4:     SizeOfImage:     0x268000 (2523136)
2450.5ce4:     Resource Dir:    0x1ec000 LB 0x7a108
2450.5ce4:     [Version info resource found at 0xd8! (ID/Name: 0x1; SubID/SubName: 0x409)]
2450.5ce4:     [Raw version resource data: 0x1ec0f0 LB 0x380, codepage 0x0 (reserved 0x0)]
2450.5ce4:     ProductName:     Microsoft® Windows® Operating System
2450.5ce4:     ProductVersion:  10.0.26100.7824
2450.5ce4:     FileVersion:     10.0.26100.7824 (WinBuild.160101.0800)
2450.5ce4:     FileDescription: NT Layer DLL
2450.5ce4: \SystemRoot\System32\kernel32.dll:
2450.5ce4:     CreationTime:    2026-03-02T02:28:45.824996400Z
2450.5ce4:     LastWriteTime:   2026-03-02T02:28:45.870317900Z
2450.5ce4:     ChangeTime:      2026-03-01T17:38:34.152423700Z
2450.5ce4:     FileAttributes:  0x20
2450.5ce4:     Size:            0xcc218
2450.5ce4:     NT Headers:      0xf0
2450.5ce4:     Timestamp:       0x9db26d02
2450.5ce4:     Machine:         0x8664 - amd64
2450.5ce4:     Timestamp:       0x9db26d02
2450.5ce4:     Image Version:   10.0
2450.5ce4:     SizeOfImage:     0xc9000 (823296)
2450.5ce4:     Resource Dir:    0xc7000 LB 0x520
2450.5ce4:     [Version info resource found at 0x90! (ID/Name: 0x1; SubID/SubName: 0x409)]
2450.5ce4:     [Raw version resource data: 0xc70b0 LB 0x3a4, codepage 0x0 (reserved 0x0)]
2450.5ce4:     ProductName:     Microsoft® Windows® Operating System
2450.5ce4:     ProductVersion:  10.0.26100.7705
2450.5ce4:     FileVersion:     10.0.26100.7705 (WinBuild.160101.0800)
2450.5ce4:     FileDescription: Windows NT BASE API Client DLL
2450.5ce4: \SystemRoot\System32\KernelBase.dll:
2450.5ce4:     CreationTime:    2026-03-02T02:28:52.338253000Z
2450.5ce4:     LastWriteTime:   2026-03-02T02:28:52.788785800Z
2450.5ce4:     ChangeTime:      2026-03-01T17:38:34.199320300Z
2450.5ce4:     FileAttributes:  0x20
2450.5ce4:     Size:            0x3f32c0
2450.5ce4:     NT Headers:      0x108
2450.5ce4:     Timestamp:       0xad803701
2450.5ce4:     Machine:         0x8664 - amd64
2450.5ce4:     Timestamp:       0xad803701
2450.5ce4:     Image Version:   10.0
2450.5ce4:     SizeOfImage:     0x3f1000 (4132864)
2450.5ce4:     Resource Dir:    0x3b7000 LB 0x548
2450.5ce4:     [Version info resource found at 0x90! (ID/Name: 0x1; SubID/SubName: 0x409)]
2450.5ce4:     [Raw version resource data: 0x3b70b0 LB 0x3bc, codepage 0x0 (reserved 0x0)]
2450.5ce4:     ProductName:     Microsoft® Windows® Operating System
2450.5ce4:     ProductVersion:  10.0.26100.7824
2450.5ce4:     FileVersion:     10.0.26100.7824 (WinBuild.160101.0800)
2450.5ce4:     FileDescription: Windows NT BASE API Client DLL
2450.5ce4: \SystemRoot\System32\apisetschema.dll:
2450.5ce4:     CreationTime:    2026-03-02T02:28:32.278284600Z
2450.5ce4:     LastWriteTime:   2026-03-02T02:28:32.290055900Z
2450.5ce4:     ChangeTime:      2026-03-02T02:32:23.679137500Z
2450.5ce4:     FileAttributes:  0x20
2450.5ce4:     Size:            0x2f598
2450.5ce4:     NT Headers:      0xd8
2450.5ce4:     Timestamp:       0xd5983b53
2450.5ce4:     Machine:         0x8664 - amd64
2450.5ce4:     Timestamp:       0xd5983b53
2450.5ce4:     Image Version:   10.0
2450.5ce4:     SizeOfImage:     0x2e000 (188416)
2450.5ce4:     Resource Dir:    0x2d000 LB 0x408
2450.5ce4:     [Version info resource found at 0x48! (ID/Name: 0x1; SubID/SubName: 0x409)]
2450.5ce4:     [Raw version resource data: 0x2d060 LB 0x3a8, codepage 0x0 (reserved 0x0)]
2450.5ce4:     ProductName:     Microsoft® Windows® Operating System
2450.5ce4:     ProductVersion:  10.0.26100.7705
2450.5ce4:     FileVersion:     10.0.26100.7705 (WinBuild.160101.0800)
2450.5ce4:     FileDescription: ApiSet Schema DLL
2450.5ce4: root name: type=Job name=Container_Microsoft.VisualStudioCode_1.0.109.5_neutral__8wekyb3d8bbwe-S-1-5-21-359037657-705991866-1087044336-1001
2450.5ce4: root name: type=FilterConnectionPort name=UnionfsPort
2450.5ce4: root name: type=FilterConnectionPort name=MFESECSignalPort
2450.5ce4: root name: type=Mutant name=PendingRenameMutex
2450.5ce4: root name: type=Directory name=ObjectTypes
2450.5ce4: root name: type=Job name=Container_Microsoft.WindowsStore_22601.1401.3.0_x64__8wekyb3d8bbwe-S-1-5-21-359037657-705991866-1087044336-1001
2450.5ce4: root name: type=FilterConnectionPort name=storqosfltport
2450.5ce4: root name: type=FilterConnectionPort name=MicrosoftMalwareProtectionRemoteIoPortWD
2450.5ce4: root name: type=FilterConnectionPort name=aswPort
2450.5ce4: root name: type=FilterConnectionPort name=MicrosoftDataLossPreventionPort
2450.5ce4: root name: type=SymbolicLink name=SystemRoot
2450.5ce4: root name: type=FilterConnectionPort name=MicrosoftMalwareProtectionVeryLowIoPortWD
2450.5ce4: root name: type=Section name=Win32kSiloSessionGlobals
2450.5ce4: root name: type=Directory name=Sessions
2450.5ce4: root name: type=ALPC Port name=SleepstudyControlPort
2450.5ce4: root name: type=Directory name=ArcName
2450.5ce4: root name: type=Job name=Container_MicrosoftWindows.Client.WebExperience_526.1202.40.0_x64__cw5n1h2txyewy-S-1-5-21-359037657-705991866-1087044336-1001
2450.5ce4: root name: type=FilterConnectionPort name=WcifsPort
2450.5ce4: root name: type=Directory name=NLS
2450.5ce4: root name: type=Event name=LanmanServerAnnounceEvent
2450.5ce4: root name: type=ALPC Port name=ThemeApiPort
2450.5ce4: root name: type=Directory name=Windows
2450.5ce4: root name: type=Directory name=GLOBAL??
2450.5ce4: root name: type=Job name=Container_5319275A.WhatsAppDesktop_2.2606.102.0_x64__cv1g1gvanyjgm-S-1-5-21-359037657-705991866-1087044336-1001
2450.5ce4: root name: type=FilterConnectionPort name=MicrosoftDataLossPreventionControlPort
2450.5ce4: root name: type=Event name=SETUP_LAUNCH_CLAIMED
2450.5ce4: root name: type=Directory name=RPC Control
2450.5ce4: root name: type=ALPC Port name=PdcPort
2450.5ce4: root name: type=FilterConnectionPort name=MFESECNotifyPort
2450.5ce4: root name: type=Event name=EFSInitEvent
2450.5ce4: root name: type=FilterConnectionPort name=MicrosoftDataLossPreventionRemoteIoPort
2450.5ce4: root name: type=SymbolicLink name=Dfs
2450.5ce4: root name: type=Device name=clfs
2450.5ce4: root name: type=Event name=CsrSbSyncEvent
2450.5ce4: root name: type=ALPC Port name=SeRmCommandPort
2450.5ce4: root name: type=FilterConnectionPort name=aswFsBlkPort
2450.5ce4: root name: type=Job name=Container_Microsoft.WindowsNotepad_11.2510.14.0_x64__8wekyb3d8bbwe-S-1-5-21-359037657-705991866-1087044336-1001
2450.5ce4: root name: type=SymbolicLink name=DosDevices
2450.5ce4: root name: type=Job name=Container_Microsoft.DesktopAppInstaller_1.27.460.0_x64__8wekyb3d8bbwe-S-1-5-21-359037657-705991866-1087044336-1001
2450.5ce4: root name: type=Directory name=KnownDlls32
2450.5ce4: root name: type=Key name=REGISTRY
2450.5ce4: root name: type=Directory name=BaseNamedObjects
2450.5ce4: root name: type=FilterConnectionPort name=WinSetupMonPort
2450.5ce4: root name: type=FilterConnectionPort name=MicrosoftDataLossPreventionVeryLowIoPort
2450.5ce4: root name: type=ALPC Port name=PowerPort
2450.5ce4: root name: type=Job name=Container_Microsoft.OneDriveSync_26022.203.6.0_neutral__8wekyb3d8bbwe-S-1-5-21-359037657-705991866-1087044336-1001
2450.5ce4: root name: type=ALPC Port name=SmSsWinStationApiPort
2450.5ce4: root name: type=Event name=UniqueInteractiveSessionIdEvent
2450.5ce4: root name: type=Directory name=UMDFCommunicationPorts
2450.5ce4: root name: type=Device name=FatCdrom
2450.5ce4: root name: type=Device name=Fat
2450.5ce4: root name: type=Directory name=KnownDlls
2450.5ce4: root name: type=ALPC Port name=PowerMonitorPort
2450.5ce4: root name: type=Job name=Container_Microsoft.Copilot_1.25121.84.0_x64__8wekyb3d8bbwe-S-1-5-21-359037657-705991866-1087044336-1001
2450.5ce4: root name: type=Device name=Ntfs
2450.5ce4: root name: type=Directory name=FileSystem
2450.5ce4: root name: type=Directory name=KernelObjects
2450.5ce4: root name: type=Job name=Container_Microsoft.WidgetsPlatformRuntime_1.6.14.0_x64__8wekyb3d8bbwe-S-1-5-21-359037657-705991866-1087044336-1001
2450.5ce4: root name: type=FilterConnectionPort name=MicrosoftMalwareProtectionControlPortWD
2450.5ce4: root name: type=ALPC Port name=SeLsaCommandPort
2450.5ce4: root name: type=Directory name=Callback
2450.5ce4: root name: type=Job name=Container_MicrosoftWindows.Client.CBS_1000.26100.291.0_x64__cw5n1h2txyewy-S-1-5-21-359037657-705991866-1087044336-1001
2450.5ce4: root name: type=FilterConnectionPort name=MicrosoftDataLossPreventionAsyncPort
2450.5ce4: root name: type=Job name=Container_MicrosoftWindows.CrossDevice_1.26011.30.0_x64__cw5n1h2txyewy-S-1-5-21-359037657-705991866-1087044336-1001
2450.5ce4: root name: type=FilterConnectionPort name=BindFltPort
2450.5ce4: root name: type=Directory name=DriverStore
2450.5ce4: root name: type=Directory name=Security
2450.5ce4: root name: type=Job name=Container_Microsoft.WindowsTerminal_1.23.20211.0_x64__8wekyb3d8bbwe-S-1-5-21-359037657-705991866-1087044336-1001
2450.5ce4: root name: type=Event name=LSA_ISO_READY
2450.5ce4: root name: type=Job name=Container_Microsoft.YourPhone_1.26011.42.0_x64__8wekyb3d8bbwe-S-1-5-21-359037657-705991866-1087044336-1001
2450.5ce4: root name: type=FilterConnectionPort name=MicrosoftMalwareProtectionAsyncPortWD
2450.5ce4: root name: type=Directory name=Device
2450.5ce4: root name: type=SymbolicLink name=DriverData
2450.5ce4: root name: type=Job name=Container_Microsoft.MicrosoftOfficeHub_19.2602.54091.0_x64__8wekyb3d8bbwe-S-1-5-21-359037657-705991866-1087044336-1001
2450.5ce4: root name: type=ALPC Port name=SmApiPort
2450.5ce4: root name: type=FilterConnectionPort name=MicrosoftMalwareProtectionPortWD
2450.5ce4: root name: type=FilterConnectionPort name=CLDMSGPORT
2450.5ce4: root name: type=SymbolicLink name=OSDataRoot
2450.5ce4: root name: type=Event name=SAM_SERVICE_STARTED
2450.5ce4: root name: type=Directory name=Driver
2450.5ce4: root name: type=SymbolicLink name=DriverStores
2450.5ce4: NtOpenDirectoryObject failed on '\Driver': 0xc0000022
2450.5ce4: \SystemRoot\System32\drivers\aswMonFlt.sys: (new adversary 0x4)
2450.5ce4:     CreationTime:    2026-01-15T19:10:42.645121000Z
2450.5ce4:     LastWriteTime:   2026-02-10T21:09:31.955805600Z
2450.5ce4:     ChangeTime:      2026-03-02T02:35:31.421565800Z
2450.5ce4:     FileAttributes:  0x20
2450.5ce4:     Size:            0x46c60
2450.5ce4:     NT Headers:      0xf0
2450.5ce4:     Timestamp:       0x69788d0a
2450.5ce4:     Machine:         0x8664 - amd64
2450.5ce4:     Timestamp:       0x69788d0a
2450.5ce4:     Image Version:   10.0
2450.5ce4:     SizeOfImage:     0x4d000 (315392)
2450.5ce4:     Resource Dir:    0x4b000 LB 0x3b0
2450.5ce4:     [Version info resource found at 0x48! (ID/Name: 0x1; SubID/SubName: 0x409)]
2450.5ce4:     [Raw version resource data: 0x4b058 LB 0x358, codepage 0x0 (reserved 0x0)]
2450.5ce4:     ProductName:     Antivirus
2450.5ce4:     ProductVersion:  26.1.943.0
2450.5ce4:     FileVersion:     26.1.943.0
2450.5ce4:     FileDescription: Gen File System Filter
2450.5ce4: \SystemRoot\System32\drivers\aswRdr2.sys:
2450.5ce4:     CreationTime:    2026-01-15T19:10:42.635419200Z
2450.5ce4:     LastWriteTime:   2026-02-10T21:09:31.923494100Z
2450.5ce4:     ChangeTime:      2026-03-02T02:35:31.421565800Z
2450.5ce4:     FileAttributes:  0x20
2450.5ce4:     Size:            0x17c60
2450.5ce4:     NT Headers:      0xe8
2450.5ce4:     Timestamp:       0x69788cf9
2450.5ce4:     Machine:         0x8664 - amd64
2450.5ce4:     Timestamp:       0x69788cf9
2450.5ce4:     Image Version:   10.0
2450.5ce4:     SizeOfImage:     0x1b000 (110592)
2450.5ce4:     Resource Dir:    0x19000 LB 0x3a8
2450.5ce4:     [Version info resource found at 0x48! (ID/Name: 0x1; SubID/SubName: 0x409)]
2450.5ce4:     [Raw version resource data: 0x19058 LB 0x350, codepage 0x0 (reserved 0x0)]
2450.5ce4:     ProductName:     Antivirus
2450.5ce4:     ProductVersion:  26.1.943.0
2450.5ce4:     FileVersion:     26.1.943.0
2450.5ce4:     FileDescription: Gen WFP Redirect Driver
2450.5ce4: \SystemRoot\System32\drivers\aswRvrt.sys:
2450.5ce4:     CreationTime:    2026-01-15T19:10:42.651188800Z
2450.5ce4:     LastWriteTime:   2026-02-10T21:09:32.051695800Z
2450.5ce4:     ChangeTime:      2026-03-02T02:35:31.421565800Z
2450.5ce4:     FileAttributes:  0x20
2450.5ce4:     Size:            0x11e60
2450.5ce4:     NT Headers:      0xf0
2450.5ce4:     Timestamp:       0x69788cf8
2450.5ce4:     Machine:         0x8664 - amd64
2450.5ce4:     Timestamp:       0x69788cf8
2450.5ce4:     Image Version:   10.0
2450.5ce4:     SizeOfImage:     0x14000 (81920)
2450.5ce4:     Resource Dir:    0x12000 LB 0x390
2450.5ce4:     [Version info resource found at 0x48! (ID/Name: 0x1; SubID/SubName: 0x409)]
2450.5ce4:     [Raw version resource data: 0x12058 LB 0x338, codepage 0x0 (reserved 0x0)]
2450.5ce4:     ProductName:     Antivirus
2450.5ce4:     ProductVersion:  26.1.943.0
2450.5ce4:     FileVersion:     26.1.943.0
2450.5ce4:     FileDescription: Gen Revert
2450.5ce4: \SystemRoot\System32\drivers\aswSnx.sys:
2450.5ce4:     CreationTime:    2026-02-10T21:09:45.961239800Z
2450.5ce4:     LastWriteTime:   2026-02-10T21:09:04.464361200Z
2450.5ce4:     ChangeTime:      2026-03-02T02:35:31.423567300Z
2450.5ce4:     FileAttributes:  0x20
2450.5ce4:     Size:            0xdb660
2450.5ce4:     NT Headers:      0x100
2450.5ce4:     Timestamp:       0x69788d06
2450.5ce4:     Machine:         0x8664 - amd64
2450.5ce4:     Timestamp:       0x69788d06
2450.5ce4:     Image Version:   10.0
2450.5ce4:     SizeOfImage:     0xe0000 (917504)
2450.5ce4:     Resource Dir:    0xde000 LB 0x3b0
2450.5ce4:     [Version info resource found at 0x48! (ID/Name: 0x1; SubID/SubName: 0x409)]
2450.5ce4:     [Raw version resource data: 0xde058 LB 0x354, codepage 0x0 (reserved 0x0)]
2450.5ce4:     ProductName:     Antivirus
2450.5ce4:     ProductVersion:  26.1.943.0
2450.5ce4:     FileVersion:     26.1.943.0
2450.5ce4:     FileDescription: Gen Virtualization Driver
2450.5ce4: \SystemRoot\System32\drivers\aswsp.sys:
2450.5ce4:     CreationTime:    2026-01-15T19:10:42.656175500Z
2450.5ce4:     LastWriteTime:   2026-02-10T21:09:32.035618600Z
2450.5ce4:     ChangeTime:      2026-03-02T02:35:31.423567300Z
2450.5ce4:     FileAttributes:  0x20
2450.5ce4:     Size:            0x141260
2450.5ce4:     NT Headers:      0xf8
2450.5ce4:     Timestamp:       0x69788d04
2450.5ce4:     Machine:         0x8664 - amd64
2450.5ce4:     Timestamp:       0x69788d04
2450.5ce4:     Image Version:   10.0
2450.5ce4:     SizeOfImage:     0x146000 (1335296)
2450.5ce4:     Resource Dir:    0x143000 LB 0x398
2450.5ce4:     [Version info resource found at 0x48! (ID/Name: 0x1; SubID/SubName: 0x409)]
2450.5ce4:     [Raw version resource data: 0x143058 LB 0x340, codepage 0x0 (reserved 0x0)]
2450.5ce4:     ProductName:     Antivirus
2450.5ce4:     ProductVersion:  26.1.943.0
2450.5ce4:     FileVersion:     26.1.943.0
2450.5ce4:     FileDescription: Gen Self Protection
2450.5ce4: \SystemRoot\System32\drivers\aswStm.sys:
2450.5ce4:     CreationTime:    2026-02-10T21:09:46.201498100Z
2450.5ce4:     LastWriteTime:   2026-02-10T21:09:32.592608000Z
2450.5ce4:     ChangeTime:      2026-03-02T02:35:31.423567300Z
2450.5ce4:     FileAttributes:  0x20
2450.5ce4:     Size:            0x38660
2450.5ce4:     NT Headers:      0xf8
2450.5ce4:     Timestamp:       0x69788cfa
2450.5ce4:     Machine:         0x8664 - amd64
2450.5ce4:     Timestamp:       0x69788cfa
2450.5ce4:     Image Version:   10.0
2450.5ce4:     SizeOfImage:     0x3d000 (249856)
2450.5ce4:     Resource Dir:    0x3b000 LB 0x3a0
2450.5ce4:     [Version info resource found at 0x48! (ID/Name: 0x1; SubID/SubName: 0x409)]
2450.5ce4:     [Raw version resource data: 0x3b058 LB 0x344, codepage 0x0 (reserved 0x0)]
2450.5ce4:     ProductName:     Antivirus
2450.5ce4:     ProductVersion:  26.1.943.0
2450.5ce4:     FileVersion:     26.1.943.0
2450.5ce4:     FileDescription: Gen Stream Filter
2450.5ce4: \SystemRoot\System32\drivers\aswVmm.sys:
2450.5ce4:     CreationTime:    2026-02-10T21:09:46.217450000Z
2450.5ce4:     LastWriteTime:   2026-02-10T21:09:37.790894000Z
2450.5ce4:     ChangeTime:      2026-03-02T02:35:31.423567300Z
2450.5ce4:     FileAttributes:  0x20
2450.5ce4:     Size:            0x62a60
2450.5ce4:     NT Headers:      0xf0
2450.5ce4:     Timestamp:       0x69788d02
2450.5ce4:     Machine:         0x8664 - amd64
2450.5ce4:     Timestamp:       0x69788d02
2450.5ce4:     Image Version:   10.0
2450.5ce4:     SizeOfImage:     0x65000 (413696)
2450.5ce4:     Resource Dir:    0x63000 LB 0x398
2450.5ce4:     [Version info resource found at 0x48! (ID/Name: 0x1; SubID/SubName: 0x409)]
2450.5ce4:     [Raw version resource data: 0x63058 LB 0x340, codepage 0x0 (reserved 0x0)]
2450.5ce4:     ProductName:     Antivirus
2450.5ce4:     ProductVersion:  26.1.943.0
2450.5ce4:     FileVersion:     26.1.943.0
2450.5ce4:     FileDescription: Gen VM Monitor
2450.5ce4: supR3HardenedWinFindAdversaries: 0x4
2450.5ce4: supR3HardenedWinInitAppBin(0x0): '\Device\HarddiskVolume3\Program Files\Oracle\VirtualBox'
2450.5ce4: Calling main()
2450.5ce4: SUPR3HardenedMain: pszProgName=VirtualBoxVM fFlags=0x2
2450.5ce4: supR3HardenedWinInitAppBin(0x2): '\Device\HarddiskVolume3\Program Files\Oracle\VirtualBox'
2450.5ce4: '\Device\HarddiskVolume3\Program Files\Oracle\VirtualBox\VirtualBoxVM.exe' has no imports
2450.5ce4: supHardenedWinVerifyImageByHandle: -> 0 (\Device\HarddiskVolume3\Program Files\Oracle\VirtualBox\VirtualBoxVM.exe)
2450.5ce4: SUPR3HardenedMain: Final process, opening VBoxDrv...
2450.5ce4: supR3HardenedEarlyCompact: Removed heap 1 (0x0001bb7b7d0000 LB 0x800000)
2450.5ce4: supR3HardNtEnableThreadCreationEx:
2450.5ce4: supHardenedWinVerifyImageByHandle: -> 0 (\Device\HarddiskVolume3\Program Files\Oracle\VirtualBox\VBoxSupLib.dll)
2450.5ce4: supR3HardenedWinVerifyCacheInsert: \Device\HarddiskVolume3\Program Files\Oracle\VirtualBox\VBoxSupLib.dll
2450.5ce4: supR3HardenedMonitor_LdrLoadDll: pName=C:\Program Files\Oracle\VirtualBox\VBoxSupLib.DLL (rcNtResolve=0xc0150008) *pfFlags=0x0 pwszSearchPath=0000000000000801:<flags> [calling]
2450.5ce4: supR3HardenedScreenImage/NtCreateSection: cache hit (VINF_SUCCESS) on \Device\HarddiskVolume3\Program Files\Oracle\VirtualBox\VBoxSupLib.dll [lacks WinVerifyTrust]
2450.5ce4: supR3HardenedDllNotificationCallback: load   00007ffeeffd0000 LB 0x00005000 C:\Program Files\Oracle\VirtualBox\VBoxSupLib.DLL [fFlags=0x0]
2450.5ce4: supR3HardenedScreenImage/LdrLoadDll: cache hit (VINF_SUCCESS) on \Device\HarddiskVolume3\Program Files\Oracle\VirtualBox\VBoxSupLib.dll [lacks WinVerifyTrust]
2450.5ce4: supR3HardenedScreenImage/LdrLoadDll: cache hit (VINF_SUCCESS) on \Device\HarddiskVolume3\Program Files\Oracle\VirtualBox\VBoxSupLib.dll [lacks WinVerifyTrust]
2450.5ce4: supR3HardenedMonitor_LdrLoadDll: pName=C:\Program Files\Oracle\VirtualBox\VBoxSupLib.DLL (rcNtResolve=0xc0150008) *pfFlags=0x0 pwszSearchPath=0000000000000001:<flags> [calling]
2450.5ce4: supR3HardenedMonitor_LdrLoadDll: returns rcNt=0x0 hMod=00007ffeeffd0000 'C:\Program Files\Oracle\VirtualBox\VBoxSupLib.DLL'
2450.5ce4: supR3HardenedScreenImage/LdrLoadDll: cache hit (VINF_SUCCESS) on \Device\HarddiskVolume3\Program Files\Oracle\VirtualBox\VBoxSupLib.dll [lacks WinVerifyTrust]
2450.5ce4: supR3HardenedMonitor_LdrLoadDll: pName=C:\Program Files\Oracle\VirtualBox\VBoxSupLib.DLL (rcNtResolve=0xc0150008) *pfFlags=0x0 pwszSearchPath=0000000000000001:<flags> [calling]
2450.5ce4: supR3HardenedMonitor_LdrLoadDll: returns rcNt=0x0 hMod=00007ffeeffd0000 'C:\Program Files\Oracle\VirtualBox\VBoxSupLib.DLL'
2450.5ce4: supR3HardenedMonitor_LdrLoadDll: returns rcNt=0x0 hMod=00007ffeeffd0000 'C:\Program Files\Oracle\VirtualBox\VBoxSupLib.DLL'
2450.5ce4: supR3HardenedWinVerifyCacheScheduleImports: Import todo: #0 'msvcrt.dll'.
2450.5ce4: supR3HardenedWinVerifyCacheScheduleImports: Import todo: #30 'rpcrt4.dll'.
2450.5ce4: supHardenedWinVerifyImageByHandle: -> 0 (\Device\HarddiskVolume3\Windows\System32\wintrust.dll)
2450.5ce4: supR3HardenedWinVerifyCacheInsert: \Device\HarddiskVolume3\Windows\System32\wintrust.dll
2450.5ce4: supR3HardenedWinVerifyCacheProcessImportTodos: Processing 'rpcrt4.dll'...
2450.5ce4: supR3HardenedWinVerifyCacheProcessImportTodos: 'rpcrt4.dll' -> '\Device\HarddiskVolume3\Windows\System32\rpcrt4.dll' [rcNtRedir=0xc0150008]
2450.5ce4: supHardenedWinVerifyImageByHandle: -> 0 (\Device\HarddiskVolume3\Windows\System32\rpcrt4.dll)
2450.5ce4: supR3HardenedWinVerifyCacheInsert: \Device\HarddiskVolume3\Windows\System32\rpcrt4.dll
2450.5ce4: supR3HardenedWinVerifyCacheProcessImportTodos: Processing 'msvcrt.dll'...
2450.5ce4: supR3HardenedWinVerifyCacheProcessImportTodos: 'msvcrt.dll' -> '\Device\HarddiskVolume3\Windows\System32\msvcrt.dll' [rcNtRedir=0xc0150008]
2450.5ce4: supHardenedWinVerifyImageByHandle: -> 0 (\Device\HarddiskVolume3\Windows\System32\msvcrt.dll)
2450.5ce4: supR3HardenedWinVerifyCacheInsert: \Device\HarddiskVolume3\Windows\System32\msvcrt.dll
2450.5ce4: supR3HardenedMonitor_LdrLoadDll: pName=C:\WINDOWS\system32\Wintrust.dll (rcNtResolve=0xc0150008) *pfFlags=0x0 pwszSearchPath=0000000000000801:<flags> [calling]
2450.5ce4: supR3HardenedDllNotificationCallback: load   00007fff09d70000 LB 0x000a9000 C:\WINDOWS\System32\msvcrt.dll [fFlags=0x0]
2450.5ce4: supR3HardenedScreenImage/LdrLoadDll: cache hit (VINF_SUCCESS) on \Device\HarddiskVolume3\Windows\System32\msvcrt.dll [lacks WinVerifyTrust]
2450.5ce4: supR3HardenedDllNotificationCallback: load   00007fff0a900000 LB 0x00118000 C:\WINDOWS\System32\RPCRT4.dll [fFlags=0x0]
2450.5ce4: supR3HardenedScreenImage/LdrLoadDll: cache hit (VINF_SUCCESS) on \Device\HarddiskVolume3\Windows\System32\rpcrt4.dll [lacks WinVerifyTrust]
2450.5ce4: supR3HardenedDllNotificationCallback: load   00007fff08350000 LB 0x00082000 C:\WINDOWS\System32\Wintrust.dll [fFlags=0x0]
2450.5ce4: supR3HardenedScreenImage/LdrLoadDll: cache hit (VINF_SUCCESS) on \Device\HarddiskVolume3\Windows\System32\wintrust.dll [lacks WinVerifyTrust]
2450.5ce4: supR3HardenedDllNotificationCallback: load   00007fff088a0000 LB 0x0014b000 C:\WINDOWS\System32\ucrtbase.dll [fFlags=0x0]
2450.5ce4: supHardenedWinVerifyImageByHandle: -> 0 (\Device\HarddiskVolume3\Windows\System32\ucrtbase.dll)
2450.5ce4: supR3HardenedWinVerifyCacheInsert: \Device\HarddiskVolume3\Windows\System32\ucrtbase.dll
2450.5ce4: supR3HardenedDllNotificationCallback: load   00007fff081d0000 LB 0x00177000 C:\WINDOWS\System32\CRYPT32.dll [fFlags=0x0]
2450.5ce4: supHardenedWinVerifyImageByHandle: -> 0 (\Device\HarddiskVolume3\Windows\System32\crypt32.dll)
2450.5ce4: supR3HardenedWinVerifyCacheInsert: \Device\HarddiskVolume3\Windows\System32\crypt32.dll
2450.5ce4: supR3HardenedIsApiSetDll: ApiSetQueryApiSetPresence(api-ms-win-core-synch-l1-2-0) -> 0x0, fPresent=1
2450.5ce4: supR3HardenedMonitor_LdrLoadDll: pName=api-ms-win-core-synch-l1-2-0 (rcNtResolve=0x0) *pfFlags=0x0 pwszSearchPath=0000000000000801:<flags> [calling]
2450.5ce4: supR3HardenedMonitor_LdrLoadDll: returns rcNt=0x0 hMod=00007fff07560000 'api-ms-win-core-synch-l1-2-0'
2450.5ce4: supR3HardenedIsApiSetDll: ApiSetQueryApiSetPresence(api-ms-win-core-fibers-l1-1-1) -> 0x0, fPresent=1
2450.5ce4: supR3HardenedMonitor_LdrLoadDll: pName=api-ms-win-core-fibers-l1-1-1 (rcNtResolve=0x0) *pfFlags=0x0 pwszSearchPath=0000000000000801:<flags> [calling]
2450.5ce4: supR3HardenedMonitor_LdrLoadDll: returns rcNt=0x0 hMod=00007fff07560000 'api-ms-win-core-fibers-l1-1-1'
2450.5ce4: supR3HardenedIsApiSetDll: ApiSetQueryApiSetPresence(api-ms-win-core-fibers-l1-1-2) -> 0x0, fPresent=1
2450.5ce4: supR3HardenedMonitor_LdrLoadDll: pName=api-ms-win-core-fibers-l1-1-2 (rcNtResolve=0x0) *pfFlags=0x0 pwszSearchPath=0000000000000801:<flags> [calling]
2450.5ce4: supR3HardenedMonitor_LdrLoadDll: returns rcNt=0x0 hMod=00007fff07560000 'api-ms-win-core-fibers-l1-1-2'
2450.5ce4: supHardenedWinVerifyImageByHandle: -> 0 (\Device\HarddiskVolume3\Windows\System32\msasn1.dll)
2450.5ce4: supR3HardenedWinVerifyCacheInsert: \Device\HarddiskVolume3\Windows\System32\msasn1.dll
2450.5ce4: supR3HardenedDllNotificationCallback: load   00007fff06c60000 LB 0x00013000 C:\WINDOWS\SYSTEM32\MSASN1.dll [fFlags=0x0]
2450.5ce4: supR3HardenedScreenImage/LdrLoadDll: cache hit (VINF_SUCCESS) on \Device\HarddiskVolume3\Windows\System32\msasn1.dll [lacks WinVerifyTrust]
2450.5ce4: supR3HardenedMonitor_LdrLoadDll: returns rcNt=0x0 hMod=00007fff08350000 'C:\WINDOWS\system32\Wintrust.dll'
2450.5ce4: supHardenedWinVerifyImageByHandle: -> 0 (\Device\HarddiskVolume3\Windows\System32\bcrypt.dll)
2450.5ce4: supR3HardenedWinVerifyCacheInsert: \Device\HarddiskVolume3\Windows\System32\bcrypt.dll
2450.5ce4: supR3HardenedMonitor_LdrLoadDll: pName=C:\WINDOWS\system32\bcrypt.dll (rcNtResolve=0xc0150008) *pfFlags=0x0 pwszSearchPath=0000000000000801:<flags> [calling]
2450.5ce4: supR3HardenedScreenImage/NtCreateSection: cache hit (VINF_SUCCESS) on \Device\HarddiskVolume3\Windows\System32\bcrypt.dll [lacks WinVerifyTrust]
2450.5ce4: supR3HardenedDllNotificationCallback: load   00007fff08a20000 LB 0x000a6000 C:\WINDOWS\System32\sechost.dll [fFlags=0x0]
2450.5ce4: supHardenedWinVerifyImageByHandle: -> 0 (\Device\HarddiskVolume3\Windows\System32\sechost.dll)
2450.5ce4: supR3HardenedWinVerifyCacheInsert: \Device\HarddiskVolume3\Windows\System32\sechost.dll
2450.5ce4: supR3HardenedDllNotificationCallback: load   00007fff07450000 LB 0x0002a000 C:\WINDOWS\system32\bcrypt.dll [fFlags=0x0]
2450.5ce4: supR3HardenedScreenImage/LdrLoadDll: cache hit (VINF_SUCCESS) on \Device\HarddiskVolume3\Windows\System32\bcrypt.dll [lacks WinVerifyTrust]
2450.5ce4: supR3HardenedMonitor_LdrLoadDll: returns rcNt=0x0 hMod=00007fff07450000 'C:\WINDOWS\system32\bcrypt.dll'
2450.5ce4: bcrypt.dll loaded at 00007fff07450000, BCryptOpenAlgorithmProvider at 00007fff07459410, preloading providers:
2450.5ce4: supHardenedWinVerifyImageByHandle: -> 0 (\Device\HarddiskVolume3\Windows\System32\bcryptprimitives.dll)
2450.5ce4: supR3HardenedWinVerifyCacheInsert: \Device\HarddiskVolume3\Windows\System32\bcryptprimitives.dll
2450.5ce4: supR3HardenedMonitor_LdrLoadDll: pName=C:\WINDOWS\system32\bcryptprimitives.dll (rcNtResolve=0xc0150008) *pfFlags=0x0 pwszSearchPath=0000000000000001:<flags> [calling]
2450.5ce4: supR3HardenedDllNotificationCallback: load   00007fff083e0000 LB 0x000a5000 C:\WINDOWS\System32\bcryptprimitives.dll [fFlags=0x0]
2450.5ce4: supR3HardenedScreenImage/LdrLoadDll: cache hit (VINF_SUCCESS) on \Device\HarddiskVolume3\Windows\System32\bcryptprimitives.dll [lacks WinVerifyTrust]
2450.5ce4: supR3HardenedMonitor_LdrLoadDll: returns rcNt=0x0 hMod=00007fff083e0000 'C:\WINDOWS\system32\bcryptprimitives.dll'
2450.5ce4:     BCryptOpenAlgorithmProvider(,'MD2',0,0) -> 0x0 (hAlgo=000001bb7c10db60)
2450.5ce4:     BCryptOpenAlgorithmProvider(,'MD4',0,0) -> 0x0 (hAlgo=000001bb7c10e4b0)
2450.5ce4:     BCryptOpenAlgorithmProvider(,'MD5',0,0) -> 0x0 (hAlgo=000001bb7c10eb70)
2450.5ce4:     BCryptOpenAlgorithmProvider(,'SHA1',0,0) -> 0x0 (hAlgo=000001bb7c10f230)
2450.5ce4:     BCryptOpenAlgorithmProvider(,'SHA256',0,0) -> 0x0 (hAlgo=000001bb7c10f8f0)
2450.5ce4:     BCryptOpenAlgorithmProvider(,'SHA512',0,0) -> 0x0 (hAlgo=000001bb7c10ffb0)
2450.5ce4:     BCryptOpenAlgorithmProvider(,'RSA',0,0) -> 0x0 (hAlgo=000001bb7c110670)
2450.5ce4:     BCryptOpenAlgorithmProvider(,'DSA',0,0) -> 0x0 (hAlgo=000001bb7c110d30)
2450.5ce4: supHardenedWinVerifyImageByHandle: -> 0 (\Device\HarddiskVolume3\Windows\System32\cryptsp.dll)
2450.5ce4: supR3HardenedWinVerifyCacheInsert: \Device\HarddiskVolume3\Windows\System32\cryptsp.dll
2450.5ce4: supR3HardenedDllNotificationCallback: load   00007fff06c00000 LB 0x0001b000 C:\WINDOWS\SYSTEM32\CRYPTSP.dll [fFlags=0x0]
2450.5ce4: supR3HardenedScreenImage/LdrLoadDll: cache hit (VINF_SUCCESS) on \Device\HarddiskVolume3\Windows\System32\cryptsp.dll [lacks WinVerifyTrust]
2450.5ce4: supHardenedWinVerifyImageByHandle: -> 0 (\Device\HarddiskVolume3\Windows\System32\rsaenh.dll)
2450.5ce4: supR3HardenedWinVerifyCacheInsert: \Device\HarddiskVolume3\Windows\System32\rsaenh.dll
2450.5ce4: supR3HardenedMonitor_LdrLoadDll: pName=C:\WINDOWS\system32\rsaenh.dll (rcNtResolve=0xc0150008) *pfFlags=0x0 pwszSearchPath=0000000000000001:<flags> [calling]
2450.5ce4: supR3HardenedScreenImage/NtCreateSection: cache hit (VINF_SUCCESS) on \Device\HarddiskVolume3\Windows\System32\rsaenh.dll [lacks WinVerifyTrust]
2450.5ce4: supR3HardenedDllNotificationCallback: load   00007fff06220000 LB 0x00039000 C:\WINDOWS\system32\rsaenh.dll [fFlags=0x0]
2450.5ce4: supR3HardenedScreenImage/LdrLoadDll: cache hit (VINF_SUCCESS) on \Device\HarddiskVolume3\Windows\System32\rsaenh.dll [lacks WinVerifyTrust]
2450.5ce4: supR3HardenedMonitor_LdrLoadDll: returns rcNt=0x0 hMod=00007fff06220000 'C:\WINDOWS\system32\rsaenh.dll'
2450.5ce4: supHardenedWinVerifyImageByHandle: -> 0 (\Device\HarddiskVolume3\Windows\System32\cryptbase.dll)
2450.5ce4: supR3HardenedWinVerifyCacheInsert: \Device\HarddiskVolume3\Windows\System32\cryptbase.dll
2450.5ce4: supR3HardenedDllNotificationCallback: load   00007fff06be0000 LB 0x0000c000 C:\WINDOWS\SYSTEM32\CRYPTBASE.dll [fFlags=0x0]
2450.5ce4: supR3HardenedScreenImage/LdrLoadDll: cache hit (VINF_SUCCESS) on \Device\HarddiskVolume3\Windows\System32\cryptbase.dll [lacks WinVerifyTrust]
2450.5ce4: supR3HardenedScreenImage/LdrLoadDll: cache hit (VINF_SUCCESS) on \Device\HarddiskVolume3\Windows\System32\kernel32.dll [lacks WinVerifyTrust]
2450.5ce4: supR3HardenedMonitor_LdrLoadDll: pName=C:\WINDOWS\System32\kernel32.dll (Input=kernel32.dll, rcNtResolve=0xc0150008) *pfFlags=0x0 pwszSearchPath=0000000000000001:<flags> [calling]
2450.5ce4: supR3HardenedMonitor_LdrLoadDll: returns rcNt=0x0 hMod=00007fff09ca0000 'C:\WINDOWS\System32\kernel32.dll'
2450.5ce4: supR3HardenedScreenImage/LdrLoadDll: cache hit (VINF_SUCCESS) on \Device\HarddiskVolume3\Windows\System32\wintrust.dll [lacks WinVerifyTrust]
2450.5ce4: supR3HardenedMonitor_LdrLoadDll: pName=C:\WINDOWS\System32\WINTRUST.DLL (Input=WINTRUST.DLL, rcNtResolve=0xc0150008) *pfFlags=0x0 pwszSearchPath=0000000000000001:<flags> [calling]
2450.5ce4: supR3HardenedMonitor_LdrLoadDll: returns rcNt=0x0 hMod=00007fff08350000 'C:\WINDOWS\System32\WINTRUST.DLL'
2450.5ce4: supR3HardenedScreenImage/LdrLoadDll: cache hit (VINF_SUCCESS) on \Device\HarddiskVolume3\Windows\System32\crypt32.dll [lacks WinVerifyTrust]
2450.5ce4: supR3HardenedMonitor_LdrLoadDll: pName=C:\WINDOWS\System32\CRYPT32.dll (rcNtResolve=0xc0150008) *pfFlags=0x2 pwszSearchPath=0000000000000001:<flags> [calling]
2450.5ce4: supR3HardenedMonitor_LdrLoadDll: returns rcNt=0x0 hMod=00007fff081d0000 'C:\WINDOWS\System32\CRYPT32.dll'
2450.5ce4: supR3HardenedDllNotificationCallback: load   00007fff0a3c0000 LB 0x00020000 C:\WINDOWS\System32\imagehlp.dll [fFlags=0x0]
2450.5ce4: supHardenedWinVerifyImageByHandle: -> 0 (\Device\HarddiskVolume3\Windows\System32\imagehlp.dll)
2450.5ce4: supR3HardenedWinVerifyCacheInsert: \Device\HarddiskVolume3\Windows\System32\imagehlp.dll
2450.5ce4: supR3HardenedScreenImage/LdrLoadDll: cache hit (VINF_SUCCESS) on \Device\HarddiskVolume3\Windows\System32\rsaenh.dll [lacks WinVerifyTrust]
2450.5ce4: supR3HardenedMonitor_LdrLoadDll: pName=C:\WINDOWS\system32\rsaenh.dll (rcNtResolve=0xc0150008) *pfFlags=0x0 pwszSearchPath=0000000000000001:<flags> [calling]
2450.5ce4: supR3HardenedMonitor_LdrLoadDll: returns rcNt=0x0 hMod=00007fff06220000 'C:\WINDOWS\system32\rsaenh.dll'
2450.5ce4: supR3HardenedScreenImage/LdrLoadDll: cache hit (VINF_SUCCESS) on \Device\HarddiskVolume3\Windows\System32\crypt32.dll [lacks WinVerifyTrust]
2450.5ce4: supR3HardenedMonitor_LdrLoadDll: pName=C:\WINDOWS\System32\crypt32.dll (Input=crypt32.dll, rcNtResolve=0xc0150008) *pfFlags=0x0 pwszSearchPath=0000000000000001:<flags> [calling]
2450.5ce4: supR3HardenedMonitor_LdrLoadDll: returns rcNt=0x0 hMod=00007fff081d0000 'C:\WINDOWS\System32\crypt32.dll'
2450.5ce4: supR3HardenedWinVerifyCacheScheduleImports: Import todo: #0 'msvcp_win.dll'.
2450.5ce4: supR3HardenedWinVerifyCacheScheduleImports: Import todo: #19 'rpcrt4.dll'.
2450.5ce4: supHardenedWinVerifyImageByHandle: -> 0 (\Device\HarddiskVolume3\Windows\System32\gpapi.dll)
2450.5ce4: supR3HardenedWinVerifyCacheInsert: \Device\HarddiskVolume3\Windows\System32\gpapi.dll
2450.5ce4: supR3HardenedDllNotificationCallback: load   00007fff08730000 LB 0x000a3000 C:\WINDOWS\System32\msvcp_win.dll [fFlags=0x0]
2450.5ce4: supHardenedWinVerifyImageByHandle: -> 0 (\Device\HarddiskVolume3\Windows\System32\msvcp_win.dll)
2450.5ce4: supR3HardenedWinVerifyCacheInsert: \Device\HarddiskVolume3\Windows\System32\msvcp_win.dll
2450.5ce4: supR3HardenedDllNotificationCallback: load   00007fff0a7e0000 LB 0x000f6000 C:\WINDOWS\System32\shcore.dll [fFlags=0x0]
2450.5ce4: supHardenedWinVerifyImageByHandle: -> 0 (\Device\HarddiskVolume3\Windows\System32\SHCore.dll)
2450.5ce4: supR3HardenedWinVerifyCacheInsert: \Device\HarddiskVolume3\Windows\System32\SHCore.dll
2450.5ce4: supR3HardenedDllNotificationCallback: load   00007fff06880000 LB 0x00031000 C:\WINDOWS\SYSTEM32\gpapi.dll [fFlags=0x0]
2450.5ce4: supR3HardenedScreenImage/LdrLoadDll: cache hit (VINF_SUCCESS) on \Device\HarddiskVolume3\Windows\System32\gpapi.dll [lacks WinVerifyTrust]
2450.5ce4: supR3HardenedScreenImage/LdrLoadDll: cache hit (VINF_SUCCESS) on \Device\HarddiskVolume3\Windows\System32\kernel32.dll [lacks WinVerifyTrust]
2450.5ce4: supR3HardenedWinVerifyCacheProcessImportTodos: Processing 'rpcrt4.dll'...
2450.5ce4: supR3HardenedWinVerifyCacheProcessImportTodos: 'rpcrt4.dll' -> '\Device\HarddiskVolume3\Windows\System32\rpcrt4.dll' [rcNtRedir=0xc0150008]
2450.5ce4: supR3HardenedScreenImage/Imports: cache hit (VINF_SUCCESS) on \Device\HarddiskVolume3\Windows\System32\rpcrt4.dll [lacks WinVerifyTrust]
2450.5ce4: supR3HardenedWinVerifyCacheProcessImportTodos: Processing 'msvcp_win.dll'...
2450.5ce4: supR3HardenedWinVerifyCacheProcessImportTodos: 'msvcp_win.dll' -> '\Device\HarddiskVolume3\Windows\System32\msvcp_win.dll' [rcNtRedir=0xc0150008]
2450.5ce4: supR3HardenedScreenImage/Imports: cache hit (VINF_SUCCESS) on \Device\HarddiskVolume3\Windows\System32\msvcp_win.dll [lacks WinVerifyTrust]
2450.5ce4: supR3HardenedMonitor_LdrLoadDll: pName=C:\WINDOWS\System32\kernel32.dll (Input=kernel32, rcNtResolve=0xc0150008) *pfFlags=0x0 pwszSearchPath=0000000000000801:<flags> [calling]
2450.5ce4: supR3HardenedMonitor_LdrLoadDll: returns rcNt=0x0 hMod=00007fff09ca0000 'C:\WINDOWS\System32\kernel32.dll'
2450.5ce4: supR3HardenedIsApiSetDll: ApiSetQueryApiSetPresence(api-ms-win-core-string-l1-1-0) -> 0x0, fPresent=1
2450.5ce4: supR3HardenedMonitor_LdrLoadDll: pName=api-ms-win-core-string-l1-1-0 (rcNtResolve=0x0) *pfFlags=0x0 pwszSearchPath=0000000000000801:<flags> [calling]
2450.5ce4: supR3HardenedMonitor_LdrLoadDll: returns rcNt=0x0 hMod=00007fff07560000 'api-ms-win-core-string-l1-1-0'
2450.5ce4: supR3HardenedIsApiSetDll: ApiSetQueryApiSetPresence(api-ms-win-core-localization-l1-2-1) -> 0x0, fPresent=1
2450.5ce4: supR3HardenedMonitor_LdrLoadDll: pName=api-ms-win-core-localization-l1-2-1 (rcNtResolve=0x0) *pfFlags=0x0 pwszSearchPath=0000000000000801:<flags> [calling]
2450.5ce4: supR3HardenedMonitor_LdrLoadDll: returns rcNt=0x0 hMod=00007fff07560000 'api-ms-win-core-localization-l1-2-1'
2450.5ce4: supR3HardenedIsApiSetDll: ApiSetQueryApiSetPresence(api-ms-win-core-datetime-l1-1-1) -> 0x0, fPresent=1
2450.5ce4: supR3HardenedMonitor_LdrLoadDll: pName=api-ms-win-core-datetime-l1-1-1 (rcNtResolve=0x0) *pfFlags=0x0 pwszSearchPath=0000000000000801:<flags> [calling]
2450.5ce4: supR3HardenedMonitor_LdrLoadDll: returns rcNt=0x0 hMod=00007fff07560000 'api-ms-win-core-datetime-l1-1-1'
2450.5ce4: supR3HardenedIsApiSetDll: ApiSetQueryApiSetPresence(api-ms-win-core-localization-obsolete-l1-2-0) -> 0x0, fPresent=1
2450.5ce4: supR3HardenedMonitor_LdrLoadDll: pName=api-ms-win-core-localization-obsolete-l1-2-0 (rcNtResolve=0x0) *pfFlags=0x0 pwszSearchPath=0000000000000801:<flags> [calling]
2450.5ce4: supR3HardenedMonitor_LdrLoadDll: returns rcNt=0x0 hMod=00007fff07560000 'api-ms-win-core-localization-obsolete-l1-2-0'
2450.5ce4: supR3HardenedWinVerifyCacheScheduleImports: Import todo: #0 'msvcrt.dll'.
2450.5ce4: supR3HardenedWinVerifyCacheScheduleImports: Import todo: #8 'crypt32.dll'.
2450.5ce4: supHardenedWinVerifyImageByHandle: -> 0 (\Device\HarddiskVolume3\Windows\System32\cryptnet.dll)
2450.5ce4: supR3HardenedWinVerifyCacheInsert: \Device\HarddiskVolume3\Windows\System32\cryptnet.dll
2450.5ce4: supR3HardenedWinVerifyCacheProcessImportTodos: Processing 'crypt32.dll'...
2450.5ce4: supR3HardenedWinVerifyCacheProcessImportTodos: 'crypt32.dll' -> '\Device\HarddiskVolume3\Windows\System32\crypt32.dll' [rcNtRedir=0xc0150008]
2450.5ce4: supR3HardenedScreenImage/Imports: cache hit (VINF_SUCCESS) on \Device\HarddiskVolume3\Windows\System32\crypt32.dll [lacks WinVerifyTrust]
2450.5ce4: supR3HardenedWinVerifyCacheProcessImportTodos: Processing 'msvcrt.dll'...
2450.5ce4: supR3HardenedWinVerifyCacheProcessImportTodos: 'msvcrt.dll' -> '\Device\HarddiskVolume3\Windows\System32\msvcrt.dll' [rcNtRedir=0xc0150008]
2450.5ce4: supR3HardenedScreenImage/Imports: cache hit (VINF_SUCCESS) on \Device\HarddiskVolume3\Windows\System32\msvcrt.dll [lacks WinVerifyTrust]
2450.5ce4: supR3HardenedMonitor_LdrLoadDll: pName=C:\Windows\System32\cryptnet.dll (rcNtResolve=0xc0150008) *pfFlags=0x0 pwszSearchPath=0000000000000001:<flags> [calling]
2450.5ce4: supR3HardenedScreenImage/NtCreateSection: cache hit (VINF_SUCCESS) on \Device\HarddiskVolume3\Windows\System32\cryptnet.dll [lacks WinVerifyTrust]
2450.5ce4: supR3HardenedDllNotificationCallback: load   00007ffed2f40000 LB 0x0003b000 C:\Windows\System32\cryptnet.dll [fFlags=0x0]
2450.5ce4: supR3HardenedScreenImage/LdrLoadDll: cache hit (VINF_SUCCESS) on \Device\HarddiskVolume3\Windows\System32\cryptnet.dll [lacks WinVerifyTrust]
2450.5ce4: supR3HardenedScreenImage/LdrLoadDll: cache hit (VINF_SUCCESS) on \Device\HarddiskVolume3\Windows\System32\cryptnet.dll [lacks WinVerifyTrust]
2450.5ce4: supR3HardenedMonitor_LdrLoadDll: pName=C:\Windows\System32\cryptnet.dll (rcNtResolve=0xc0150008) *pfFlags=0x2 pwszSearchPath=0000000000000001:<flags> [calling]
2450.5ce4: supR3HardenedMonitor_LdrLoadDll: returns rcNt=0x0 hMod=00007ffed2f40000 'C:\Windows\System32\cryptnet.dll'
2450.5ce4: supR3HardenedScreenImage/LdrLoadDll: cache hit (VINF_SUCCESS) on \Device\HarddiskVolume3\Windows\System32\cryptnet.dll [lacks WinVerifyTrust]
2450.5ce4: supR3HardenedMonitor_LdrLoadDll: pName=C:\Windows\System32\cryptnet.dll (rcNtResolve=0xc0150008) *pfFlags=0x2 pwszSearchPath=0000000000000001:<flags> [calling]
2450.5ce4: supR3HardenedMonitor_LdrLoadDll: returns rcNt=0x0 hMod=00007ffed2f40000 'C:\Windows\System32\cryptnet.dll'
2450.5ce4: supR3HardenedScreenImage/LdrLoadDll: cache hit (VINF_SUCCESS) on \Device\HarddiskVolume3\Windows\System32\cryptnet.dll [lacks WinVerifyTrust]
2450.5ce4: supR3HardenedMonitor_LdrLoadDll: pName=C:\Windows\System32\cryptnet.dll (rcNtResolve=0xc0150008) *pfFlags=0x2 pwszSearchPath=0000000000000001:<flags> [calling]
2450.5ce4: supR3HardenedMonitor_LdrLoadDll: returns rcNt=0x0 hMod=00007ffed2f40000 'C:\Windows\System32\cryptnet.dll'
2450.5ce4: supR3HardenedScreenImage/LdrLoadDll: cache hit (VINF_SUCCESS) on \Device\HarddiskVolume3\Windows\System32\cryptnet.dll [lacks WinVerifyTrust]
2450.5ce4: supR3HardenedMonitor_LdrLoadDll: pName=C:\Windows\System32\cryptnet.dll (rcNtResolve=0xc0150008) *pfFlags=0x2 pwszSearchPath=0000000000000001:<flags> [calling]
2450.5ce4: supR3HardenedMonitor_LdrLoadDll: returns rcNt=0x0 hMod=00007ffed2f40000 'C:\Windows\System32\cryptnet.dll'
2450.5ce4: supR3HardenedScreenImage/LdrLoadDll: cache hit (VINF_SUCCESS) on \Device\HarddiskVolume3\Windows\System32\cryptnet.dll [lacks WinVerifyTrust]
2450.5ce4: supR3HardenedMonitor_LdrLoadDll: pName=C:\Windows\System32\cryptnet.dll (rcNtResolve=0xc0150008) *pfFlags=0x2 pwszSearchPath=0000000000000001:<flags> [calling]
2450.5ce4: supR3HardenedMonitor_LdrLoadDll: returns rcNt=0x0 hMod=00007ffed2f40000 'C:\Windows\System32\cryptnet.dll'
2450.5ce4: supR3HardenedScreenImage/LdrLoadDll: cache hit (VINF_SUCCESS) on \Device\HarddiskVolume3\Windows\System32\cryptnet.dll [lacks WinVerifyTrust]
2450.5ce4: supR3HardenedMonitor_LdrLoadDll: pName=C:\Windows\System32\cryptnet.dll (rcNtResolve=0xc0150008) *pfFlags=0x2 pwszSearchPath=0000000000000001:<flags> [calling]
2450.5ce4: supR3HardenedMonitor_LdrLoadDll: returns rcNt=0x0 hMod=00007ffed2f40000 'C:\Windows\System32\cryptnet.dll'
2450.5ce4: supR3HardenedScreenImage/LdrLoadDll: cache hit (VINF_SUCCESS) on \Device\HarddiskVolume3\Windows\System32\cryptnet.dll [lacks WinVerifyTrust]
2450.5ce4: supR3HardenedMonitor_LdrLoadDll: returns rcNt=0x0 hMod=00007ffed2f40000 'C:\Windows\System32\cryptnet.dll'
2450.5ce4: supR3HardenedScreenImage/LdrLoadDll: cache hit (VINF_SUCCESS) on \Device\HarddiskVolume3\Windows\System32\cryptnet.dll [lacks WinVerifyTrust]
2450.5ce4: supR3HardenedMonitor_LdrLoadDll: returns rcNt=0x0 hMod=00007ffed2f40000 'C:\Windows\System32\cryptnet.dll'
2450.5ce4: supR3HardenedScreenImage/LdrLoadDll: cache hit (VINF_SUCCESS) on \Device\HarddiskVolume3\Windows\System32\cryptnet.dll [lacks WinVerifyTrust]
2450.5ce4: supR3HardenedMonitor_LdrLoadDll: returns rcNt=0x0 hMod=00007ffed2f40000 'C:\Windows\System32\cryptnet.dll'
2450.5ce4: supR3HardenedScreenImage/LdrLoadDll: cache hit (VINF_SUCCESS) on \Device\HarddiskVolume3\Windows\System32\cryptnet.dll [lacks WinVerifyTrust]
2450.5ce4: supR3HardenedMonitor_LdrLoadDll: returns rcNt=0x0 hMod=00007ffed2f40000 'C:\Windows\System32\cryptnet.dll'
2450.5ce4: supR3HardenedScreenImage/LdrLoadDll: cache hit (VINF_SUCCESS) on \Device\HarddiskVolume3\Windows\System32\cryptnet.dll [lacks WinVerifyTrust]
2450.5ce4: supR3HardenedMonitor_LdrLoadDll: returns rcNt=0x0 hMod=00007ffed2f40000 'C:\Windows\System32\cryptnet.dll'
2450.5ce4: supR3HardenedMonitor_LdrLoadDll: returns rcNt=0x0 hMod=00007ffed2f40000 'C:\Windows\System32\cryptnet.dll'
2450.5ce4: supHardenedWinVerifyImageByHandle: -> 0 (\Device\HarddiskVolume3\Windows\System32\profapi.dll)
2450.5ce4: supR3HardenedWinVerifyCacheInsert: \Device\HarddiskVolume3\Windows\System32\profapi.dll
2450.5ce4: supR3HardenedDllNotificationCallback: load   00007fff07480000 LB 0x00029000 C:\WINDOWS\SYSTEM32\profapi.dll [fFlags=0x0]
2450.5ce4: supR3HardenedScreenImage/LdrLoadDll: cache hit (VINF_SUCCESS) on \Device\HarddiskVolume3\Windows\System32\profapi.dll [lacks WinVerifyTrust]
2450.5ce4: supR3HardenedDllNotificationCallback: load   00007fff08b50000 LB 0x000b4000 C:\WINDOWS\System32\advapi32.dll [fFlags=0x0]
2450.5ce4: supR3HardenedWinVerifyCacheScheduleImports: Import todo: #0 'msvcrt.dll'.
2450.5ce4: supR3HardenedWinVerifyCacheScheduleImports: Import todo: #6 'sechost.dll'.
2450.5ce4: supR3HardenedWinVerifyCacheScheduleImports: Import todo: #28 'rpcrt4.dll'.
2450.5ce4: supHardenedWinVerifyImageByHandle: -> 0 (\Device\HarddiskVolume3\Windows\System32\advapi32.dll)
2450.5ce4: supR3HardenedWinVerifyCacheInsert: \Device\HarddiskVolume3\Windows\System32\advapi32.dll
2450.5ce4: supR3HardenedScreenImage/LdrLoadDll: cache hit (VINF_SUCCESS) on \Device\HarddiskVolume3\Windows\System32\rpcrt4.dll [lacks WinVerifyTrust]
2450.5ce4: supR3HardenedWinVerifyCacheProcessImportTodos: Processing 'rpcrt4.dll'...
2450.5ce4: supR3HardenedWinVerifyCacheProcessImportTodos: 'rpcrt4.dll' -> '\Device\HarddiskVolume3\Windows\System32\rpcrt4.dll' [rcNtRedir=0xc0150008]
2450.5ce4: supR3HardenedScreenImage/Imports: cache hit (VINF_SUCCESS) on \Device\HarddiskVolume3\Windows\System32\rpcrt4.dll [lacks WinVerifyTrust]
2450.5ce4: supR3HardenedWinVerifyCacheProcessImportTodos: Processing 'sechost.dll'...
2450.5ce4: supR3HardenedWinVerifyCacheProcessImportTodos: 'sechost.dll' -> '\Device\HarddiskVolume3\Windows\System32\sechost.dll' [rcNtRedir=0xc0150008]
2450.5ce4: supR3HardenedScreenImage/Imports: cache hit (VINF_SUCCESS) on \Device\HarddiskVolume3\Windows\System32\sechost.dll [lacks WinVerifyTrust]
2450.5ce4: supR3HardenedWinVerifyCacheProcessImportTodos: Processing 'msvcrt.dll'...
2450.5ce4: supR3HardenedWinVerifyCacheProcessImportTodos: 'msvcrt.dll' -> '\Device\HarddiskVolume3\Windows\System32\msvcrt.dll' [rcNtRedir=0xc0150008]
2450.5ce4: supR3HardenedScreenImage/Imports: cache hit (VINF_SUCCESS) on \Device\HarddiskVolume3\Windows\System32\msvcrt.dll [lacks WinVerifyTrust]
2450.5ce4: supR3HardenedMonitor_LdrLoadDll: pName=C:\WINDOWS\System32\rpcrt4.dll (Input=rpcrt4.dll, rcNtResolve=0xc0150008) *pfFlags=0x0 pwszSearchPath=0000000000000001:<flags> [calling]
2450.5ce4: supR3HardenedMonitor_LdrLoadDll: returns rcNt=0x0 hMod=00007fff0a900000 'C:\WINDOWS\System32\rpcrt4.dll'
2450.5ce4: supR3HardenedScreenImage/LdrLoadDll: cache hit (VINF_SUCCESS) on \Device\HarddiskVolume3\Windows\System32\rsaenh.dll [lacks WinVerifyTrust]
2450.5ce4: supR3HardenedMonitor_LdrLoadDll: pName=C:\WINDOWS\system32\rsaenh.dll (rcNtResolve=0xc0150008) *pfFlags=0x0 pwszSearchPath=0000000000000001:<flags> [calling]
2450.5ce4: supR3HardenedMonitor_LdrLoadDll: returns rcNt=0x0 hMod=00007fff06220000 'C:\WINDOWS\system32\rsaenh.dll'
2450.5ce4: supR3HardenedScreenImage/LdrLoadDll: cache hit (VINF_SUCCESS) on \Device\HarddiskVolume3\Windows\System32\crypt32.dll [lacks WinVerifyTrust]
2450.5ce4: supR3HardenedMonitor_LdrLoadDll: pName=C:\WINDOWS\System32\crypt32.dll (Input=crypt32.dll, rcNtResolve=0xc0150008) *pfFlags=0x0 pwszSearchPath=0000000000000001:<flags> [calling]
2450.5ce4: supR3HardenedMonitor_LdrLoadDll: returns rcNt=0x0 hMod=00007fff081d0000 'C:\WINDOWS\System32\crypt32.dll'
2450.5ce4: supR3HardNtViCallWinVerifyTrustCatFile: hFile=0000000000000000 pwszName=\SystemRoot\System32\ntdll.dll
2450.5ce4: supR3HardNtViCallWinVerifyTrustCatFile: New context 000001bb7c198320
2450.5ce4: supR3HardNtViCallWinVerifyTrustCatFile: hCatAdmin=000001bb7c198320
2450.5ce4: supR3HardNtViCallWinVerifyTrustCatFile: cbHash=20 wszDigest=F3E1540B7FD32059FFC22216413CFD6362752197
2450.5ce4: supR3HardenedScreenImage/LdrLoadDll: cache hit (VINF_SUCCESS) on \Device\HarddiskVolume3\Windows\System32\rsaenh.dll [lacks WinVerifyTrust]
2450.5ce4: supR3HardenedMonitor_LdrLoadDll: pName=C:\WINDOWS\system32\rsaenh.dll (rcNtResolve=0xc0150008) *pfFlags=0x0 pwszSearchPath=0000000000000001:<flags> [calling]
2450.5ce4: supR3HardenedMonitor_LdrLoadDll: returns rcNt=0x0 hMod=00007fff06220000 'C:\WINDOWS\system32\rsaenh.dll'
2450.5ce4: supR3HardenedScreenImage/LdrLoadDll: cache hit (VINF_SUCCESS) on \Device\HarddiskVolume3\Windows\System32\crypt32.dll [lacks WinVerifyTrust]
2450.5ce4: supR3HardenedMonitor_LdrLoadDll: pName=C:\WINDOWS\System32\crypt32.dll (Input=crypt32.dll, rcNtResolve=0xc0150008) *pfFlags=0x0 pwszSearchPath=0000000000000001:<flags> [calling]
2450.5ce4: supR3HardenedMonitor_LdrLoadDll: returns rcNt=0x0 hMod=00007fff081d0000 'C:\WINDOWS\System32\crypt32.dll'
2450.5ce4: supR3HardNtViCallWinVerifyTrustCatFile: WinVerifyTrust => 0x0; cat='C:\WINDOWS\system32\CatRoot\{F750E6C3-38EE-11D1-85E5-00C04FC295EE}\Microsoft-Windows-Kernel-Package-Ntdll-Package~31bf3856ad364e35~amd64~~10.0.26100.7824.cat'; file='\SystemRoot\System32\ntdll.dll'
2450.5ce4: g_pfnWinVerifyTrust=00007fff0835b400
2450.5ce4: supR3HardenedScreenImage/preload: cache hit (VINF_SUCCESS) on \Device\HarddiskVolume3\Windows\System32\crypt32.dll [redoing WinVerifyTrust]
2450.5ce4: supR3HardenedScreenImage/LdrLoadDll: cache hit (VINF_SUCCESS) on \Device\HarddiskVolume3\Windows\System32\rsaenh.dll [lacks WinVerifyTrust]
2450.5ce4: supR3HardenedMonitor_LdrLoadDll: pName=C:\WINDOWS\system32\rsaenh.dll (rcNtResolve=0xc0150008) *pfFlags=0x0 pwszSearchPath=0000000000000001:<flags> [calling]
2450.5ce4: supR3HardenedMonitor_LdrLoadDll: returns rcNt=0x0 hMod=00007fff06220000 'C:\WINDOWS\system32\rsaenh.dll'
2450.5ce4: supR3HardenedScreenImage/LdrLoadDll: cache hit (VINF_SUCCESS) on \Device\HarddiskVolume3\Windows\System32\crypt32.dll [lacks WinVerifyTrust]
2450.5ce4: supR3HardenedMonitor_LdrLoadDll: pName=C:\WINDOWS\System32\crypt32.dll (Input=crypt32.dll, rcNtResolve=0xc0150008) *pfFlags=0x0 pwszSearchPath=0000000000000001:<flags> [calling]
2450.5ce4: supR3HardenedMonitor_LdrLoadDll: returns rcNt=0x0 hMod=00007fff081d0000 'C:\WINDOWS\System32\crypt32.dll'
2450.5ce4: supR3HardenedScreenImage/preload: 0 (was 0) fWinVerifyTrust=1 for '\Device\HarddiskVolume3\Windows\System32\crypt32.dll'
2450.5ce4: supR3HardenedScreenImage/preload: cache hit (VINF_SUCCESS) on \Device\HarddiskVolume3\Windows\System32\wintrust.dll [redoing WinVerifyTrust]
2450.5ce4: supR3HardenedScreenImage/LdrLoadDll: cache hit (VINF_SUCCESS) on \Device\HarddiskVolume3\Windows\System32\rsaenh.dll [lacks WinVerifyTrust]
2450.5ce4: supR3HardenedMonitor_LdrLoadDll: pName=C:\WINDOWS\system32\rsaenh.dll (rcNtResolve=0xc0150008) *pfFlags=0x0 pwszSearchPath=0000000000000001:<flags> [calling]
2450.5ce4: supR3HardenedMonitor_LdrLoadDll: returns rcNt=0x0 hMod=00007fff06220000 'C:\WINDOWS\system32\rsaenh.dll'
2450.5ce4: supR3HardenedScreenImage/LdrLoadDll: cache hit (VINF_SUCCESS) on \Device\HarddiskVolume3\Windows\System32\crypt32.dll
2450.5ce4: supR3HardenedMonitor_LdrLoadDll: pName=C:\WINDOWS\System32\crypt32.dll (Input=crypt32.dll, rcNtResolve=0xc0150008) *pfFlags=0x0 pwszSearchPath=0000000000000001:<flags> [calling]
2450.5ce4: supR3HardenedMonitor_LdrLoadDll: returns rcNt=0x0 hMod=00007fff081d0000 'C:\WINDOWS\System32\crypt32.dll'
2450.5ce4: supR3HardenedScreenImage/preload: 0 (was 0) fWinVerifyTrust=1 for '\Device\HarddiskVolume3\Windows\System32\wintrust.dll'
2450.5ce4: supR3HardenedScreenImage/LdrLoadDll: cache hit (VINF_SUCCESS) on \Device\HarddiskVolume3\Windows\System32\rsaenh.dll [lacks WinVerifyTrust]
2450.5ce4: supR3HardenedMonitor_LdrLoadDll: pName=C:\WINDOWS\system32\rsaenh.dll (rcNtResolve=0xc0150008) *pfFlags=0x0 pwszSearchPath=0000000000000001:<flags> [calling]
2450.5ce4: supR3HardenedMonitor_LdrLoadDll: returns rcNt=0x0 hMod=00007fff06220000 'C:\WINDOWS\system32\rsaenh.dll'
2450.5ce4: supR3HardenedMonitor_LdrLoadDll: returns rcNt=0x0 hMod=00007fff081d0000 'C:\WINDOWS\System32\crypt32.dll'
2450.5ce4: supR3HardenedWinVerifyCacheProcessWvtTodos: 0 (was 0) fWinVerifyTrust=1 for '\Device\HarddiskVolume3\Windows\System32\advapi32.dll'
2450.5ce4: supR3HardenedScreenImage/LdrLoadDll: cache hit (VINF_SUCCESS) on \Device\HarddiskVolume3\Windows\System32\rsaenh.dll [lacks WinVerifyTrust]
2450.5ce4: supR3HardenedMonitor_LdrLoadDll: returns rcNt=0x0 hMod=00007fff06220000 'C:\WINDOWS\system32\rsaenh.dll'
2450.5ce4: supR3HardenedMonitor_LdrLoadDll: returns rcNt=0x0 hMod=00007fff081d0000 'C:\WINDOWS\System32\crypt32.dll'
2450.5ce4: supR3HardenedWinVerifyCacheProcessWvtTodos: 0 (was 0) fWinVerifyTrust=1 for '\Device\HarddiskVolume3\Windows\System32\profapi.dll'
2450.5ce4: supR3HardenedScreenImage/LdrLoadDll: cache hit (VINF_SUCCESS) on \Device\HarddiskVolume3\Windows\System32\rsaenh.dll [lacks WinVerifyTrust]
2450.5ce4: supR3HardenedMonitor_LdrLoadDll: returns rcNt=0x0 hMod=00007fff06220000 'C:\WINDOWS\system32\rsaenh.dll'
2450.5ce4: supR3HardenedMonitor_LdrLoadDll: returns rcNt=0x0 hMod=00007fff081d0000 'C:\WINDOWS\System32\crypt32.dll'
2450.5ce4: supR3HardenedWinVerifyCacheProcessWvtTodos: 0 (was 0) fWinVerifyTrust=1 for '\Device\HarddiskVolume3\Windows\System32\cryptnet.dll'
2450.5ce4: supR3HardenedScreenImage/LdrLoadDll: cache hit (VINF_SUCCESS) on \Device\HarddiskVolume3\Windows\System32\rsaenh.dll [lacks WinVerifyTrust]
2450.5ce4: supR3HardenedMonitor_LdrLoadDll: returns rcNt=0x0 hMod=00007fff06220000 'C:\WINDOWS\system32\rsaenh.dll'
2450.5ce4: supR3HardenedMonitor_LdrLoadDll: returns rcNt=0x0 hMod=00007fff081d0000 'C:\WINDOWS\System32\crypt32.dll'
2450.5ce4: supR3HardenedWinVerifyCacheProcessWvtTodos: 0 (was 0) fWinVerifyTrust=1 for '\Device\HarddiskVolume3\Windows\System32\SHCore.dll'
2450.5ce4: supR3HardenedScreenImage/LdrLoadDll: cache hit (VINF_SUCCESS) on \Device\HarddiskVolume3\Windows\System32\rsaenh.dll [lacks WinVerifyTrust]
2450.5ce4: supR3HardenedMonitor_LdrLoadDll: returns rcNt=0x0 hMod=00007fff06220000 'C:\WINDOWS\system32\rsaenh.dll'
2450.5ce4: supR3HardenedMonitor_LdrLoadDll: returns rcNt=0x0 hMod=00007fff081d0000 'C:\WINDOWS\System32\crypt32.dll'
2450.5ce4: supR3HardenedWinVerifyCacheProcessWvtTodos: 0 (was 0) fWinVerifyTrust=1 for '\Device\HarddiskVolume3\Windows\System32\msvcp_win.dll'
2450.5ce4: supR3HardenedScreenImage/LdrLoadDll: cache hit (VINF_SUCCESS) on \Device\HarddiskVolume3\Windows\System32\rsaenh.dll [lacks WinVerifyTrust]
2450.5ce4: supR3HardenedMonitor_LdrLoadDll: returns rcNt=0x0 hMod=00007fff06220000 'C:\WINDOWS\system32\rsaenh.dll'
2450.5ce4: supR3HardenedMonitor_LdrLoadDll: returns rcNt=0x0 hMod=00007fff081d0000 'C:\WINDOWS\System32\crypt32.dll'
2450.5ce4: supR3HardenedWinVerifyCacheProcessWvtTodos: 0 (was 0) fWinVerifyTrust=1 for '\Device\HarddiskVolume3\Windows\System32\gpapi.dll'
2450.5ce4: supR3HardenedScreenImage/LdrLoadDll: cache hit (VINF_SUCCESS) on \Device\HarddiskVolume3\Windows\System32\rsaenh.dll [lacks WinVerifyTrust]
2450.5ce4: supR3HardenedMonitor_LdrLoadDll: returns rcNt=0x0 hMod=00007fff06220000 'C:\WINDOWS\system32\rsaenh.dll'
2450.5ce4: supR3HardenedMonitor_LdrLoadDll: returns rcNt=0x0 hMod=00007fff081d0000 'C:\WINDOWS\System32\crypt32.dll'
2450.5ce4: supR3HardenedWinVerifyCacheProcessWvtTodos: 0 (was 0) fWinVerifyTrust=1 for '\Device\HarddiskVolume3\Windows\System32\imagehlp.dll'
2450.5ce4: supR3HardenedScreenImage/LdrLoadDll: cache hit (VINF_SUCCESS) on \Device\HarddiskVolume3\Windows\System32\rsaenh.dll [lacks WinVerifyTrust]
2450.5ce4: supR3HardenedMonitor_LdrLoadDll: returns rcNt=0x0 hMod=00007fff06220000 'C:\WINDOWS\system32\rsaenh.dll'
2450.5ce4: supR3HardenedScreenImage/LdrLoadDll: cache hit (VINF_SUCCESS) on \Device\HarddiskVolume3\Windows\System32\crypt32.dll
2450.5ce4: supR3HardenedMonitor_LdrLoadDll: pName=C:\WINDOWS\System32\crypt32.dll (Input=crypt32.dll, rcNtResolve=0xc0150008) *pfFlags=0x0 pwszSearchPath=0000000000000001:<flags> [calling]
2450.5ce4: supR3HardenedMonitor_LdrLoadDll: returns rcNt=0x0 hMod=00007fff081d0000 'C:\WINDOWS\System32\crypt32.dll'
2450.5ce4: supR3HardenedWinVerifyCacheProcessWvtTodos: 0 (was 0) fWinVerifyTrust=1 for '\Device\HarddiskVolume3\Windows\System32\cryptbase.dll'
2450.5ce4: supR3HardenedScreenImage/LdrLoadDll: cache hit (VINF_SUCCESS) on \Device\HarddiskVolume3\Windows\System32\rsaenh.dll [lacks WinVerifyTrust]
2450.5ce4: supR3HardenedMonitor_LdrLoadDll: pName=C:\WINDOWS\system32\rsaenh.dll (rcNtResolve=0xc0150008) *pfFlags=0x0 pwszSearchPath=0000000000000001:<flags> [calling]
2450.5ce4: supR3HardenedMonitor_LdrLoadDll: returns rcNt=0x0 hMod=00007fff06220000 'C:\WINDOWS\system32\rsaenh.dll'
2450.5ce4: supR3HardenedMonitor_LdrLoadDll: returns rcNt=0x0 hMod=00007fff081d0000 'C:\WINDOWS\System32\crypt32.dll'
2450.5ce4: supR3HardenedWinVerifyCacheProcessWvtTodos: 0 (was 0) fWinVerifyTrust=1 for '\Device\HarddiskVolume3\Windows\System32\rsaenh.dll'
2450.5ce4: supR3HardenedMonitor_LdrLoadDll: returns rcNt=0x0 hMod=00007fff06220000 'C:\WINDOWS\system32\rsaenh.dll'
2450.5ce4: supR3HardenedMonitor_LdrLoadDll: returns rcNt=0x0 hMod=00007fff081d0000 'C:\WINDOWS\System32\crypt32.dll'
2450.5ce4: supR3HardenedWinVerifyCacheProcessWvtTodos: 0 (was 0) fWinVerifyTrust=1 for '\Device\HarddiskVolume3\Windows\System32\cryptsp.dll'
2450.5ce4: supR3HardenedMonitor_LdrLoadDll: returns rcNt=0x0 hMod=00007fff06220000 'C:\WINDOWS\system32\rsaenh.dll'
2450.5ce4: supR3HardenedMonitor_LdrLoadDll: returns rcNt=0x0 hMod=00007fff081d0000 'C:\WINDOWS\System32\crypt32.dll'
2450.5ce4: supR3HardenedWinVerifyCacheProcessWvtTodos: 0 (was 0) fWinVerifyTrust=1 for '\Device\HarddiskVolume3\Windows\System32\bcryptprimitives.dll'
2450.5ce4: supR3HardenedMonitor_LdrLoadDll: returns rcNt=0x0 hMod=00007fff06220000 'C:\WINDOWS\system32\rsaenh.dll'
2450.5ce4: supR3HardenedMonitor_LdrLoadDll: returns rcNt=0x0 hMod=00007fff081d0000 'C:\WINDOWS\System32\crypt32.dll'
2450.5ce4: supR3HardenedWinVerifyCacheProcessWvtTodos: 0 (was 0) fWinVerifyTrust=1 for '\Device\HarddiskVolume3\Windows\System32\sechost.dll'
2450.5ce4: supR3HardenedMonitor_LdrLoadDll: returns rcNt=0x0 hMod=00007fff06220000 'C:\WINDOWS\system32\rsaenh.dll'
2450.5ce4: supR3HardenedMonitor_LdrLoadDll: returns rcNt=0x0 hMod=00007fff081d0000 'C:\WINDOWS\System32\crypt32.dll'
2450.5ce4: supR3HardenedWinVerifyCacheProcessWvtTodos: 0 (was 0) fWinVerifyTrust=1 for '\Device\HarddiskVolume3\Windows\System32\bcrypt.dll'
2450.5ce4: supR3HardenedMonitor_LdrLoadDll: returns rcNt=0x0 hMod=00007fff06220000 'C:\WINDOWS\system32\rsaenh.dll'
2450.5ce4: supR3HardenedMonitor_LdrLoadDll: returns rcNt=0x0 hMod=00007fff081d0000 'C:\WINDOWS\System32\crypt32.dll'
2450.5ce4: supR3HardenedWinVerifyCacheProcessWvtTodos: 0 (was 0) fWinVerifyTrust=1 for '\Device\HarddiskVolume3\Windows\System32\msasn1.dll'
2450.5ce4: supR3HardenedMonitor_LdrLoadDll: returns rcNt=0x0 hMod=00007fff06220000 'C:\WINDOWS\system32\rsaenh.dll'
2450.5ce4: supR3HardenedMonitor_LdrLoadDll: returns rcNt=0x0 hMod=00007fff081d0000 'C:\WINDOWS\System32\crypt32.dll'
2450.5ce4: supR3HardenedWinVerifyCacheProcessWvtTodos: 0 (was 0) fWinVerifyTrust=1 for '\Device\HarddiskVolume3\Windows\System32\ucrtbase.dll'
2450.5ce4: supR3HardenedMonitor_LdrLoadDll: returns rcNt=0x0 hMod=00007fff06220000 'C:\WINDOWS\system32\rsaenh.dll'
2450.5ce4: supR3HardenedMonitor_LdrLoadDll: returns rcNt=0x0 hMod=00007fff081d0000 'C:\WINDOWS\System32\crypt32.dll'
2450.5ce4: supR3HardenedWinVerifyCacheProcessWvtTodos: 0 (was 0) fWinVerifyTrust=1 for '\Device\HarddiskVolume3\Windows\System32\msvcrt.dll'
2450.5ce4: supR3HardenedMonitor_LdrLoadDll: returns rcNt=0x0 hMod=00007fff06220000 'C:\WINDOWS\system32\rsaenh.dll'
2450.5ce4: supR3HardenedMonitor_LdrLoadDll: returns rcNt=0x0 hMod=00007fff081d0000 'C:\WINDOWS\System32\crypt32.dll'
2450.5ce4: supR3HardenedWinVerifyCacheProcessWvtTodos: 0 (was 0) fWinVerifyTrust=1 for '\Device\HarddiskVolume3\Windows\System32\rpcrt4.dll'
2450.5ce4: supR3HardenedMonitor_LdrLoadDll: returns rcNt=0x0 hMod=00007fff06220000 'C:\WINDOWS\system32\rsaenh.dll'
2450.5ce4: supR3HardenedMonitor_LdrLoadDll: returns rcNt=0x0 hMod=00007fff081d0000 'C:\WINDOWS\System32\crypt32.dll'
2450.5ce4: supR3HardenedWinVerifyCacheProcessWvtTodos: 0 (was 0) fWinVerifyTrust=1 for '\Device\HarddiskVolume3\Program Files\Oracle\VirtualBox\VBoxSupLib.dll'
2450.5ce4: supR3HardenedMonitor_LdrLoadDll: returns rcNt=0x0 hMod=00007fff06220000 'C:\WINDOWS\system32\rsaenh.dll'
2450.5ce4: supR3HardenedMonitor_LdrLoadDll: returns rcNt=0x0 hMod=00007fff081d0000 'C:\WINDOWS\System32\crypt32.dll'
2450.5ce4: supR3HardenedWinVerifyCacheProcessWvtTodos: 0 (was 0) fWinVerifyTrust=1 for '\Device\HarddiskVolume3\Program Files\Oracle\VirtualBox\VirtualBoxVM.exe'
2450.5ce4: supR3HardenedMonitor_LdrLoadDll: returns rcNt=0x0 hMod=00007fff06220000 'C:\WINDOWS\system32\rsaenh.dll'
2450.5ce4: supR3HardenedMonitor_LdrLoadDll: returns rcNt=0x0 hMod=00007fff081d0000 'C:\WINDOWS\System32\crypt32.dll'
2450.5ce4: supR3HardenedWinVerifyCacheProcessWvtTodos: 0 (was 0) fWinVerifyTrust=1 for '\Device\HarddiskVolume3\Windows\System32\KernelBase.dll'
2450.5ce4: supR3HardenedMonitor_LdrLoadDll: returns rcNt=0x0 hMod=00007fff06220000 'C:\WINDOWS\system32\rsaenh.dll'
2450.5ce4: supR3HardenedMonitor_LdrLoadDll: returns rcNt=0x0 hMod=00007fff081d0000 'C:\WINDOWS\System32\crypt32.dll'
2450.5ce4: supR3HardenedWinVerifyCacheProcessWvtTodos: 0 (was 0) fWinVerifyTrust=1 for '\Device\HarddiskVolume3\Windows\System32\kernel32.dll'
2450.5ce4: supR3HardenedMonitor_LdrLoadDll: returns rcNt=0x0 hMod=00007fff081d0000 'C:\WINDOWS\system32\crypt32.dll'
2450.5ce4: supR3HardenedWinIsDesiredRootCA: Adding 0x5ad46780fa5df300 DC=com, DC=microsoft, CN=Microsoft Root Certificate Authority
2450.5ce4: supR3HardenedWinIsDesiredRootCA: Adding 0xea5386456178582b C=ZA, ST=Western Cape, L=Durbanville, O=Thawte, OU=Thawte Certification, CN=Thawte Timestamping CA
2450.5ce4: supR3HardenedWinIsDesiredRootCA: Adding 0x3be670c1bd02a900 OU=Copyright (c) 1997 Microsoft Corp., OU=Microsoft Corporation, CN=Microsoft Root Authority
2450.5ce4: supR3HardenedWinIsDesiredRootCA: Adding 0xe991ee72b03db500 C=US, O=Symantec Corporation, CN=Symantec Enterprise Mobile Root for Microsoft
2450.5ce4: supR3HardenedWinIsDesiredRootCA: Adding 0x4d3835aa4180b200 C=US, ST=Washington, L=Redmond, O=Microsoft Corporation, CN=Microsoft Root Certificate Authority 2011
2450.5ce4: supR3HardenedWinIsDesiredRootCA: Adding 0x646e3fe3ba08df00 C=US, O=MSFT, CN=Microsoft Authenticode(tm) Root Authority
2450.5ce4: supR3HardenedWinIsDesiredRootCA: Adding 0xece4e4289e08b900 C=US, ST=Washington, L=Redmond, O=Microsoft Corporation, CN=Microsoft Root Certificate Authority 2010
2450.5ce4: supR3HardenedWinIsDesiredRootCA: Adding 0xf3bb4d7e894b420 C=US, ST=Washington, L=Redmond, O=Microsoft Corporation, CN=Microsoft ECC TS Root Certificate Authority 2018
2450.5ce4: supR3HardenedWinIsDesiredRootCA: Adding 0x43a9cc371ff5385a O=Microsoft Trust Network, OU=Microsoft Corporation, OU=Microsoft Time Stamping Service Root, OU=Copyright (c) 1997 Microsoft Corp.
2450.5ce4: supR3HardenedWinIsDesiredRootCA: Adding 0x2e2d2c7c68f0202e O=VeriSign Trust Network, OU=VeriSign, Inc., OU=VeriSign Time Stamping Service Root, OU=NO LIABILITY ACCEPTED, (c)97 VeriSign, Inc.
2450.5ce4: supR3HardenedWinIsDesiredRootCA: Adding 0xcec3d46562b9be8e C=US, ST=Washington, L=Redmond, O=Microsoft Corporation, CN=Microsoft ECC Product Root Certificate Authority 2018
2450.5ce4: supR3HardenedWinIsDesiredRootCA: Adding 0xca58a05dd401ae00 C=US, ST=Washington, L=Redmond, O=Microsoft Corporation, CN=Microsoft Time Stamp Root Certificate Authority 2014
2450.5ce4: supR3HardenedWinIsDesiredRootCA: Adding 0x670683072a91b300 C=US, O=Microsoft Corporation, CN=Microsoft Identity Verification Root Certificate Authority 2020
2450.5ce4: supR3HardenedWinIsDesiredRootCA: Adding 0x61a3a33f81aace00 C=US, ST=UT, L=Salt Lake City, O=The USERTRUST Network, OU=http://www.usertrust.com, CN=UTN-USERFirst-Object
2450.5ce4: supR3HardenedWinIsDesiredRootCA: Adding 0x6b7bdc34cd37bb00 C=US, O=DigiCert Inc, OU=www.digicert.com, CN=DigiCert Global Root G2
2450.5ce4: supR3HardenedWinIsDesiredRootCA: Adding 0x57ba5395b561bf00 C=BM, O=QuoVadis Limited, OU=Root Certification Authority, CN=QuoVadis Root Certification Authority
2450.5ce4: supR3HardenedWinIsDesiredRootCA: Adding 0xbbde687390e6bf00 C=US, O=DigiCert Inc, OU=www.digicert.com, CN=DigiCert Trusted Root G4
2450.5ce4: supR3HardenedWinIsDesiredRootCA: Adding 0x780679907625cc00 OU=GlobalSign Root CA - R3, O=GlobalSign, CN=GlobalSign
2450.5ce4: supR3HardenedWinIsDesiredRootCA: Adding 0xeae16ef49d40be00 C=GB, ST=Greater Manchester, L=Salford, O=Comodo CA Limited, CN=AAA Certificate Services
2450.5ce4: supR3HardenedWinIsDesiredRootCA: Adding 0xc6536f24d57ae723 C=US, ST=New Jersey, L=Jersey City, O=The USERTRUST Network, CN=USERTrust ECC Certification Authority
2450.5ce4: supR3HardenedWinIsDesiredRootCA: Adding 0x2404221294e78d00 C=GB, O=Sectigo Limited, CN=Sectigo Public Code Signing Root R46
2450.5ce4: supR3HardenedWinIsDesiredRootCA: Adding 0x3714f47324e8ad00 C=US, O=Internet Security Research Group, CN=ISRG Root X1
2450.5ce4: supR3HardenedWinIsDesiredRootCA: Adding 0x96cb178d285f9e36 C=US, ST=Texas, L=Houston, O=SSL Corporation, CN=SSL.com Root Certification Authority ECC
2450.5ce4: supR3HardenedWinIsDesiredRootCA: Adding 0xa3ce8d99e60eda00 C=BE, O=GlobalSign nv-sa, OU=Root CA, CN=GlobalSign Root CA
2450.5ce4: supR3HardenedWinIsDesiredRootCA: Adding 0x560ad29254e89100 C=GB, ST=Greater Manchester, L=Salford, O=COMODO CA Limited, CN=COMODO RSA Certification Authority
2450.5ce4: supR3HardenedWinIsDesiredRootCA: Adding 0xd8755236d5be9300 C=GB, O=Sectigo Limited, CN=Sectigo Public Server Authentication Root R46
2450.5ce4: supR3HardenedWinIsDesiredRootCA: Adding 0xa671e9fec832b700 C=US, O=Starfield Technologies, Inc., OU=Starfield Class 2 Certification Authority
2450.5ce4: supR3HardenedWinIsDesiredRootCA: Adding 0xa8de7211e13be200 C=US, O=DigiCert Inc, OU=www.digicert.com, CN=DigiCert Global Root CA
2450.5ce4: supR3HardenedWinIsDesiredRootCA: Adding 0x5102860480cd2313 C=US, O=Microsoft Corporation, CN=Microsoft ECC Root Certificate Authority 2017
2450.5ce4: supR3HardenedWinIsDesiredRootCA: Adding 0x4ef92ac43a0cd500 C=US, ST=Arizona, L=Scottsdale, O=Starfield Technologies, Inc., CN=Starfield Services Root Certificate Authority - G2
2450.5ce4: supR3HardenedWinIsDesiredRootCA: Adding 0xc9edb72b684ba00 C=US, O=Entrust, Inc., OU=See www.entrust.net/legal-terms, OU=(c) 2009 Entrust, Inc. - for authorized use only, CN=Entrust Root Certification Authority - G2
2450.5ce4: supR3HardenedWinIsDesiredRootCA: Adding 0xf966ca73e8079500 OU=GlobalSign Root CA - R6, O=GlobalSign, CN=GlobalSign
2450.5ce4: supR3HardenedWinIsDesiredRootCA: Adding 0xbebef0d2217f0bfb C=US, O=DigiCert Inc, OU=www.digicert.com, CN=DigiCert Global Root G3
2450.5ce4: supR3HardenedWinIsDesiredRootCA: Adding 0x14018a1bf29e595c C=US, O=VeriSign, Inc., OU=Class 3 Public Primary Certification Authority
2450.5ce4: supR3HardenedWinIsDesiredRootCA: Adding 0x298c3394be5bca00 C=US, O=Microsoft Corporation, CN=Microsoft RSA Root Certificate Authority 2017
2450.5ce4: supR3HardenedWinIsDesiredRootCA: Adding 0xd4fbe673e5ccc600 C=US, O=DigiCert Inc, OU=www.digicert.com, CN=DigiCert High Assurance EV Root CA
2450.5ce4: supR3HardenedWinIsDesiredRootCA: Adding 0xb352b1523915d000 C=JP, O=SECOM Trust Systems CO.,LTD., OU=Security Communication RootCA2
2450.5ce4: supR3HardenedWinIsDesiredRootCA: Adding 0x362d8807333b600 C=US, O=DigiCert, Inc., CN=DigiCert CS RSA4096 Root G5
2450.5ce4: supR3HardenedWinIsDesiredRootCA: Adding 0x14018a1bf29e595c C=US, O=VeriSign, Inc., OU=Class 3 Public Primary Certification Authority
2450.5ce4: supR3HardenedWinIsDesiredRootCA: Adding 0xe87add30c52db600 C=BE, O=GlobalSign nv-sa, CN=GlobalSign Code Signing Root R45
2450.5ce4: supR3HardenedWinIsDesiredRootCA: Adding 0x59faf1086271bf00 C=US, ST=Arizona, L=Scottsdale, O=GoDaddy.com, Inc., CN=Go Daddy Root Certificate Authority - G2
2450.5ce4: supR3HardenedWinIsDesiredRootCA: Adding 0xc30e361765128000 C=US, ST=New Jersey, L=Jersey City, O=The USERTRUST Network, CN=USERTrust RSA Certification Authority
2450.5ce4: supR3HardenedWinIsDesiredRootCA: Adding 0x491857ead79dde00 C=US, O=The Go Daddy Group, Inc., OU=Go Daddy Class 2 Certification Authority
2450.5ce4: supR3HardenedWinIsDesiredRootCA: Adding 0xc2ba72a37dfbe300 C=PL, O=Unizeto Technologies S.A., OU=Certum Certification Authority, CN=Certum Trusted Network CA
2450.5ce4: supR3HardenedWinIsDesiredRootCA: Adding 0x8043e4ce150ead00 C=US, O=DigiCert Inc, OU=www.digicert.com, CN=DigiCert Assured ID Root CA
2450.5ce4: supR3HardenedWinIsDesiredRootCA: Adding 0xfc891b3fa9f8c200 C=GR, L=Athens, O=Hellenic Academic and Research Institutions Cert. Authority, CN=Hellenic Academic and Research Institutions RootCA 2015
2450.5ce4: supR3HardenedWinRetrieveTrustedRootCAs: cAdded=46
2450.5ce4: SUPR3HardenedMain: Load Runtime...
2450.5ce4: supR3HardenedMonitor_LdrLoadDll: returns rcNt=0x0 hMod=00007fff06220000 'C:\WINDOWS\system32\rsaenh.dll'
2450.5ce4: supR3HardenedMonitor_LdrLoadDll: returns rcNt=0x0 hMod=00007fff081d0000 'C:\WINDOWS\System32\crypt32.dll'
2450.5ce4: supR3HardenedWinVerifyCacheScheduleImports: Import todo: #0 'mpr.dll'.
2450.5ce4: supR3HardenedWinVerifyCacheScheduleImports: Import todo: #2 'rpcrt4.dll'.
2450.5ce4: supR3HardenedWinVerifyCacheScheduleImports: Import todo: #14 'vcruntime140.dll'.
2450.5ce4: supR3HardenedWinVerifyCacheScheduleImports: Import todo: #15 'vcruntime140_1.dll'.
2450.5ce4: supR3HardenedWinVerifyCacheScheduleImports: Import todo: #16 'msvcp140.dll'.
2450.5ce4: supR3HardenedWinVerifyCacheScheduleImports: Import todo: #17 'ws2_32.dll'.
2450.5ce4: supHardenedWinVerifyImageByHandle: -> 0 (\Device\HarddiskVolume3\Program Files\Oracle\VirtualBox\VBoxRT.dll) WinVerifyTrust
2450.5ce4: supR3HardenedWinVerifyCacheInsert: \Device\HarddiskVolume3\Program Files\Oracle\VirtualBox\VBoxRT.dll
2450.5ce4: supR3HardenedWinVerifyCacheProcessImportTodos: Processing 'ws2_32.dll'...
2450.5ce4: supR3HardenedWinVerifyCacheProcessImportTodos: 'ws2_32.dll' -> '\Device\HarddiskVolume3\Windows\System32\ws2_32.dll' [rcNtRedir=0xc0150008]
2450.5ce4: supR3HardenedMonitor_LdrLoadDll: returns rcNt=0x0 hMod=00007fff06220000 'C:\WINDOWS\system32\rsaenh.dll'
2450.5ce4: supR3HardenedScreenImage/LdrLoadDll: cache hit (VINF_SUCCESS) on \Device\HarddiskVolume3\Windows\System32\crypt32.dll
2450.5ce4: supR3HardenedMonitor_LdrLoadDll: pName=C:\WINDOWS\System32\crypt32.dll (Input=crypt32.dll, rcNtResolve=0xc0150008) *pfFlags=0x0 pwszSearchPath=0000000000000001:<flags> [calling]
2450.5ce4: supR3HardenedMonitor_LdrLoadDll: returns rcNt=0x0 hMod=00007fff081d0000 'C:\WINDOWS\System32\crypt32.dll'
2450.5ce4: supR3HardenedWinVerifyCacheScheduleImports: Import todo: #28 'rpcrt4.dll'.
2450.5ce4: supHardenedWinVerifyImageByHandle: -> 0 (\Device\HarddiskVolume3\Windows\System32\ws2_32.dll) WinVerifyTrust
2450.5ce4: supR3HardenedWinVerifyCacheInsert: \Device\HarddiskVolume3\Windows\System32\ws2_32.dll
2450.5ce4: supR3HardenedWinVerifyCacheProcessImportTodos: Processing 'msvcp140.dll'...
2450.5ce4: supR3HardenedWinVerifyCacheProcessImportTodos: 'msvcp140.dll' -> '\Device\HarddiskVolume3\Windows\System32\msvcp140.dll' [rcNtRedir=0xc0150008]
2450.5ce4: supR3HardenedWinVerifyCacheProcessImportTodos: Processing 'rpcrt4.dll'...
2450.5ce4: supR3HardenedWinVerifyCacheProcessImportTodos: 'rpcrt4.dll' -> '\Device\HarddiskVolume3\Windows\System32\rpcrt4.dll' [rcNtRedir=0xc0150008]
2450.5ce4: supR3HardenedScreenImage/Imports: cache hit (VINF_SUCCESS) on \Device\HarddiskVolume3\Windows\System32\rpcrt4.dll
2450.5ce4: supR3HardenedMonitor_LdrLoadDll: returns rcNt=0x0 hMod=00007fff06220000 'C:\WINDOWS\system32\rsaenh.dll'
2450.5ce4: supR3HardenedMonitor_LdrLoadDll: returns rcNt=0x0 hMod=00007fff081d0000 'C:\WINDOWS\System32\crypt32.dll'
2450.5ce4: supR3HardenedWinVerifyCacheScheduleImports: Import todo: #0 'vcruntime140.dll'.
2450.5ce4: supR3HardenedWinVerifyCacheScheduleImports: Import todo: #1 'vcruntime140_1.dll'.
2450.5ce4: supHardenedWinVerifyImageByHandle: -> 0 (\Device\HarddiskVolume3\Windows\System32\msvcp140.dll) WinVerifyTrust
2450.5ce4: supR3HardenedWinVerifyCacheInsert: \Device\HarddiskVolume3\Windows\System32\msvcp140.dll
2450.5ce4: supR3HardenedWinVerifyCacheProcessImportTodos: Processing 'vcruntime140_1.dll'...
2450.5ce4: supR3HardenedWinVerifyCacheProcessImportTodos: 'vcruntime140_1.dll' -> '\Device\HarddiskVolume3\Windows\System32\vcruntime140_1.dll' [rcNtRedir=0xc0150008]
2450.5ce4: supR3HardenedScreenImage/LdrLoadDll: cache hit (VINF_SUCCESS) on \Device\HarddiskVolume3\Windows\System32\rsaenh.dll
2450.5ce4: supR3HardenedWinVerifyCacheProcessImportTodos: Processing 'vcruntime140_1.dll'...
2450.5ce4: supR3HardenedWinVerifyCacheProcessImportTodos: 'vcruntime140_1.dll' -> '\Device\HarddiskVolume3\Windows\System32\vcruntime140_1.dll' [rcNtRedir=0xc0150008]
2450.5ce4: Detected WinVerifyTrust recursion: rc=VINF_SUCCESS '\Device\HarddiskVolume3\Windows\System32\vcruntime140_1.dll'.
2450.5ce4: supR3HardenedWinVerifyCacheScheduleImports: Import todo: #3 'vcruntime140.dll'.
2450.5ce4: supHardenedWinVerifyImageByHandle: -> 0 (\Device\HarddiskVolume3\Windows\System32\vcruntime140_1.dll)
2450.5ce4: supR3HardenedWinVerifyCacheInsert: \Device\HarddiskVolume3\Windows\System32\vcruntime140_1.dll
2450.5ce4: supR3HardenedWinVerifyCacheProcessImportTodos: Processing 'vcruntime140.dll'...
2450.5ce4: supR3HardenedWinVerifyCacheProcessImportTodos: 'vcruntime140.dll' -> '\Device\HarddiskVolume3\Windows\System32\vcruntime140.dll' [rcNtRedir=0xc0150008]
2450.5ce4: Detected WinVerifyTrust recursion: rc=VINF_SUCCESS '\Device\HarddiskVolume3\Windows\System32\vcruntime140.dll'.
2450.5ce4: supHardenedWinVerifyImageByHandle: -> 0 (\Device\HarddiskVolume3\Windows\System32\vcruntime140.dll)
2450.5ce4: supR3HardenedWinVerifyCacheInsert: \Device\HarddiskVolume3\Windows\System32\vcruntime140.dll
2450.5ce4: supR3HardenedWinVerifyCacheProcessImportTodos: Processing 'vcruntime140.dll'...
2450.5ce4: supR3HardenedWinVerifyCacheProcessImportTodos: 'vcruntime140.dll' -> '\Device\HarddiskVolume3\Windows\System32\vcruntime140.dll' [rcNtRedir=0xc0150008]
2450.5ce4: supR3HardenedScreenImage/Imports: cache hit (VINF_SUCCESS) on \Device\HarddiskVolume3\Windows\System32\vcruntime140.dll [lacks WinVerifyTrust]
2450.5ce4: supR3HardenedMonitor_LdrLoadDll: pName=C:\WINDOWS\system32\rsaenh.dll (rcNtResolve=0xc0150008) *pfFlags=0x0 pwszSearchPath=0000000000000001:<flags> [calling]
2450.5ce4: supR3HardenedMonitor_LdrLoadDll: returns rcNt=0x0 hMod=00007fff06220000 'C:\WINDOWS\system32\rsaenh.dll'
2450.5ce4: supR3HardenedMonitor_LdrLoadDll: returns rcNt=0x0 hMod=00007fff081d0000 'C:\WINDOWS\System32\crypt32.dll'
2450.5ce4: supR3HardenedWinVerifyCacheScheduleImports: Import todo: #3 'vcruntime140.dll'.
2450.5ce4: supHardenedWinVerifyImageByHandle: -> 0 (\Device\HarddiskVolume3\Windows\System32\vcruntime140_1.dll) WinVerifyTrust
2450.5ce4: supR3HardenedWinVerifyCacheProcessImportTodos: Processing 'vcruntime140.dll'...
2450.5ce4: supR3HardenedWinVerifyCacheProcessImportTodos: 'vcruntime140.dll' -> '\Device\HarddiskVolume3\Windows\System32\vcruntime140.dll' [rcNtRedir=0xc0150008]
2450.5ce4: supR3HardenedScreenImage/Imports: cache hit (VINF_SUCCESS) on \Device\HarddiskVolume3\Windows\System32\vcruntime140.dll [redoing WinVerifyTrust]
2450.5ce4: supR3HardenedWinVerifyCacheProcessImportTodos: Processing 'vcruntime140.dll'...
2450.5ce4: supR3HardenedWinVerifyCacheProcessImportTodos: 'vcruntime140.dll' -> '\Device\HarddiskVolume3\Windows\System32\vcruntime140.dll' [rcNtRedir=0xc0150008]
2450.5ce4: supR3HardenedScreenImage/Imports: cache hit (VINF_SUCCESS) on \Device\HarddiskVolume3\Windows\System32\vcruntime140.dll [lacks WinVerifyTrust]
2450.5ce4: supR3HardenedMonitor_LdrLoadDll: returns rcNt=0x0 hMod=00007fff06220000 'C:\WINDOWS\system32\rsaenh.dll'
2450.5ce4: supR3HardenedMonitor_LdrLoadDll: returns rcNt=0x0 hMod=00007fff081d0000 'C:\WINDOWS\System32\crypt32.dll'
2450.5ce4: supR3HardenedScreenImage/Imports: 0 (was 0) fWinVerifyTrust=1 for '\Device\HarddiskVolume3\Windows\System32\vcruntime140.dll'
2450.5ce4: supR3HardenedWinVerifyCacheProcessImportTodos: Processing 'rpcrt4.dll'...
2450.5ce4: supR3HardenedWinVerifyCacheProcessImportTodos: 'rpcrt4.dll' -> '\Device\HarddiskVolume3\Windows\System32\rpcrt4.dll' [rcNtRedir=0xc0150008]
2450.5ce4: supR3HardenedScreenImage/Imports: cache hit (VINF_SUCCESS) on \Device\HarddiskVolume3\Windows\System32\rpcrt4.dll
2450.5ce4: supR3HardenedWinVerifyCacheProcessImportTodos: Processing 'mpr.dll'...
2450.5ce4: supR3HardenedWinVerifyCacheProcessImportTodos: 'mpr.dll' -> '\Device\HarddiskVolume3\Windows\System32\mpr.dll' [rcNtRedir=0xc0150008]
2450.5ce4: supR3HardenedMonitor_LdrLoadDll: returns rcNt=0x0 hMod=00007fff06220000 'C:\WINDOWS\system32\rsaenh.dll'
2450.5ce4: supR3HardenedMonitor_LdrLoadDll: returns rcNt=0x0 hMod=00007fff081d0000 'C:\WINDOWS\System32\crypt32.dll'
2450.5ce4: supHardenedWinVerifyImageByHandle: -> 0 (\Device\HarddiskVolume3\Windows\System32\mpr.dll) WinVerifyTrust
2450.5ce4: supR3HardenedWinVerifyCacheInsert: \Device\HarddiskVolume3\Windows\System32\mpr.dll
2450.5ce4: supR3HardenedMonitor_LdrLoadDll: pName=C:\Program Files\Oracle\VirtualBox\VBoxRT.dll (rcNtResolve=0xc0150008) *pfFlags=0x0 pwszSearchPath=0000000000000a01:<flags> [calling]
2450.5ce4: supR3HardenedScreenImage/NtCreateSection: cache hit (VINF_SUCCESS) on \Device\HarddiskVolume3\Program Files\Oracle\VirtualBox\VBoxRT.dll
2450.5ce4: supR3HardenedScreenImage/NtCreateSection: cache hit (VINF_SUCCESS) on \Device\HarddiskVolume3\Windows\System32\mpr.dll
2450.5ce4: supR3HardenedScreenImage/NtCreateSection: cache hit (VINF_SUCCESS) on \Device\HarddiskVolume3\Windows\System32\vcruntime140.dll
2450.5ce4: supR3HardenedScreenImage/NtCreateSection: cache hit (VINF_SUCCESS) on \Device\HarddiskVolume3\Windows\System32\vcruntime140_1.dll [avoiding WinVerifyTrust]
2450.5ce4: supR3HardenedScreenImage/NtCreateSection: cache hit (VINF_SUCCESS) on \Device\HarddiskVolume3\Windows\System32\msvcp140.dll
2450.5ce4: supR3HardenedDllNotificationCallback: load   00007fff00260000 LB 0x00021000 C:\WINDOWS\SYSTEM32\MPR.dll [fFlags=0x0]
2450.5ce4: supR3HardenedScreenImage/LdrLoadDll: cache hit (VINF_SUCCESS) on \Device\HarddiskVolume3\Windows\System32\mpr.dll
2450.5ce4: supR3HardenedDllNotificationCallback: load   00007ffee9130000 LB 0x0001e000 C:\WINDOWS\SYSTEM32\VCRUNTIME140.dll [fFlags=0x0]
2450.5ce4: supR3HardenedScreenImage/LdrLoadDll: cache hit (VINF_SUCCESS) on \Device\HarddiskVolume3\Windows\System32\vcruntime140.dll
2450.5ce4: supR3HardenedDllNotificationCallback: load   00007ffef0010000 LB 0x0000c000 C:\WINDOWS\SYSTEM32\VCRUNTIME140_1.dll [fFlags=0x0]
2450.5ce4: supR3HardenedScreenImage/LdrLoadDll: cache hit (VINF_SUCCESS) on \Device\HarddiskVolume3\Windows\System32\vcruntime140_1.dll [avoiding WinVerifyTrust]
2450.5ce4: supR3HardenedDllNotificationCallback: load   00007ffecc050000 LB 0x00089000 C:\WINDOWS\SYSTEM32\MSVCP140.dll [fFlags=0x0]
2450.5ce4: supR3HardenedScreenImage/LdrLoadDll: cache hit (VINF_SUCCESS) on \Device\HarddiskVolume3\Windows\System32\msvcp140.dll
2450.5ce4: supR3HardenedDllNotificationCallback: load   00007fff0abc0000 LB 0x00074000 C:\WINDOWS\System32\WS2_32.dll [fFlags=0x0]
2450.5ce4: supR3HardenedScreenImage/LdrLoadDll: cache hit (VINF_SUCCESS) on \Device\HarddiskVolume3\Windows\System32\ws2_32.dll
2450.5ce4: supR3HardenedDllNotificationCallback: load   00007ffe24ff0000 LB 0x00765000 C:\Program Files\Oracle\VirtualBox\VBoxRT.dll [fFlags=0x0]
2450.5ce4: supR3HardenedScreenImage/LdrLoadDll: cache hit (VINF_SUCCESS) on \Device\HarddiskVolume3\Program Files\Oracle\VirtualBox\VBoxRT.dll
2450.5ce4: Detected loader lock ownership: rc=VINF_SUCCESS '\Device\HarddiskVolume3\Windows\System32\vcruntime140_1.dll'.
2450.5ce4: supR3HardenedWinVerifyCacheProcessWvtTodos: 0 (was 0) fWinVerifyTrust=0 for '\Device\HarddiskVolume3\Windows\System32\vcruntime140_1.dll' [rescheduled]
2450.5ce4: supR3HardenedIsApiSetDll: ApiSetQueryApiSetPresence(api-ms-win-core-synch-l1-2-0) -> 0x0, fPresent=1
2450.5ce4: supR3HardenedMonitor_LdrLoadDll: pName=api-ms-win-core-synch-l1-2-0 (rcNtResolve=0x0) *pfFlags=0x0 pwszSearchPath=0000000000000801:<flags> [calling]
2450.5ce4: supR3HardenedMonitor_LdrLoadDll: returns rcNt=0x0 hMod=00007fff07560000 'api-ms-win-core-synch-l1-2-0'
2450.5ce4: Detected loader lock ownership: rc=VINF_SUCCESS '\Device\HarddiskVolume3\Windows\System32\vcruntime140_1.dll'.
2450.5ce4: supR3HardenedWinVerifyCacheProcessWvtTodos: 0 (was 0) fWinVerifyTrust=0 for '\Device\HarddiskVolume3\Windows\System32\vcruntime140_1.dll' [rescheduled]
2450.5ce4: Detected loader lock ownership: rc=VINF_SUCCESS '\Device\HarddiskVolume3\Windows\System32\vcruntime140_1.dll'.
2450.5ce4: supR3HardenedWinVerifyCacheProcessWvtTodos: 0 (was 0) fWinVerifyTrust=0 for '\Device\HarddiskVolume3\Windows\System32\vcruntime140_1.dll' [rescheduled]
2450.5ce4: supR3HardenedIsApiSetDll: ApiSetQueryApiSetPresence(api-ms-win-core-fibers-l1-1-1) -> 0x0, fPresent=1
2450.5ce4: supR3HardenedMonitor_LdrLoadDll: pName=api-ms-win-core-fibers-l1-1-1 (rcNtResolve=0x0) *pfFlags=0x0 pwszSearchPath=0000000000000801:<flags> [calling]
2450.5ce4: supR3HardenedMonitor_LdrLoadDll: returns rcNt=0x0 hMod=00007fff07560000 'api-ms-win-core-fibers-l1-1-1'
2450.5ce4: Detected loader lock ownership: rc=VINF_SUCCESS '\Device\HarddiskVolume3\Windows\System32\vcruntime140_1.dll'.
2450.5ce4: supR3HardenedWinVerifyCacheProcessWvtTodos: 0 (was 0) fWinVerifyTrust=0 for '\Device\HarddiskVolume3\Windows\System32\vcruntime140_1.dll' [rescheduled]
2450.5ce4: Detected loader lock ownership: rc=VINF_SUCCESS '\Device\HarddiskVolume3\Windows\System32\vcruntime140_1.dll'.
2450.5ce4: supR3HardenedWinVerifyCacheProcessWvtTodos: 0 (was 0) fWinVerifyTrust=0 for '\Device\HarddiskVolume3\Windows\System32\vcruntime140_1.dll' [rescheduled]
2450.5ce4: supR3HardenedIsApiSetDll: ApiSetQueryApiSetPresence(api-ms-win-core-synch-l1-2-0) -> 0x0, fPresent=1
2450.5ce4: supR3HardenedMonitor_LdrLoadDll: pName=api-ms-win-core-synch-l1-2-0 (rcNtResolve=0x0) *pfFlags=0x0 pwszSearchPath=0000000000000801:<flags> [calling]
2450.5ce4: supR3HardenedMonitor_LdrLoadDll: returns rcNt=0x0 hMod=00007fff07560000 'api-ms-win-core-synch-l1-2-0'
2450.5ce4: Detected loader lock ownership: rc=VINF_SUCCESS '\Device\HarddiskVolume3\Windows\System32\vcruntime140_1.dll'.
2450.5ce4: supR3HardenedWinVerifyCacheProcessWvtTodos: 0 (was 0) fWinVerifyTrust=0 for '\Device\HarddiskVolume3\Windows\System32\vcruntime140_1.dll' [rescheduled]
2450.5ce4: Detected loader lock ownership: rc=VINF_SUCCESS '\Device\HarddiskVolume3\Windows\System32\vcruntime140_1.dll'.
2450.5ce4: supR3HardenedWinVerifyCacheProcessWvtTodos: 0 (was 0) fWinVerifyTrust=0 for '\Device\HarddiskVolume3\Windows\System32\vcruntime140_1.dll' [rescheduled]
2450.5ce4: supR3HardenedIsApiSetDll: ApiSetQueryApiSetPresence(api-ms-win-core-fibers-l1-1-1) -> 0x0, fPresent=1
2450.5ce4: supR3HardenedMonitor_LdrLoadDll: pName=api-ms-win-core-fibers-l1-1-1 (rcNtResolve=0x0) *pfFlags=0x0 pwszSearchPath=0000000000000801:<flags> [calling]
2450.5ce4: supR3HardenedMonitor_LdrLoadDll: returns rcNt=0x0 hMod=00007fff07560000 'api-ms-win-core-fibers-l1-1-1'
2450.5ce4: Detected loader lock ownership: rc=VINF_SUCCESS '\Device\HarddiskVolume3\Windows\System32\vcruntime140_1.dll'.
2450.5ce4: supR3HardenedWinVerifyCacheProcessWvtTodos: 0 (was 0) fWinVerifyTrust=0 for '\Device\HarddiskVolume3\Windows\System32\vcruntime140_1.dll' [rescheduled]
2450.5ce4: Detected loader lock ownership: rc=VINF_SUCCESS '\Device\HarddiskVolume3\Windows\System32\vcruntime140_1.dll'.
2450.5ce4: supR3HardenedWinVerifyCacheProcessWvtTodos: 0 (was 0) fWinVerifyTrust=0 for '\Device\HarddiskVolume3\Windows\System32\vcruntime140_1.dll' [rescheduled]
2450.5ce4: supR3HardenedScreenImage/LdrLoadDll: cache hit (VINF_SUCCESS) on \Device\HarddiskVolume3\Program Files\Oracle\VirtualBox\VBoxRT.dll
2450.5ce4: supR3HardenedMonitor_LdrLoadDll: pName=C:\Program Files\Oracle\VirtualBox\VBoxRT.dll (rcNtResolve=0xc0150008) *pfFlags=0x0 pwszSearchPath=0000000000000001:<flags> [calling]
2450.5ce4: supR3HardenedMonitor_LdrLoadDll: returns rcNt=0x0 hMod=00007ffe24ff0000 'C:\Program Files\Oracle\VirtualBox\VBoxRT.dll'
2450.5ce4: Detected loader lock ownership: rc=VINF_SUCCESS '\Device\HarddiskVolume3\Windows\System32\vcruntime140_1.dll'.
2450.5ce4: supR3HardenedWinVerifyCacheProcessWvtTodos: 0 (was 0) fWinVerifyTrust=0 for '\Device\HarddiskVolume3\Windows\System32\vcruntime140_1.dll' [rescheduled]
2450.5ce4: Detected loader lock ownership: rc=VINF_SUCCESS '\Device\HarddiskVolume3\Windows\System32\vcruntime140_1.dll'.
2450.5ce4: supR3HardenedWinVerifyCacheProcessWvtTodos: 0 (was 0) fWinVerifyTrust=0 for '\Device\HarddiskVolume3\Windows\System32\vcruntime140_1.dll' [rescheduled]
2450.5ce4: supR3HardenedScreenImage/LdrLoadDll: cache hit (VINF_SUCCESS) on \Device\HarddiskVolume3\Program Files\Oracle\VirtualBox\VBoxRT.dll
2450.5ce4: supR3HardenedMonitor_LdrLoadDll: pName=C:\Program Files\Oracle\VirtualBox\VBoxRT.dll (rcNtResolve=0xc0150008) *pfFlags=0x0 pwszSearchPath=0000000000000001:<flags> [calling]
2450.5ce4: supR3HardenedMonitor_LdrLoadDll: returns rcNt=0x0 hMod=00007ffe24ff0000 'C:\Program Files\Oracle\VirtualBox\VBoxRT.dll'
2450.5ce4: Detected loader lock ownership: rc=VINF_SUCCESS '\Device\HarddiskVolume3\Windows\System32\vcruntime140_1.dll'.
2450.5ce4: supR3HardenedWinVerifyCacheProcessWvtTodos: 0 (was 0) fWinVerifyTrust=0 for '\Device\HarddiskVolume3\Windows\System32\vcruntime140_1.dll' [rescheduled]
2450.5ce4: Detected loader lock ownership: rc=VINF_SUCCESS '\Device\HarddiskVolume3\Windows\System32\vcruntime140_1.dll'.
2450.5ce4: supR3HardenedWinVerifyCacheProcessWvtTodos: 0 (was 0) fWinVerifyTrust=0 for '\Device\HarddiskVolume3\Windows\System32\vcruntime140_1.dll' [rescheduled]
2450.5ce4: supR3HardenedScreenImage/LdrLoadDll: cache hit (VINF_SUCCESS) on \Device\HarddiskVolume3\Program Files\Oracle\VirtualBox\VBoxRT.dll
2450.5ce4: supR3HardenedMonitor_LdrLoadDll: pName=C:\Program Files\Oracle\VirtualBox\VBoxRT.dll (rcNtResolve=0xc0150008) *pfFlags=0x0 pwszSearchPath=0000000000000001:<flags> [calling]
2450.5ce4: supR3HardenedMonitor_LdrLoadDll: returns rcNt=0x0 hMod=00007ffe24ff0000 'C:\Program Files\Oracle\VirtualBox\VBoxRT.dll'
2450.5ce4: Detected loader lock ownership: rc=VINF_SUCCESS '\Device\HarddiskVolume3\Windows\System32\vcruntime140_1.dll'.
2450.5ce4: supR3HardenedWinVerifyCacheProcessWvtTodos: 0 (was 0) fWinVerifyTrust=0 for '\Device\HarddiskVolume3\Windows\System32\vcruntime140_1.dll' [rescheduled]
2450.5ce4: Detected loader lock ownership: rc=VINF_SUCCESS '\Device\HarddiskVolume3\Windows\System32\vcruntime140_1.dll'.
2450.5ce4: supR3HardenedWinVerifyCacheProcessWvtTodos: 0 (was 0) fWinVerifyTrust=0 for '\Device\HarddiskVolume3\Windows\System32\vcruntime140_1.dll' [rescheduled]
2450.5ce4: supR3HardenedScreenImage/LdrLoadDll: cache hit (VINF_SUCCESS) on \Device\HarddiskVolume3\Program Files\Oracle\VirtualBox\VBoxRT.dll
2450.5ce4: supR3HardenedMonitor_LdrLoadDll: pName=C:\Program Files\Oracle\VirtualBox\VBoxRT.dll (rcNtResolve=0xc0150008) *pfFlags=0x0 pwszSearchPath=0000000000000001:<flags> [calling]
2450.5ce4: supR3HardenedMonitor_LdrLoadDll: returns rcNt=0x0 hMod=00007ffe24ff0000 'C:\Program Files\Oracle\VirtualBox\VBoxRT.dll'
2450.5ce4: Detected loader lock ownership: rc=VINF_SUCCESS '\Device\HarddiskVolume3\Windows\System32\vcruntime140_1.dll'.
2450.5ce4: supR3HardenedWinVerifyCacheProcessWvtTodos: 0 (was 0) fWinVerifyTrust=0 for '\Device\HarddiskVolume3\Windows\System32\vcruntime140_1.dll' [rescheduled]
2450.5ce4: Detected loader lock ownership: rc=VINF_SUCCESS '\Device\HarddiskVolume3\Windows\System32\vcruntime140_1.dll'.
2450.5ce4: supR3HardenedWinVerifyCacheProcessWvtTodos: 0 (was 0) fWinVerifyTrust=0 for '\Device\HarddiskVolume3\Windows\System32\vcruntime140_1.dll' [rescheduled]
2450.5ce4: supR3HardenedScreenImage/LdrLoadDll: cache hit (VINF_SUCCESS) on \Device\HarddiskVolume3\Program Files\Oracle\VirtualBox\VBoxRT.dll
2450.5ce4: supR3HardenedMonitor_LdrLoadDll: pName=C:\Program Files\Oracle\VirtualBox\VBoxRT.dll (rcNtResolve=0xc0150008) *pfFlags=0x0 pwszSearchPath=0000000000000001:<flags> [calling]
2450.5ce4: supR3HardenedMonitor_LdrLoadDll: returns rcNt=0x0 hMod=00007ffe24ff0000 'C:\Program Files\Oracle\VirtualBox\VBoxRT.dll'
2450.5ce4: Detected loader lock ownership: rc=VINF_SUCCESS '\Device\HarddiskVolume3\Windows\System32\vcruntime140_1.dll'.
2450.5ce4: supR3HardenedWinVerifyCacheProcessWvtTodos: 0 (was 0) fWinVerifyTrust=0 for '\Device\HarddiskVolume3\Windows\System32\vcruntime140_1.dll' [rescheduled]
2450.5ce4: Detected loader lock ownership: rc=VINF_SUCCESS '\Device\HarddiskVolume3\Windows\System32\vcruntime140_1.dll'.
2450.5ce4: supR3HardenedWinVerifyCacheProcessWvtTodos: 0 (was 0) fWinVerifyTrust=0 for '\Device\HarddiskVolume3\Windows\System32\vcruntime140_1.dll' [rescheduled]
2450.5ce4: supR3HardenedScreenImage/LdrLoadDll: cache hit (VINF_SUCCESS) on \Device\HarddiskVolume3\Program Files\Oracle\VirtualBox\VBoxRT.dll
2450.5ce4: supR3HardenedMonitor_LdrLoadDll: pName=C:\Program Files\Oracle\VirtualBox\VBoxRT.dll (rcNtResolve=0xc0150008) *pfFlags=0x0 pwszSearchPath=0000000000000001:<flags> [calling]
2450.5ce4: supR3HardenedMonitor_LdrLoadDll: returns rcNt=0x0 hMod=00007ffe24ff0000 'C:\Program Files\Oracle\VirtualBox\VBoxRT.dll'
2450.5ce4: Detected loader lock ownership: rc=VINF_SUCCESS '\Device\HarddiskVolume3\Windows\System32\vcruntime140_1.dll'.
2450.5ce4: supR3HardenedWinVerifyCacheProcessWvtTodos: 0 (was 0) fWinVerifyTrust=0 for '\Device\HarddiskVolume3\Windows\System32\vcruntime140_1.dll' [rescheduled]
2450.5ce4: Detected loader lock ownership: rc=VINF_SUCCESS '\Device\HarddiskVolume3\Windows\System32\vcruntime140_1.dll'.
2450.5ce4: supR3HardenedWinVerifyCacheProcessWvtTodos: 0 (was 0) fWinVerifyTrust=0 for '\Device\HarddiskVolume3\Windows\System32\vcruntime140_1.dll' [rescheduled]
2450.5ce4: supR3HardenedMonitor_LdrLoadDll: returns rcNt=0x0 hMod=00007ffe24ff0000 'C:\Program Files\Oracle\VirtualBox\VBoxRT.dll'
2450.5ce4: Detected loader lock ownership: rc=VINF_SUCCESS '\Device\HarddiskVolume3\Windows\System32\vcruntime140_1.dll'.
2450.5ce4: supR3HardenedWinVerifyCacheProcessWvtTodos: 0 (was 0) fWinVerifyTrust=0 for '\Device\HarddiskVolume3\Windows\System32\vcruntime140_1.dll' [rescheduled]
2450.5ce4: Detected loader lock ownership: rc=VINF_SUCCESS '\Device\HarddiskVolume3\Windows\System32\vcruntime140_1.dll'.
2450.5ce4: supR3HardenedWinVerifyCacheProcessWvtTodos: 0 (was 0) fWinVerifyTrust=0 for '\Device\HarddiskVolume3\Windows\System32\vcruntime140_1.dll' [rescheduled]
2450.5ce4: supR3HardenedMonitor_LdrLoadDll: returns rcNt=0x0 hMod=00007ffe24ff0000 'C:\Program Files\Oracle\VirtualBox\VBoxRT.dll'
2450.5ce4: Detected loader lock ownership: rc=VINF_SUCCESS '\Device\HarddiskVolume3\Windows\System32\vcruntime140_1.dll'.
2450.5ce4: supR3HardenedWinVerifyCacheProcessWvtTodos: 0 (was 0) fWinVerifyTrust=0 for '\Device\HarddiskVolume3\Windows\System32\vcruntime140_1.dll' [rescheduled]
2450.5ce4: Detected loader lock ownership: rc=VINF_SUCCESS '\Device\HarddiskVolume3\Windows\System32\vcruntime140_1.dll'.
2450.5ce4: supR3HardenedWinVerifyCacheProcessWvtTodos: 0 (was 0) fWinVerifyTrust=0 for '\Device\HarddiskVolume3\Windows\System32\vcruntime140_1.dll' [rescheduled]
2450.5ce4: supR3HardenedMonitor_LdrLoadDll: returns rcNt=0x0 hMod=00007ffe24ff0000 'C:\Program Files\Oracle\VirtualBox\VBoxRT.dll'
2450.5ce4: Detected loader lock ownership: rc=VINF_SUCCESS '\Device\HarddiskVolume3\Windows\System32\vcruntime140_1.dll'.
2450.5ce4: supR3HardenedWinVerifyCacheProcessWvtTodos: 0 (was 0) fWinVerifyTrust=0 for '\Device\HarddiskVolume3\Windows\System32\vcruntime140_1.dll' [rescheduled]
2450.5ce4: Detected loader lock ownership: rc=VINF_SUCCESS '\Device\HarddiskVolume3\Windows\System32\vcruntime140_1.dll'.
2450.5ce4: supR3HardenedWinVerifyCacheProcessWvtTodos: 0 (was 0) fWinVerifyTrust=0 for '\Device\HarddiskVolume3\Windows\System32\vcruntime140_1.dll' [rescheduled]
2450.5ce4: supR3HardenedMonitor_LdrLoadDll: returns rcNt=0x0 hMod=00007ffe24ff0000 'C:\Program Files\Oracle\VirtualBox\VBoxRT.dll'
2450.5ce4: Detected loader lock ownership: rc=VINF_SUCCESS '\Device\HarddiskVolume3\Windows\System32\vcruntime140_1.dll'.
2450.5ce4: supR3HardenedWinVerifyCacheProcessWvtTodos: 0 (was 0) fWinVerifyTrust=0 for '\Device\HarddiskVolume3\Windows\System32\vcruntime140_1.dll' [rescheduled]
2450.5ce4: Detected loader lock ownership: rc=VINF_SUCCESS '\Device\HarddiskVolume3\Windows\System32\vcruntime140_1.dll'.
2450.5ce4: supR3HardenedWinVerifyCacheProcessWvtTodos: 0 (was 0) fWinVerifyTrust=0 for '\Device\HarddiskVolume3\Windows\System32\vcruntime140_1.dll' [rescheduled]
2450.5ce4: supR3HardenedMonitor_LdrLoadDll: returns rcNt=0x0 hMod=00007ffe24ff0000 'C:\Program Files\Oracle\VirtualBox\VBoxRT.dll'
2450.5ce4: Detected loader lock ownership: rc=VINF_SUCCESS '\Device\HarddiskVolume3\Windows\System32\vcruntime140_1.dll'.
2450.5ce4: supR3HardenedWinVerifyCacheProcessWvtTodos: 0 (was 0) fWinVerifyTrust=0 for '\Device\HarddiskVolume3\Windows\System32\vcruntime140_1.dll' [rescheduled]
2450.5ce4: Detected loader lock ownership: rc=VINF_SUCCESS '\Device\HarddiskVolume3\Windows\System32\vcruntime140_1.dll'.
2450.5ce4: supR3HardenedWinVerifyCacheProcessWvtTodos: 0 (was 0) fWinVerifyTrust=0 for '\Device\HarddiskVolume3\Windows\System32\vcruntime140_1.dll' [rescheduled]
2450.5ce4: supR3HardenedMonitor_LdrLoadDll: returns rcNt=0x0 hMod=00007ffe24ff0000 'C:\Program Files\Oracle\VirtualBox\VBoxRT.dll'
2450.5ce4: Detected loader lock ownership: rc=VINF_SUCCESS '\Device\HarddiskVolume3\Windows\System32\vcruntime140_1.dll'.
2450.5ce4: supR3HardenedWinVerifyCacheProcessWvtTodos: 0 (was 0) fWinVerifyTrust=0 for '\Device\HarddiskVolume3\Windows\System32\vcruntime140_1.dll' [rescheduled]
2450.5ce4: Detected loader lock ownership: rc=VINF_SUCCESS '\Device\HarddiskVolume3\Windows\System32\vcruntime140_1.dll'.
2450.5ce4: supR3HardenedWinVerifyCacheProcessWvtTodos: 0 (was 0) fWinVerifyTrust=0 for '\Device\HarddiskVolume3\Windows\System32\vcruntime140_1.dll' [rescheduled]
2450.5ce4: supR3HardenedMonitor_LdrLoadDll: returns rcNt=0x0 hMod=00007ffe24ff0000 'C:\Program Files\Oracle\VirtualBox\VBoxRT.dll'
2450.5ce4: Detected loader lock ownership: rc=VINF_SUCCESS '\Device\HarddiskVolume3\Windows\System32\vcruntime140_1.dll'.
2450.5ce4: supR3HardenedWinVerifyCacheProcessWvtTodos: 0 (was 0) fWinVerifyTrust=0 for '\Device\HarddiskVolume3\Windows\System32\vcruntime140_1.dll' [rescheduled]
2450.5ce4: Detected loader lock ownership: rc=VINF_SUCCESS '\Device\HarddiskVolume3\Windows\System32\vcruntime140_1.dll'.
2450.5ce4: supR3HardenedWinVerifyCacheProcessWvtTodos: 0 (was 0) fWinVerifyTrust=0 for '\Device\HarddiskVolume3\Windows\System32\vcruntime140_1.dll' [rescheduled]
2450.5ce4: supR3HardenedScreenImage/LdrLoadDll: cache hit (VINF_SUCCESS) on \Device\HarddiskVolume3\Program Files\Oracle\VirtualBox\VBoxRT.dll
2450.5ce4: supR3HardenedMonitor_LdrLoadDll: pName=C:\Program Files\Oracle\VirtualBox\VBoxRT.dll (rcNtResolve=0xc0150008) *pfFlags=0x0 pwszSearchPath=0000000000000001:<flags> [calling]
2450.5ce4: supR3HardenedMonitor_LdrLoadDll: returns rcNt=0x0 hMod=00007ffe24ff0000 'C:\Program Files\Oracle\VirtualBox\VBoxRT.dll'
2450.5ce4: Detected loader lock ownership: rc=VINF_SUCCESS '\Device\HarddiskVolume3\Windows\System32\vcruntime140_1.dll'.
2450.5ce4: supR3HardenedWinVerifyCacheProcessWvtTodos: 0 (was 0) fWinVerifyTrust=0 for '\Device\HarddiskVolume3\Windows\System32\vcruntime140_1.dll' [rescheduled]
2450.5ce4: Detected loader lock ownership: rc=VINF_SUCCESS '\Device\HarddiskVolume3\Windows\System32\vcruntime140_1.dll'.
2450.5ce4: supR3HardenedWinVerifyCacheProcessWvtTodos: 0 (was 0) fWinVerifyTrust=0 for '\Device\HarddiskVolume3\Windows\System32\vcruntime140_1.dll' [rescheduled]
2450.5ce4: supR3HardenedMonitor_LdrLoadDll: returns rcNt=0x0 hMod=00007ffe24ff0000 'C:\Program Files\Oracle\VirtualBox\VBoxRT.dll'
2450.5ce4: Detected loader lock ownership: rc=VINF_SUCCESS '\Device\HarddiskVolume3\Windows\System32\vcruntime140_1.dll'.
2450.5ce4: supR3HardenedWinVerifyCacheProcessWvtTodos: 0 (was 0) fWinVerifyTrust=0 for '\Device\HarddiskVolume3\Windows\System32\vcruntime140_1.dll' [rescheduled]
2450.5ce4: Detected loader lock ownership: rc=VINF_SUCCESS '\Device\HarddiskVolume3\Windows\System32\vcruntime140_1.dll'.
2450.5ce4: supR3HardenedWinVerifyCacheProcessWvtTodos: 0 (was 0) fWinVerifyTrust=0 for '\Device\HarddiskVolume3\Windows\System32\vcruntime140_1.dll' [rescheduled]
2450.5ce4: supR3HardenedMonitor_LdrLoadDll: returns rcNt=0x0 hMod=00007ffe24ff0000 'C:\Program Files\Oracle\VirtualBox\VBoxRT.dll'
2450.5ce4: Detected loader lock ownership: rc=VINF_SUCCESS '\Device\HarddiskVolume3\Windows\System32\vcruntime140_1.dll'.
2450.5ce4: supR3HardenedWinVerifyCacheProcessWvtTodos: 0 (was 0) fWinVerifyTrust=0 for '\Device\HarddiskVolume3\Windows\System32\vcruntime140_1.dll' [rescheduled]
2450.5ce4: Detected loader lock ownership: rc=VINF_SUCCESS '\Device\HarddiskVolume3\Windows\System32\vcruntime140_1.dll'.
2450.5ce4: supR3HardenedWinVerifyCacheProcessWvtTodos: 0 (was 0) fWinVerifyTrust=0 for '\Device\HarddiskVolume3\Windows\System32\vcruntime140_1.dll' [rescheduled]
2450.5ce4: supR3HardenedMonitor_LdrLoadDll: returns rcNt=0x0 hMod=00007ffe24ff0000 'C:\Program Files\Oracle\VirtualBox\VBoxRT.dll'
2450.5ce4: Detected loader lock ownership: rc=VINF_SUCCESS '\Device\HarddiskVolume3\Windows\System32\vcruntime140_1.dll'.
2450.5ce4: supR3HardenedWinVerifyCacheProcessWvtTodos: 0 (was 0) fWinVerifyTrust=0 for '\Device\HarddiskVolume3\Windows\System32\vcruntime140_1.dll' [rescheduled]
2450.5ce4: Detected loader lock ownership: rc=VINF_SUCCESS '\Device\HarddiskVolume3\Windows\System32\vcruntime140_1.dll'.
2450.5ce4: supR3HardenedWinVerifyCacheProcessWvtTodos: 0 (was 0) fWinVerifyTrust=0 for '\Device\HarddiskVolume3\Windows\System32\vcruntime140_1.dll' [rescheduled]
2450.5ce4: supR3HardenedMonitor_LdrLoadDll: returns rcNt=0x0 hMod=00007ffe24ff0000 'C:\Program Files\Oracle\VirtualBox\VBoxRT.dll'
2450.5ce4: Detected loader lock ownership: rc=VINF_SUCCESS '\Device\HarddiskVolume3\Windows\System32\vcruntime140_1.dll'.
2450.5ce4: supR3HardenedWinVerifyCacheProcessWvtTodos: 0 (was 0) fWinVerifyTrust=0 for '\Device\HarddiskVolume3\Windows\System32\vcruntime140_1.dll' [rescheduled]
2450.5ce4: Detected loader lock ownership: rc=VINF_SUCCESS '\Device\HarddiskVolume3\Windows\System32\vcruntime140_1.dll'.
2450.5ce4: supR3HardenedWinVerifyCacheProcessWvtTodos: 0 (was 0) fWinVerifyTrust=0 for '\Device\HarddiskVolume3\Windows\System32\vcruntime140_1.dll' [rescheduled]
2450.5ce4: supR3HardenedMonitor_LdrLoadDll: returns rcNt=0x0 hMod=00007ffe24ff0000 'C:\Program Files\Oracle\VirtualBox\VBoxRT.dll'
2450.5ce4: Detected loader lock ownership: rc=VINF_SUCCESS '\Device\HarddiskVolume3\Windows\System32\vcruntime140_1.dll'.
2450.5ce4: supR3HardenedWinVerifyCacheProcessWvtTodos: 0 (was 0) fWinVerifyTrust=0 for '\Device\HarddiskVolume3\Windows\System32\vcruntime140_1.dll' [rescheduled]
2450.5ce4: Detected loader lock ownership: rc=VINF_SUCCESS '\Device\HarddiskVolume3\Windows\System32\vcruntime140_1.dll'.
2450.5ce4: supR3HardenedWinVerifyCacheProcessWvtTodos: 0 (was 0) fWinVerifyTrust=0 for '\Device\HarddiskVolume3\Windows\System32\vcruntime140_1.dll' [rescheduled]
2450.5ce4: supR3HardenedMonitor_LdrLoadDll: returns rcNt=0x0 hMod=00007ffe24ff0000 'C:\Program Files\Oracle\VirtualBox\VBoxRT.dll'
2450.5ce4: Detected loader lock ownership: rc=VINF_SUCCESS '\Device\HarddiskVolume3\Windows\System32\vcruntime140_1.dll'.
2450.5ce4: supR3HardenedWinVerifyCacheProcessWvtTodos: 0 (was 0) fWinVerifyTrust=0 for '\Device\HarddiskVolume3\Windows\System32\vcruntime140_1.dll' [rescheduled]
2450.5ce4: Detected loader lock ownership: rc=VINF_SUCCESS '\Device\HarddiskVolume3\Windows\System32\vcruntime140_1.dll'.
2450.5ce4: supR3HardenedWinVerifyCacheProcessWvtTodos: 0 (was 0) fWinVerifyTrust=0 for '\Device\HarddiskVolume3\Windows\System32\vcruntime140_1.dll' [rescheduled]
2450.5ce4: supR3HardenedMonitor_LdrLoadDll: returns rcNt=0x0 hMod=00007ffe24ff0000 'C:\Program Files\Oracle\VirtualBox\VBoxRT.dll'
2450.5ce4: Detected loader lock ownership: rc=VINF_SUCCESS '\Device\HarddiskVolume3\Windows\System32\vcruntime140_1.dll'.
2450.5ce4: supR3HardenedWinVerifyCacheProcessWvtTodos: 0 (was 0) fWinVerifyTrust=0 for '\Device\HarddiskVolume3\Windows\System32\vcruntime140_1.dll' [rescheduled]
2450.5ce4: Detected loader lock ownership: rc=VINF_SUCCESS '\Device\HarddiskVolume3\Windows\System32\vcruntime140_1.dll'.
2450.5ce4: supR3HardenedWinVerifyCacheProcessWvtTodos: 0 (was 0) fWinVerifyTrust=0 for '\Device\HarddiskVolume3\Windows\System32\vcruntime140_1.dll' [rescheduled]
2450.5ce4: supR3HardenedMonitor_LdrLoadDll: returns rcNt=0x0 hMod=00007ffe24ff0000 'C:\Program Files\Oracle\VirtualBox\VBoxRT.dll'
2450.5ce4: Detected loader lock ownership: rc=VINF_SUCCESS '\Device\HarddiskVolume3\Windows\System32\vcruntime140_1.dll'.
2450.5ce4: supR3HardenedWinVerifyCacheProcessWvtTodos: 0 (was 0) fWinVerifyTrust=0 for '\Device\HarddiskVolume3\Windows\System32\vcruntime140_1.dll' [rescheduled]
2450.5ce4: Detected loader lock ownership: rc=VINF_SUCCESS '\Device\HarddiskVolume3\Windows\System32\vcruntime140_1.dll'.
2450.5ce4: supR3HardenedWinVerifyCacheProcessWvtTodos: 0 (was 0) fWinVerifyTrust=0 for '\Device\HarddiskVolume3\Windows\System32\vcruntime140_1.dll' [rescheduled]
2450.5ce4: supR3HardenedMonitor_LdrLoadDll: returns rcNt=0x0 hMod=00007ffe24ff0000 'C:\Program Files\Oracle\VirtualBox\VBoxRT.dll'
2450.5ce4: Detected loader lock ownership: rc=VINF_SUCCESS '\Device\HarddiskVolume3\Windows\System32\vcruntime140_1.dll'.
2450.5ce4: supR3HardenedWinVerifyCacheProcessWvtTodos: 0 (was 0) fWinVerifyTrust=0 for '\Device\HarddiskVolume3\Windows\System32\vcruntime140_1.dll' [rescheduled]
2450.5ce4: Detected loader lock ownership: rc=VINF_SUCCESS '\Device\HarddiskVolume3\Windows\System32\vcruntime140_1.dll'.
2450.5ce4: supR3HardenedWinVerifyCacheProcessWvtTodos: 0 (was 0) fWinVerifyTrust=0 for '\Device\HarddiskVolume3\Windows\System32\vcruntime140_1.dll' [rescheduled]
2450.5ce4: supR3HardenedMonitor_LdrLoadDll: returns rcNt=0x0 hMod=00007ffe24ff0000 'C:\Program Files\Oracle\VirtualBox\VBoxRT.dll'
2450.5ce4: Detected loader lock ownership: rc=VINF_SUCCESS '\Device\HarddiskVolume3\Windows\System32\vcruntime140_1.dll'.
2450.5ce4: supR3HardenedWinVerifyCacheProcessWvtTodos: 0 (was 0) fWinVerifyTrust=0 for '\Device\HarddiskVolume3\Windows\System32\vcruntime140_1.dll' [rescheduled]
2450.5ce4: Detected loader lock ownership: rc=VINF_SUCCESS '\Device\HarddiskVolume3\Windows\System32\vcruntime140_1.dll'.
2450.5ce4: supR3HardenedWinVerifyCacheProcessWvtTodos: 0 (was 0) fWinVerifyTrust=0 for '\Device\HarddiskVolume3\Windows\System32\vcruntime140_1.dll' [rescheduled]
2450.5ce4: supR3HardenedMonitor_LdrLoadDll: returns rcNt=0x0 hMod=00007ffe24ff0000 'C:\Program Files\Oracle\VirtualBox\VBoxRT.dll'
2450.5ce4: Detected loader lock ownership: rc=VINF_SUCCESS '\Device\HarddiskVolume3\Windows\System32\vcruntime140_1.dll'.
2450.5ce4: supR3HardenedWinVerifyCacheProcessWvtTodos: 0 (was 0) fWinVerifyTrust=0 for '\Device\HarddiskVolume3\Windows\System32\vcruntime140_1.dll' [rescheduled]
2450.5ce4: Detected loader lock ownership: rc=VINF_SUCCESS '\Device\HarddiskVolume3\Windows\System32\vcruntime140_1.dll'.
2450.5ce4: supR3HardenedWinVerifyCacheProcessWvtTodos: 0 (was 0) fWinVerifyTrust=0 for '\Device\HarddiskVolume3\Windows\System32\vcruntime140_1.dll' [rescheduled]
2450.5ce4: supR3HardenedMonitor_LdrLoadDll: returns rcNt=0x0 hMod=00007ffe24ff0000 'C:\Program Files\Oracle\VirtualBox\VBoxRT.dll'
2450.5ce4: Detected loader lock ownership: rc=VINF_SUCCESS '\Device\HarddiskVolume3\Windows\System32\vcruntime140_1.dll'.
2450.5ce4: supR3HardenedWinVerifyCacheProcessWvtTodos: 0 (was 0) fWinVerifyTrust=0 for '\Device\HarddiskVolume3\Windows\System32\vcruntime140_1.dll' [rescheduled]
2450.5ce4: Detected loader lock ownership: rc=VINF_SUCCESS '\Device\HarddiskVolume3\Windows\System32\vcruntime140_1.dll'.
2450.5ce4: supR3HardenedWinVerifyCacheProcessWvtTodos: 0 (was 0) fWinVerifyTrust=0 for '\Device\HarddiskVolume3\Windows\System32\vcruntime140_1.dll' [rescheduled]
2450.5ce4: supR3HardenedMonitor_LdrLoadDll: returns rcNt=0x0 hMod=00007ffe24ff0000 'C:\Program Files\Oracle\VirtualBox\VBoxRT.dll'
2450.5ce4: Detected loader lock ownership: rc=VINF_SUCCESS '\Device\HarddiskVolume3\Windows\System32\vcruntime140_1.dll'.
2450.5ce4: supR3HardenedWinVerifyCacheProcessWvtTodos: 0 (was 0) fWinVerifyTrust=0 for '\Device\HarddiskVolume3\Windows\System32\vcruntime140_1.dll' [rescheduled]
2450.5ce4: Detected loader lock ownership: rc=VINF_SUCCESS '\Device\HarddiskVolume3\Windows\System32\vcruntime140_1.dll'.
2450.5ce4: supR3HardenedWinVerifyCacheProcessWvtTodos: 0 (was 0) fWinVerifyTrust=0 for '\Device\HarddiskVolume3\Windows\System32\vcruntime140_1.dll' [rescheduled]
2450.5ce4: supR3HardenedMonitor_LdrLoadDll: returns rcNt=0x0 hMod=00007ffe24ff0000 'C:\Program Files\Oracle\VirtualBox\VBoxRT.dll'
2450.5ce4: Detected loader lock ownership: rc=VINF_SUCCESS '\Device\HarddiskVolume3\Windows\System32\vcruntime140_1.dll'.
2450.5ce4: supR3HardenedWinVerifyCacheProcessWvtTodos: 0 (was 0) fWinVerifyTrust=0 for '\Device\HarddiskVolume3\Windows\System32\vcruntime140_1.dll' [rescheduled]
2450.5ce4: Detected loader lock ownership: rc=VINF_SUCCESS '\Device\HarddiskVolume3\Windows\System32\vcruntime140_1.dll'.
2450.5ce4: supR3HardenedWinVerifyCacheProcessWvtTodos: 0 (was 0) fWinVerifyTrust=0 for '\Device\HarddiskVolume3\Windows\System32\vcruntime140_1.dll' [rescheduled]
2450.5ce4: supR3HardenedMonitor_LdrLoadDll: returns rcNt=0x0 hMod=00007ffe24ff0000 'C:\Program Files\Oracle\VirtualBox\VBoxRT.dll'
2450.5ce4: Detected loader lock ownership: rc=VINF_SUCCESS '\Device\HarddiskVolume3\Windows\System32\vcruntime140_1.dll'.
2450.5ce4: supR3HardenedWinVerifyCacheProcessWvtTodos: 0 (was 0) fWinVerifyTrust=0 for '\Device\HarddiskVolume3\Windows\System32\vcruntime140_1.dll' [rescheduled]
2450.5ce4: Detected loader lock ownership: rc=VINF_SUCCESS '\Device\HarddiskVolume3\Windows\System32\vcruntime140_1.dll'.
2450.5ce4: supR3HardenedWinVerifyCacheProcessWvtTodos: 0 (was 0) fWinVerifyTrust=0 for '\Device\HarddiskVolume3\Windows\System32\vcruntime140_1.dll' [rescheduled]
2450.5ce4: supR3HardenedScreenImage/LdrLoadDll: cache hit (VINF_SUCCESS) on \Device\HarddiskVolume3\Program Files\Oracle\VirtualBox\VBoxRT.dll
2450.5ce4: supR3HardenedMonitor_LdrLoadDll: pName=C:\Program Files\Oracle\VirtualBox\VBoxRT.dll (rcNtResolve=0xc0150008) *pfFlags=0x0 pwszSearchPath=0000000000000001:<flags> [calling]
2450.5ce4: supR3HardenedMonitor_LdrLoadDll: returns rcNt=0x0 hMod=00007ffe24ff0000 'C:\Program Files\Oracle\VirtualBox\VBoxRT.dll'
2450.5ce4: Detected loader lock ownership: rc=VINF_SUCCESS '\Device\HarddiskVolume3\Windows\System32\vcruntime140_1.dll'.
2450.5ce4: supR3HardenedWinVerifyCacheProcessWvtTodos: 0 (was 0) fWinVerifyTrust=0 for '\Device\HarddiskVolume3\Windows\System32\vcruntime140_1.dll' [rescheduled]
2450.5ce4: Detected loader lock ownership: rc=VINF_SUCCESS '\Device\HarddiskVolume3\Windows\System32\vcruntime140_1.dll'.
2450.5ce4: supR3HardenedWinVerifyCacheProcessWvtTodos: 0 (was 0) fWinVerifyTrust=0 for '\Device\HarddiskVolume3\Windows\System32\vcruntime140_1.dll' [rescheduled]
2450.5ce4: supR3HardenedMonitor_LdrLoadDll: returns rcNt=0x0 hMod=00007ffe24ff0000 'C:\Program Files\Oracle\VirtualBox\VBoxRT.dll'
2450.5ce4: Detected loader lock ownership: rc=VINF_SUCCESS '\Device\HarddiskVolume3\Windows\System32\vcruntime140_1.dll'.
2450.5ce4: supR3HardenedWinVerifyCacheProcessWvtTodos: 0 (was 0) fWinVerifyTrust=0 for '\Device\HarddiskVolume3\Windows\System32\vcruntime140_1.dll' [rescheduled]
2450.5ce4: Detected loader lock ownership: rc=VINF_SUCCESS '\Device\HarddiskVolume3\Windows\System32\vcruntime140_1.dll'.
2450.5ce4: supR3HardenedWinVerifyCacheProcessWvtTodos: 0 (was 0) fWinVerifyTrust=0 for '\Device\HarddiskVolume3\Windows\System32\vcruntime140_1.dll' [rescheduled]
2450.5ce4: supR3HardenedMonitor_LdrLoadDll: returns rcNt=0x0 hMod=00007ffe24ff0000 'C:\Program Files\Oracle\VirtualBox\VBoxRT.dll'
2450.5ce4: Detected loader lock ownership: rc=VINF_SUCCESS '\Device\HarddiskVolume3\Windows\System32\vcruntime140_1.dll'.
2450.5ce4: supR3HardenedWinVerifyCacheProcessWvtTodos: 0 (was 0) fWinVerifyTrust=0 for '\Device\HarddiskVolume3\Windows\System32\vcruntime140_1.dll' [rescheduled]
2450.5ce4: supR3HardenedMonitor_LdrLoadDll: returns rcNt=0x0 hMod=00007ffe24ff0000 'C:\Program Files\Oracle\VirtualBox\VBoxRT.dll'
2450.5ce4: supR3HardenedMonitor_LdrLoadDll: returns rcNt=0x0 hMod=00007fff06220000 'C:\WINDOWS\system32\rsaenh.dll'
2450.5ce4: supR3HardenedMonitor_LdrLoadDll: returns rcNt=0x0 hMod=00007fff081d0000 'C:\WINDOWS\System32\crypt32.dll'
2450.5ce4: supR3HardenedWinVerifyCacheProcessWvtTodos: 0 (was 0) fWinVerifyTrust=1 for '\Device\HarddiskVolume3\Windows\System32\vcruntime140_1.dll'
2450.5ce4: supR3HardenedScreenImage/LdrLoadDll: cache hit (VINF_SUCCESS) on \Device\HarddiskVolume3\Windows\System32\wintrust.dll
2450.5ce4: supR3HardenedMonitor_LdrLoadDll: pName=C:\WINDOWS\system32\Wintrust.dll (rcNtResolve=0xc0150008) *pfFlags=0x0 pwszSearchPath=0000000000000801:<flags> [calling]
2450.5ce4: supR3HardenedMonitor_LdrLoadDll: returns rcNt=0x0 hMod=00007fff08350000 'C:\WINDOWS\system32\Wintrust.dll'
2450.5ce4: supR3HardenedMonitor_LdrLoadDll: returns rcNt=0x0 hMod=00007fff06220000 'C:\WINDOWS\system32\rsaenh.dll'
2450.5ce4: supR3HardenedMonitor_LdrLoadDll: returns rcNt=0x0 hMod=00007fff081d0000 'C:\WINDOWS\System32\crypt32.dll'
2450.5ce4: supR3HardenedMonitor_LdrLoadDll: returns rcNt=0x0 hMod=00007fff06220000 'C:\WINDOWS\system32\rsaenh.dll'
2450.5ce4: supR3HardenedMonitor_LdrLoadDll: returns rcNt=0x0 hMod=00007fff081d0000 'C:\WINDOWS\System32\crypt32.dll'
2450.5ce4: supR3HardenedMonitor_LdrLoadDll: returns rcNt=0x0 hMod=00007fff081d0000 'C:\WINDOWS\system32\crypt32.dll'
2450.5ce4: SUPR3HardenedMain: Load TrustedMain...
2450.50c0: supR3HardenedIsApiSetDll: ApiSetQueryApiSetPresence(api-ms-win-appmodel-runtime-l1-1-2) -> 0x0, fPresent=1
2450.50c0: supR3HardenedMonitor_LdrLoadDll: pName=api-ms-win-appmodel-runtime-l1-1-2 (rcNtResolve=0x0) *pfFlags=0x0 pwszSearchPath=0000000000000801:<flags> [calling]
2450.50c0: supR3HardenedWinVerifyCacheScheduleImports: Import todo: #8 'msvcrt.dll'.
2450.50c0: supHardenedWinVerifyImageByHandle: -> 0 (\Device\HarddiskVolume3\Windows\System32\kernel.appcore.dll)
2450.50c0: supR3HardenedWinVerifyCacheInsert: \Device\HarddiskVolume3\Windows\System32\kernel.appcore.dll
2450.50c0: supR3HardenedDllNotificationCallback: load   00007fff062c0000 LB 0x0001b000 C:\WINDOWS\SYSTEM32\kernel.appcore.dll [fFlags=0x0]
2450.50c0: supR3HardenedScreenImage/LdrLoadDll: cache hit (VINF_SUCCESS) on \Device\HarddiskVolume3\Windows\System32\kernel.appcore.dll [avoiding WinVerifyTrust]
2450.50c0: supR3HardenedMonitor_LdrLoadDll: returns rcNt=0x0 hMod=00007fff062c0000 'api-ms-win-appmodel-runtime-l1-1-2'
2450.50c0: supR3HardenedWinVerifyCacheProcessImportTodos: Processing 'msvcrt.dll'...
2450.50c0: supR3HardenedWinVerifyCacheProcessImportTodos: 'msvcrt.dll' -> '\Device\HarddiskVolume3\Windows\System32\msvcrt.dll' [rcNtRedir=0xc0150008]
2450.50c0: supR3HardenedScreenImage/Imports: cache hit (VINF_SUCCESS) on \Device\HarddiskVolume3\Windows\System32\msvcrt.dll
2450.50c0: supR3HardenedMonitor_LdrLoadDll: returns rcNt=0x0 hMod=00007fff06220000 'C:\WINDOWS\system32\rsaenh.dll'
2450.50c0: supR3HardenedMonitor_LdrLoadDll: returns rcNt=0x0 hMod=00007fff081d0000 'C:\WINDOWS\System32\crypt32.dll'
2450.50c0: supR3HardenedWinVerifyCacheProcessWvtTodos: 0 (was 0) fWinVerifyTrust=1 for '\Device\HarddiskVolume3\Windows\System32\kernel.appcore.dll'
2450.5ce4: supR3HardenedMonitor_LdrLoadDll: returns rcNt=0x0 hMod=00007fff06220000 'C:\WINDOWS\system32\rsaenh.dll'
2450.5ce4: supR3HardenedMonitor_LdrLoadDll: returns rcNt=0x0 hMod=00007fff081d0000 'C:\WINDOWS\System32\crypt32.dll'
2450.5ce4: supR3HardenedWinVerifyCacheScheduleImports: Import todo: #0 'uicommon.dll'.
2450.5ce4: supR3HardenedWinVerifyCacheScheduleImports: Import todo: #1 'qt6corevbox.dll'.
2450.5ce4: supR3HardenedWinVerifyCacheScheduleImports: Import todo: #2 'qt6guivbox.dll'.
2450.5ce4: supR3HardenedWinVerifyCacheScheduleImports: Import todo: #3 'qt6widgetsvbox.dll'.
2450.5ce4: supR3HardenedWinVerifyCacheScheduleImports: Import todo: #5 'user32.dll'.
2450.5ce4: supR3HardenedWinVerifyCacheScheduleImports: Import todo: #6 'advapi32.dll'.
2450.5ce4: supR3HardenedWinVerifyCacheScheduleImports: Import todo: #7 'ole32.dll'.
2450.5ce4: supR3HardenedWinVerifyCacheScheduleImports: Import todo: #8 'oleaut32.dll'.
2450.5ce4: supR3HardenedWinVerifyCacheScheduleImports: Import todo: #9 'winmm.dll'.
2450.5ce4: supR3HardenedWinVerifyCacheScheduleImports: Import todo: #14 'vboxrt.dll'.
2450.5ce4: supR3HardenedWinVerifyCacheScheduleImports: Import todo: #15 'vcruntime140.dll'.
2450.5ce4: supR3HardenedWinVerifyCacheScheduleImports: Import todo: #16 'vcruntime140_1.dll'.
2450.5ce4: supR3HardenedWinVerifyCacheScheduleImports: Import todo: #17 'msvcp140.dll'.
2450.5ce4: supHardenedWinVerifyImageByHandle: -> 0 (\Device\HarddiskVolume3\Program Files\Oracle\VirtualBox\VirtualBoxVM.dll) WinVerifyTrust
2450.5ce4: supR3HardenedWinVerifyCacheInsert: \Device\HarddiskVolume3\Program Files\Oracle\VirtualBox\VirtualBoxVM.dll
2450.5ce4: supR3HardenedWinVerifyCacheProcessImportTodos: Processing 'msvcp140.dll'...
2450.5ce4: supR3HardenedWinVerifyCacheProcessImportTodos: 'msvcp140.dll' -> '\Device\HarddiskVolume3\Windows\System32\msvcp140.dll' [rcNtRedir=0xc0150008]
2450.5ce4: supR3HardenedScreenImage/Imports: cache hit (VINF_SUCCESS) on \Device\HarddiskVolume3\Windows\System32\msvcp140.dll
2450.5ce4: supR3HardenedWinVerifyCacheProcessImportTodos: Processing 'vcruntime140_1.dll'...
2450.5ce4: supR3HardenedWinVerifyCacheProcessImportTodos: 'vcruntime140_1.dll' -> '\Device\HarddiskVolume3\Windows\System32\vcruntime140_1.dll' [rcNtRedir=0xc0150008]
2450.5ce4: supR3HardenedScreenImage/Imports: cache hit (VINF_SUCCESS) on \Device\HarddiskVolume3\Windows\System32\vcruntime140_1.dll
2450.5ce4: supR3HardenedWinVerifyCacheProcessImportTodos: Processing 'vcruntime140.dll'...
2450.5ce4: supR3HardenedWinVerifyCacheProcessImportTodos: 'vcruntime140.dll' -> '\Device\HarddiskVolume3\Windows\System32\vcruntime140.dll' [rcNtRedir=0xc0150008]
2450.5ce4: supR3HardenedScreenImage/Imports: cache hit (VINF_SUCCESS) on \Device\HarddiskVolume3\Windows\System32\vcruntime140.dll
2450.5ce4: supR3HardenedWinVerifyCacheProcessImportTodos: Processing 'vboxrt.dll'...
2450.5ce4: supR3HardenedWinVerifyCacheProcessImportTodos: 'vboxrt.dll' -> '\Device\HarddiskVolume3\Program Files\Oracle\VirtualBox\vboxrt.dll' [rcNtRedir=0xc0150008]
2450.5ce4: supR3HardenedWinVerifyCacheProcessImportTodos: Processing 'winmm.dll'...
2450.5ce4: supR3HardenedWinVerifyCacheProcessImportTodos: 'winmm.dll' -> '\Device\HarddiskVolume3\Windows\System32\winmm.dll' [rcNtRedir=0xc0150008]
2450.5ce4: supR3HardenedMonitor_LdrLoadDll: returns rcNt=0x0 hMod=00007fff06220000 'C:\WINDOWS\system32\rsaenh.dll'
2450.5ce4: supR3HardenedMonitor_LdrLoadDll: returns rcNt=0x0 hMod=00007fff081d0000 'C:\WINDOWS\System32\crypt32.dll'
2450.5ce4: supHardenedWinVerifyImageByHandle: -> 0 (\Device\HarddiskVolume3\Windows\System32\winmm.dll) WinVerifyTrust
2450.5ce4: supR3HardenedWinVerifyCacheInsert: \Device\HarddiskVolume3\Windows\System32\winmm.dll
2450.5ce4: supR3HardenedWinVerifyCacheProcessImportTodos: Processing 'oleaut32.dll'...
2450.5ce4: supR3HardenedWinVerifyCacheProcessImportTodos: 'oleaut32.dll' -> '\Device\HarddiskVolume3\Windows\System32\oleaut32.dll' [rcNtRedir=0xc0150008]
2450.5ce4: supR3HardenedMonitor_LdrLoadDll: returns rcNt=0x0 hMod=00007fff06220000 'C:\WINDOWS\system32\rsaenh.dll'
2450.5ce4: supR3HardenedMonitor_LdrLoadDll: returns rcNt=0x0 hMod=00007fff081d0000 'C:\WINDOWS\System32\crypt32.dll'
2450.5ce4: supR3HardenedWinVerifyCacheScheduleImports: Import todo: #0 'msvcp_win.dll'.
2450.5ce4: supR3HardenedWinVerifyCacheScheduleImports: Import todo: #5 'combase.dll'.
2450.5ce4: supR3HardenedWinVerifyCacheScheduleImports: Import todo: #26 'rpcrt4.dll'.
2450.5ce4: supHardenedWinVerifyImageByHandle: -> 0 (\Device\HarddiskVolume3\Windows\System32\oleaut32.dll) WinVerifyTrust
2450.5ce4: supR3HardenedWinVerifyCacheInsert: \Device\HarddiskVolume3\Windows\System32\oleaut32.dll
2450.5ce4: supR3HardenedWinVerifyCacheProcessImportTodos: Processing 'ole32.dll'...
2450.5ce4: supR3HardenedWinVerifyCacheProcessImportTodos: 'ole32.dll' -> '\Device\HarddiskVolume3\Windows\System32\ole32.dll' [rcNtRedir=0xc0150008]
2450.5ce4: supR3HardenedWinVerifyCacheProcessImportTodos: Processing 'rpcrt4.dll'...
2450.5ce4: supR3HardenedWinVerifyCacheProcessImportTodos: 'rpcrt4.dll' -> '\Device\HarddiskVolume3\Windows\System32\rpcrt4.dll' [rcNtRedir=0xc0150008]
2450.5ce4: supR3HardenedScreenImage/Imports: cache hit (VINF_SUCCESS) on \Device\HarddiskVolume3\Windows\System32\rpcrt4.dll
2450.5ce4: supR3HardenedWinVerifyCacheProcessImportTodos: Processing 'combase.dll'...
2450.5ce4: supR3HardenedWinVerifyCacheProcessImportTodos: 'combase.dll' -> '\Device\HarddiskVolume3\Windows\System32\combase.dll' [rcNtRedir=0xc0150008]
2450.5ce4: Detected WinVerifyTrust recursion: rc=VINF_SUCCESS '\Device\HarddiskVolume3\Windows\System32\combase.dll'.
2450.5ce4: supR3HardenedWinVerifyCacheScheduleImports: Import todo: #3 'rpcrt4.dll'.
2450.5ce4: supHardenedWinVerifyImageByHandle: -> 0 (\Device\HarddiskVolume3\Windows\System32\combase.dll)
2450.5ce4: supR3HardenedWinVerifyCacheInsert: \Device\HarddiskVolume3\Windows\System32\combase.dll
2450.5ce4: supR3HardenedWinVerifyCacheProcessImportTodos: Processing 'msvcp_win.dll'...
2450.5ce4: supR3HardenedWinVerifyCacheProcessImportTodos: 'msvcp_win.dll' -> '\Device\HarddiskVolume3\Windows\System32\msvcp_win.dll' [rcNtRedir=0xc0150008]
2450.5ce4: supR3HardenedScreenImage/Imports: cache hit (VINF_SUCCESS) on \Device\HarddiskVolume3\Windows\System32\msvcp_win.dll
2450.5ce4: supR3HardenedWinVerifyCacheProcessImportTodos: Processing 'rpcrt4.dll'...
2450.5ce4: supR3HardenedWinVerifyCacheProcessImportTodos: 'rpcrt4.dll' -> '\Device\HarddiskVolume3\Windows\System32\rpcrt4.dll' [rcNtRedir=0xc0150008]
2450.5ce4: supR3HardenedScreenImage/Imports: cache hit (VINF_SUCCESS) on \Device\HarddiskVolume3\Windows\System32\rpcrt4.dll
2450.5ce4: supR3HardenedMonitor_LdrLoadDll: returns rcNt=0x0 hMod=00007fff06220000 'C:\WINDOWS\system32\rsaenh.dll'
2450.5ce4: supR3HardenedMonitor_LdrLoadDll: returns rcNt=0x0 hMod=00007fff081d0000 'C:\WINDOWS\System32\crypt32.dll'
2450.5ce4: supR3HardenedWinVerifyCacheScheduleImports: Import todo: #0 'msvcp_win.dll'.
2450.5ce4: supR3HardenedWinVerifyCacheScheduleImports: Import todo: #44 'gdi32.dll'.
2450.5ce4: supR3HardenedWinVerifyCacheScheduleImports: Import todo: #45 'user32.dll'.
2450.5ce4: supR3HardenedWinVerifyCacheScheduleImports: Import todo: #46 'combase.dll'.
2450.5ce4: supHardenedWinVerifyImageByHandle: -> 0 (\Device\HarddiskVolume3\Windows\System32\ole32.dll) WinVerifyTrust
2450.5ce4: supR3HardenedWinVerifyCacheInsert: \Device\HarddiskVolume3\Windows\System32\ole32.dll
2450.5ce4: supR3HardenedWinVerifyCacheProcessImportTodos: Processing 'advapi32.dll'...
2450.5ce4: supR3HardenedWinVerifyCacheProcessImportTodos: 'advapi32.dll' -> '\Device\HarddiskVolume3\Windows\System32\advapi32.dll' [rcNtRedir=0xc0150008]
2450.5ce4: supR3HardenedScreenImage/Imports: cache hit (VINF_SUCCESS) on \Device\HarddiskVolume3\Windows\System32\advapi32.dll
2450.5ce4: supR3HardenedWinVerifyCacheProcessImportTodos: Processing 'user32.dll'...
2450.5ce4: supR3HardenedWinVerifyCacheProcessImportTodos: 'user32.dll' -> '\Device\HarddiskVolume3\Windows\System32\user32.dll' [rcNtRedir=0xc0150008]
2450.5ce4: supR3HardenedWinVerifyCacheProcessImportTodos: Processing 'combase.dll'...
2450.5ce4: supR3HardenedWinVerifyCacheProcessImportTodos: 'combase.dll' -> '\Device\HarddiskVolume3\Windows\System32\combase.dll' [rcNtRedir=0xc0150008]
2450.5ce4: supR3HardenedScreenImage/Imports: cache hit (VINF_SUCCESS) on \Device\HarddiskVolume3\Windows\System32\combase.dll [lacks WinVerifyTrust]
2450.5ce4: supR3HardenedWinVerifyCacheProcessImportTodos: Processing 'user32.dll'...
2450.5ce4: supR3HardenedWinVerifyCacheProcessImportTodos: 'user32.dll' -> '\Device\HarddiskVolume3\Windows\System32\user32.dll' [rcNtRedir=0xc0150008]
2450.5ce4: Detected WinVerifyTrust recursion: rc=VINF_SUCCESS '\Device\HarddiskVolume3\Windows\System32\user32.dll'.
2450.5ce4: supR3HardenedWinVerifyCacheScheduleImports: Import todo: #0 'win32u.dll'.
2450.5ce4: supR3HardenedWinVerifyCacheScheduleImports: Import todo: #39 'gdi32.dll'.
2450.5ce4: supHardenedWinVerifyImageByHandle: -> 0 (\Device\HarddiskVolume3\Windows\System32\user32.dll)
2450.5ce4: supR3HardenedWinVerifyCacheInsert: \Device\HarddiskVolume3\Windows\System32\user32.dll
2450.5ce4: supR3HardenedWinVerifyCacheProcessImportTodos: Processing 'gdi32.dll'...
2450.5ce4: supR3HardenedWinVerifyCacheProcessImportTodos: 'gdi32.dll' -> '\Device\HarddiskVolume3\Windows\System32\gdi32.dll' [rcNtRedir=0xc0150008]
2450.5ce4: Detected WinVerifyTrust recursion: rc=VINF_SUCCESS '\Device\HarddiskVolume3\Windows\System32\gdi32.dll'.
2450.5ce4: supR3HardenedWinVerifyCacheScheduleImports: Import todo: #9 'win32u.dll'.
2450.5ce4: supHardenedWinVerifyImageByHandle: -> 0 (\Device\HarddiskVolume3\Windows\System32\gdi32.dll)
2450.5ce4: supR3HardenedWinVerifyCacheInsert: \Device\HarddiskVolume3\Windows\System32\gdi32.dll
2450.5ce4: supR3HardenedWinVerifyCacheProcessImportTodos: Processing 'msvcp_win.dll'...
2450.5ce4: supR3HardenedWinVerifyCacheProcessImportTodos: 'msvcp_win.dll' -> '\Device\HarddiskVolume3\Windows\System32\msvcp_win.dll' [rcNtRedir=0xc0150008]
2450.5ce4: supR3HardenedScreenImage/Imports: cache hit (VINF_SUCCESS) on \Device\HarddiskVolume3\Windows\System32\msvcp_win.dll
2450.5ce4: supR3HardenedWinVerifyCacheProcessImportTodos: Processing 'win32u.dll'...
2450.5ce4: supR3HardenedWinVerifyCacheProcessImportTodos: 'win32u.dll' -> '\Device\HarddiskVolume3\Windows\System32\win32u.dll' [rcNtRedir=0xc0150008]
2450.5ce4: Detected WinVerifyTrust recursion: rc=VINF_SUCCESS '\Device\HarddiskVolume3\Windows\System32\win32u.dll'.
2450.5ce4: supHardenedWinVerifyImageByHandle: -> 0 (\Device\HarddiskVolume3\Windows\System32\win32u.dll)
2450.5ce4: supR3HardenedWinVerifyCacheInsert: \Device\HarddiskVolume3\Windows\System32\win32u.dll
2450.5ce4: supR3HardenedWinVerifyCacheProcessImportTodos: Processing 'gdi32.dll'...
2450.5ce4: supR3HardenedWinVerifyCacheProcessImportTodos: 'gdi32.dll' -> '\Device\HarddiskVolume3\Windows\System32\gdi32.dll' [rcNtRedir=0xc0150008]
2450.5ce4: supR3HardenedScreenImage/Imports: cache hit (VINF_SUCCESS) on \Device\HarddiskVolume3\Windows\System32\gdi32.dll [lacks WinVerifyTrust]
2450.5ce4: supR3HardenedWinVerifyCacheProcessImportTodos: Processing 'win32u.dll'...
2450.5ce4: supR3HardenedWinVerifyCacheProcessImportTodos: 'win32u.dll' -> '\Device\HarddiskVolume3\Windows\System32\win32u.dll' [rcNtRedir=0xc0150008]
2450.5ce4: supR3HardenedScreenImage/Imports: cache hit (VINF_SUCCESS) on \Device\HarddiskVolume3\Windows\System32\win32u.dll [lacks WinVerifyTrust]
2450.5ce4: supR3HardenedMonitor_LdrLoadDll: returns rcNt=0x0 hMod=00007fff06220000 'C:\WINDOWS\system32\rsaenh.dll'
2450.5ce4: supR3HardenedMonitor_LdrLoadDll: returns rcNt=0x0 hMod=00007fff081d0000 'C:\WINDOWS\System32\crypt32.dll'
2450.5ce4: supR3HardenedWinVerifyCacheScheduleImports: Import todo: #0 'win32u.dll'.
2450.5ce4: supR3HardenedWinVerifyCacheScheduleImports: Import todo: #39 'gdi32.dll'.
2450.5ce4: supHardenedWinVerifyImageByHandle: -> 0 (\Device\HarddiskVolume3\Windows\System32\user32.dll) WinVerifyTrust
2450.5ce4: supR3HardenedWinVerifyCacheProcessImportTodos: Processing 'qt6widgetsvbox.dll'...
2450.5ce4: supR3HardenedWinVerifyCacheProcessImportTodos: 'qt6widgetsvbox.dll' -> '\Device\HarddiskVolume3\Program Files\Oracle\VirtualBox\qt6widgetsvbox.dll' [rcNtRedir=0xc0150008]
2450.5ce4: supR3HardenedWinVerifyCacheProcessImportTodos: Processing 'gdi32.dll'...
2450.5ce4: supR3HardenedWinVerifyCacheProcessImportTodos: 'gdi32.dll' -> '\Device\HarddiskVolume3\Windows\System32\gdi32.dll' [rcNtRedir=0xc0150008]
2450.5ce4: supR3HardenedScreenImage/Imports: cache hit (VINF_SUCCESS) on \Device\HarddiskVolume3\Windows\System32\gdi32.dll [lacks WinVerifyTrust]
2450.5ce4: supR3HardenedWinVerifyCacheProcessImportTodos: Processing 'win32u.dll'...
2450.5ce4: supR3HardenedWinVerifyCacheProcessImportTodos: 'win32u.dll' -> '\Device\HarddiskVolume3\Windows\System32\win32u.dll' [rcNtRedir=0xc0150008]
2450.5ce4: supR3HardenedScreenImage/Imports: cache hit (VINF_SUCCESS) on \Device\HarddiskVolume3\Windows\System32\win32u.dll [lacks WinVerifyTrust]
2450.5ce4: supR3HardenedMonitor_LdrLoadDll: returns rcNt=0x0 hMod=00007fff06220000 'C:\WINDOWS\system32\rsaenh.dll'
2450.5ce4: supR3HardenedMonitor_LdrLoadDll: returns rcNt=0x0 hMod=00007fff081d0000 'C:\WINDOWS\System32\crypt32.dll'
2450.5ce4: supR3HardenedWinVerifyCacheScheduleImports: Import todo: #0 'dwmapi.dll'.
2450.5ce4: supR3HardenedWinVerifyCacheScheduleImports: Import todo: #1 'uxtheme.dll'.
2450.5ce4: supR3HardenedWinVerifyCacheScheduleImports: Import todo: #2 'qt6guivbox.dll'.
2450.5ce4: supR3HardenedWinVerifyCacheScheduleImports: Import todo: #3 'qt6corevbox.dll'.
2450.5ce4: supR3HardenedWinVerifyCacheScheduleImports: Import todo: #5 'user32.dll'.
2450.5ce4: supR3HardenedWinVerifyCacheScheduleImports: Import todo: #6 'gdi32.dll'.
2450.5ce4: supR3HardenedWinVerifyCacheScheduleImports: Import todo: #7 'msvcp140.dll'.
2450.5ce4: supR3HardenedWinVerifyCacheScheduleImports: Import todo: #8 'msvcp140_1.dll'.
2450.5ce4: supR3HardenedWinVerifyCacheScheduleImports: Import todo: #9 'vcruntime140.dll'.
2450.5ce4: supR3HardenedWinVerifyCacheScheduleImports: Import todo: #10 'vcruntime140_1.dll'.
2450.5ce4: supHardenedWinVerifyImageByHandle: -> 0 (\Device\HarddiskVolume3\Program Files\Oracle\VirtualBox\Qt6WidgetsVBox.dll) WinVerifyTrust
2450.5ce4: supR3HardenedWinVerifyCacheInsert: \Device\HarddiskVolume3\Program Files\Oracle\VirtualBox\Qt6WidgetsVBox.dll
2450.5ce4: supR3HardenedWinVerifyCacheProcessImportTodos: Processing 'qt6guivbox.dll'...
2450.5ce4: supR3HardenedWinVerifyCacheProcessImportTodos: 'qt6guivbox.dll' -> '\Device\HarddiskVolume3\Program Files\Oracle\VirtualBox\qt6guivbox.dll' [rcNtRedir=0xc0150008]
2450.5ce4: supR3HardenedWinVerifyCacheProcessImportTodos: Processing 'vcruntime140_1.dll'...
2450.5ce4: supR3HardenedWinVerifyCacheProcessImportTodos: 'vcruntime140_1.dll' -> '\Device\HarddiskVolume3\Windows\System32\vcruntime140_1.dll' [rcNtRedir=0xc0150008]
2450.5ce4: supR3HardenedScreenImage/Imports: cache hit (VINF_SUCCESS) on \Device\HarddiskVolume3\Windows\System32\vcruntime140_1.dll
2450.5ce4: supR3HardenedWinVerifyCacheProcessImportTodos: Processing 'vcruntime140.dll'...
2450.5ce4: supR3HardenedWinVerifyCacheProcessImportTodos: 'vcruntime140.dll' -> '\Device\HarddiskVolume3\Windows\System32\vcruntime140.dll' [rcNtRedir=0xc0150008]
2450.5ce4: supR3HardenedScreenImage/Imports: cache hit (VINF_SUCCESS) on \Device\HarddiskVolume3\Windows\System32\vcruntime140.dll
2450.5ce4: supR3HardenedWinVerifyCacheProcessImportTodos: Processing 'msvcp140_1.dll'...
2450.5ce4: supR3HardenedWinVerifyCacheProcessImportTodos: 'msvcp140_1.dll' -> '\Device\HarddiskVolume3\Windows\System32\msvcp140_1.dll' [rcNtRedir=0xc0150008]
2450.5ce4: Detected WinVerifyTrust recursion: rc=VINF_SUCCESS '\Device\HarddiskVolume3\Windows\System32\msvcp140_1.dll'.
2450.5ce4: supR3HardenedWinVerifyCacheScheduleImports: Import todo: #0 'msvcp140.dll'.
2450.5ce4: supR3HardenedWinVerifyCacheScheduleImports: Import todo: #1 'vcruntime140.dll'.
2450.5ce4: supHardenedWinVerifyImageByHandle: -> 0 (\Device\HarddiskVolume3\Windows\System32\msvcp140_1.dll)
2450.5ce4: supR3HardenedWinVerifyCacheInsert: \Device\HarddiskVolume3\Windows\System32\msvcp140_1.dll
2450.5ce4: supR3HardenedWinVerifyCacheProcessImportTodos: Processing 'msvcp140.dll'...
2450.5ce4: supR3HardenedWinVerifyCacheProcessImportTodos: 'msvcp140.dll' -> '\Device\HarddiskVolume3\Windows\System32\msvcp140.dll' [rcNtRedir=0xc0150008]
2450.5ce4: supR3HardenedScreenImage/Imports: cache hit (VINF_SUCCESS) on \Device\HarddiskVolume3\Windows\System32\msvcp140.dll
2450.5ce4: supR3HardenedWinVerifyCacheProcessImportTodos: Processing 'gdi32.dll'...
2450.5ce4: supR3HardenedWinVerifyCacheProcessImportTodos: 'gdi32.dll' -> '\Device\HarddiskVolume3\Windows\System32\gdi32.dll' [rcNtRedir=0xc0150008]
2450.5ce4: supR3HardenedScreenImage/Imports: cache hit (VINF_SUCCESS) on \Device\HarddiskVolume3\Windows\System32\gdi32.dll [lacks WinVerifyTrust]
2450.5ce4: supR3HardenedWinVerifyCacheProcessImportTodos: Processing 'user32.dll'...
2450.5ce4: supR3HardenedWinVerifyCacheProcessImportTodos: 'user32.dll' -> '\Device\HarddiskVolume3\Windows\System32\user32.dll' [rcNtRedir=0xc0150008]
2450.5ce4: supR3HardenedScreenImage/Imports: cache hit (VINF_SUCCESS) on \Device\HarddiskVolume3\Windows\System32\user32.dll [lacks WinVerifyTrust]
2450.5ce4: supR3HardenedWinVerifyCacheProcessImportTodos: Processing 'qt6corevbox.dll'...
2450.5ce4: supR3HardenedWinVerifyCacheProcessImportTodos: 'qt6corevbox.dll' -> '\Device\HarddiskVolume3\Program Files\Oracle\VirtualBox\qt6corevbox.dll' [rcNtRedir=0xc0150008]
2450.5ce4: Detected WinVerifyTrust recursion: rc=VINF_SUCCESS '\Device\HarddiskVolume3\Program Files\Oracle\VirtualBox\Qt6CoreVBox.dll'.
2450.5ce4: supR3HardenedWinVerifyCacheScheduleImports: Import todo: #1 'mpr.dll'.
2450.5ce4: supR3HardenedWinVerifyCacheScheduleImports: Import todo: #2 'userenv.dll'.
2450.5ce4: supR3HardenedWinVerifyCacheScheduleImports: Import todo: #3 'advapi32.dll'.
2450.5ce4: supR3HardenedWinVerifyCacheScheduleImports: Import todo: #4 'authz.dll'.
2450.5ce4: supR3HardenedWinVerifyCacheScheduleImports: Import todo: #6 'netapi32.dll'.
2450.5ce4: supR3HardenedWinVerifyCacheScheduleImports: Import todo: #7 'ole32.dll'.
2450.5ce4: supR3HardenedWinVerifyCacheScheduleImports: Import todo: #8 'shell32.dll'.
2450.5ce4: supR3HardenedWinVerifyCacheScheduleImports: Import todo: #9 'user32.dll'.
2450.5ce4: supR3HardenedWinVerifyCacheScheduleImports: Import todo: #10 'version.dll'.
2450.5ce4: supR3HardenedWinVerifyCacheScheduleImports: Import todo: #11 'winmm.dll'.
2450.5ce4: supR3HardenedWinVerifyCacheScheduleImports: Import todo: #12 'ws2_32.dll'.
2450.5ce4: supR3HardenedWinVerifyCacheScheduleImports: Import todo: #13 'msvcp140.dll'.
2450.5ce4: supR3HardenedWinVerifyCacheScheduleImports: Import todo: #14 'msvcp140_1.dll'.
2450.5ce4: supR3HardenedWinVerifyCacheScheduleImports: Import todo: #15 'vcruntime140_1.dll'.
2450.5ce4: supR3HardenedWinVerifyCacheScheduleImports: Import todo: #16 'vcruntime140.dll'.
2450.5ce4: supHardenedWinVerifyImageByHandle: -> 0 (\Device\HarddiskVolume3\Program Files\Oracle\VirtualBox\Qt6CoreVBox.dll)
2450.5ce4: supR3HardenedWinVerifyCacheInsert: \Device\HarddiskVolume3\Program Files\Oracle\VirtualBox\Qt6CoreVBox.dll
2450.5ce4: supR3HardenedWinVerifyCacheProcessImportTodos: Processing 'qt6guivbox.dll'...
2450.5ce4: supR3HardenedWinVerifyCacheProcessImportTodos: 'qt6guivbox.dll' -> '\Device\HarddiskVolume3\Program Files\Oracle\VirtualBox\qt6guivbox.dll' [rcNtRedir=0xc0150008]
2450.5ce4: Detected WinVerifyTrust recursion: rc=VINF_SUCCESS '\Device\HarddiskVolume3\Program Files\Oracle\VirtualBox\Qt6GuiVBox.dll'.
2450.5ce4: supR3HardenedWinVerifyCacheScheduleImports: Import todo: #0 'd3d11.dll'.
2450.5ce4: supR3HardenedWinVerifyCacheScheduleImports: Import todo: #1 'dxgi.dll'.
2450.5ce4: supR3HardenedWinVerifyCacheScheduleImports: Import todo: #2 'd3d12.dll'.
2450.5ce4: supR3HardenedWinVerifyCacheScheduleImports: Import todo: #3 'gdi32.dll'.
2450.5ce4: supR3HardenedWinVerifyCacheScheduleImports: Import todo: #4 'ole32.dll'.
2450.5ce4: supR3HardenedWinVerifyCacheScheduleImports: Import todo: #5 'shell32.dll'.
2450.5ce4: supR3HardenedWinVerifyCacheScheduleImports: Import todo: #6 'user32.dll'.
2450.5ce4: supR3HardenedWinVerifyCacheScheduleImports: Import todo: #7 'uxtheme.dll'.
2450.5ce4: supR3HardenedWinVerifyCacheScheduleImports: Import todo: #8 'dwrite.dll'.
2450.5ce4: supR3HardenedWinVerifyCacheScheduleImports: Import todo: #9 'qt6corevbox.dll'.
2450.5ce4: supR3HardenedWinVerifyCacheScheduleImports: Import todo: #11 'msvcp140.dll'.
2450.5ce4: supR3HardenedWinVerifyCacheScheduleImports: Import todo: #12 'msvcp140_1.dll'.
2450.5ce4: supR3HardenedWinVerifyCacheScheduleImports: Import todo: #13 'msvcp140_2.dll'.
2450.5ce4: supR3HardenedWinVerifyCacheScheduleImports: Import todo: #14 'vcruntime140.dll'.
2450.5ce4: supR3HardenedWinVerifyCacheScheduleImports: Import todo: #15 'vcruntime140_1.dll'.
2450.5ce4: supHardenedWinVerifyImageByHandle: -> 0 (\Device\HarddiskVolume3\Program Files\Oracle\VirtualBox\Qt6GuiVBox.dll)
2450.5ce4: supR3HardenedWinVerifyCacheInsert: \Device\HarddiskVolume3\Program Files\Oracle\VirtualBox\Qt6GuiVBox.dll
2450.5ce4: supR3HardenedWinVerifyCacheProcessImportTodos: Processing 'uxtheme.dll'...
2450.5ce4: supR3HardenedWinVerifyCacheProcessImportTodos: 'uxtheme.dll' -> '\Device\HarddiskVolume3\Windows\System32\uxtheme.dll' [rcNtRedir=0xc0150008]
2450.5ce4: Detected WinVerifyTrust recursion: rc=22900 '\Device\HarddiskVolume3\Windows\System32\uxtheme.dll'.
2450.5ce4: supR3HardenedWinVerifyCacheScheduleImports: Import todo: #39 'gdi32.dll'.
2450.5ce4: supR3HardenedWinVerifyCacheScheduleImports: Import todo: #40 'user32.dll'.
2450.5ce4: supHardenedWinVerifyImageByHandle: -> 22900 (\Device\HarddiskVolume3\Windows\System32\uxtheme.dll)
2450.5ce4: supR3HardenedWinVerifyCacheInsert: \Device\HarddiskVolume3\Windows\System32\uxtheme.dll
2450.5ce4: supR3HardenedWinVerifyCacheProcessImportTodos: Processing 'dwmapi.dll'...
2450.5ce4: supR3HardenedWinVerifyCacheProcessImportTodos: 'dwmapi.dll' -> '\Device\HarddiskVolume3\Windows\System32\dwmapi.dll' [rcNtRedir=0xc0150008]
2450.5ce4: Detected WinVerifyTrust recursion: rc=VINF_SUCCESS '\Device\HarddiskVolume3\Windows\System32\dwmapi.dll'.
2450.5ce4: supR3HardenedWinVerifyCacheScheduleImports: Import todo: #24 'win32u.dll'.
2450.5ce4: supR3HardenedWinVerifyCacheScheduleImports: Import todo: #25 'user32.dll'.
2450.5ce4: supR3HardenedWinVerifyCacheScheduleImports: Import todo: #26 'gdi32.dll'.
2450.5ce4: supHardenedWinVerifyImageByHandle: -> 0 (\Device\HarddiskVolume3\Windows\System32\dwmapi.dll)
2450.5ce4: supR3HardenedWinVerifyCacheInsert: \Device\HarddiskVolume3\Windows\System32\dwmapi.dll
2450.5ce4: supR3HardenedWinVerifyCacheProcessImportTodos: Processing 'gdi32.dll'...
2450.5ce4: supR3HardenedWinVerifyCacheProcessImportTodos: 'gdi32.dll' -> '\Device\HarddiskVolume3\Windows\System32\gdi32.dll' [rcNtRedir=0xc0150008]
2450.5ce4: supR3HardenedScreenImage/Imports: cache hit (VINF_SUCCESS) on \Device\HarddiskVolume3\Windows\System32\gdi32.dll [lacks WinVerifyTrust]
2450.5ce4: supR3HardenedWinVerifyCacheProcessImportTodos: Processing 'user32.dll'...
2450.5ce4: supR3HardenedWinVerifyCacheProcessImportTodos: 'user32.dll' -> '\Device\HarddiskVolume3\Windows\System32\user32.dll' [rcNtRedir=0xc0150008]
2450.5ce4: supR3HardenedScreenImage/Imports: cache hit (VINF_SUCCESS) on \Device\HarddiskVolume3\Windows\System32\user32.dll [lacks WinVerifyTrust]
2450.5ce4: supR3HardenedWinVerifyCacheProcessImportTodos: Processing 'win32u.dll'...
2450.5ce4: supR3HardenedWinVerifyCacheProcessImportTodos: 'win32u.dll' -> '\Device\HarddiskVolume3\Windows\System32\win32u.dll' [rcNtRedir=0xc0150008]
2450.5ce4: supR3HardenedScreenImage/Imports: cache hit (VINF_SUCCESS) on \Device\HarddiskVolume3\Windows\System32\win32u.dll [lacks WinVerifyTrust]
2450.5ce4: supR3HardenedWinVerifyCacheProcessImportTodos: Processing 'user32.dll'...
2450.5ce4: supR3HardenedWinVerifyCacheProcessImportTodos: 'user32.dll' -> '\Device\HarddiskVolume3\Windows\System32\user32.dll' [rcNtRedir=0xc0150008]
2450.5ce4: supR3HardenedScreenImage/Imports: cache hit (VINF_SUCCESS) on \Device\HarddiskVolume3\Windows\System32\user32.dll [lacks WinVerifyTrust]
2450.5ce4: supR3HardenedWinVerifyCacheProcessImportTodos: Processing 'gdi32.dll'...
2450.5ce4: supR3HardenedWinVerifyCacheProcessImportTodos: 'gdi32.dll' -> '\Device\HarddiskVolume3\Windows\System32\gdi32.dll' [rcNtRedir=0xc0150008]
2450.5ce4: supR3HardenedScreenImage/Imports: cache hit (VINF_SUCCESS) on \Device\HarddiskVolume3\Windows\System32\gdi32.dll [lacks WinVerifyTrust]
2450.5ce4: supR3HardenedWinVerifyCacheProcessImportTodos: Processing 'vcruntime140_1.dll'...
2450.5ce4: supR3HardenedWinVerifyCacheProcessImportTodos: 'vcruntime140_1.dll' -> '\Device\HarddiskVolume3\Windows\System32\vcruntime140_1.dll' [rcNtRedir=0xc0150008]
2450.5ce4: supR3HardenedScreenImage/Imports: cache hit (VINF_SUCCESS) on \Device\HarddiskVolume3\Windows\System32\vcruntime140_1.dll
2450.5ce4: supR3HardenedWinVerifyCacheProcessImportTodos: Processing 'vcruntime140.dll'...
2450.5ce4: supR3HardenedWinVerifyCacheProcessImportTodos: 'vcruntime140.dll' -> '\Device\HarddiskVolume3\Windows\System32\vcruntime140.dll' [rcNtRedir=0xc0150008]
2450.5ce4: supR3HardenedScreenImage/Imports: cache hit (VINF_SUCCESS) on \Device\HarddiskVolume3\Windows\System32\vcruntime140.dll
2450.5ce4: supR3HardenedWinVerifyCacheProcessImportTodos: Processing 'msvcp140_2.dll'...
2450.5ce4: supR3HardenedWinVerifyCacheProcessImportTodos: 'msvcp140_2.dll' -> '\Device\HarddiskVolume3\Windows\System32\msvcp140_2.dll' [rcNtRedir=0xc0150008]
2450.5ce4: Detected WinVerifyTrust recursion: rc=VINF_SUCCESS '\Device\HarddiskVolume3\Windows\System32\msvcp140_2.dll'.
2450.5ce4: supR3HardenedWinVerifyCacheScheduleImports: Import todo: #0 'msvcp140.dll'.
2450.5ce4: supR3HardenedWinVerifyCacheScheduleImports: Import todo: #1 'vcruntime140.dll'.
2450.5ce4: supR3HardenedWinVerifyCacheScheduleImports: Import todo: #2 'vcruntime140_1.dll'.
2450.5ce4: supHardenedWinVerifyImageByHandle: -> 0 (\Device\HarddiskVolume3\Windows\System32\msvcp140_2.dll)
2450.5ce4: supR3HardenedWinVerifyCacheInsert: \Device\HarddiskVolume3\Windows\System32\msvcp140_2.dll
2450.5ce4: supR3HardenedWinVerifyCacheProcessImportTodos: Processing 'msvcp140_1.dll'...
2450.5ce4: supR3HardenedWinVerifyCacheProcessImportTodos: 'msvcp140_1.dll' -> '\Device\HarddiskVolume3\Windows\System32\msvcp140_1.dll' [rcNtRedir=0xc0150008]
2450.5ce4: supR3HardenedScreenImage/Imports: cache hit (VINF_SUCCESS) on \Device\HarddiskVolume3\Windows\System32\msvcp140_1.dll [lacks WinVerifyTrust]
2450.5ce4: supR3HardenedWinVerifyCacheProcessImportTodos: Processing 'msvcp140.dll'...
2450.5ce4: supR3HardenedWinVerifyCacheProcessImportTodos: 'msvcp140.dll' -> '\Device\HarddiskVolume3\Windows\System32\msvcp140.dll' [rcNtRedir=0xc0150008]
2450.5ce4: supR3HardenedScreenImage/Imports: cache hit (VINF_SUCCESS) on \Device\HarddiskVolume3\Windows\System32\msvcp140.dll
2450.5ce4: supR3HardenedWinVerifyCacheProcessImportTodos: Processing 'qt6corevbox.dll'...
2450.5ce4: supR3HardenedWinVerifyCacheProcessImportTodos: 'qt6corevbox.dll' -> '\Device\HarddiskVolume3\Program Files\Oracle\VirtualBox\qt6corevbox.dll' [rcNtRedir=0xc0150008]
2450.5ce4: supR3HardenedScreenImage/Imports: cache hit (VINF_SUCCESS) on \Device\HarddiskVolume3\Program Files\Oracle\VirtualBox\Qt6CoreVBox.dll [lacks WinVerifyTrust]
2450.5ce4: supR3HardenedWinVerifyCacheProcessImportTodos: Processing 'dwrite.dll'...
2450.5ce4: supR3HardenedWinVerifyCacheProcessImportTodos: 'dwrite.dll' -> '\Device\HarddiskVolume3\Windows\System32\dwrite.dll' [rcNtRedir=0xc0150008]
2450.5ce4: Detected WinVerifyTrust recursion: rc=22900 '\Device\HarddiskVolume3\Windows\System32\DWrite.dll'.
2450.5ce4: supR3HardenedWinVerifyCacheScheduleImports: Import todo: #22 'rpcrt4.dll'.
2450.5ce4: supR3HardenedWinVerifyCacheScheduleImports: Import todo: #28 'msvcp_win.dll'.
2450.5ce4: supHardenedWinVerifyImageByHandle: -> 22900 (\Device\HarddiskVolume3\Windows\System32\DWrite.dll)
2450.5ce4: supR3HardenedWinVerifyCacheInsert: \Device\HarddiskVolume3\Windows\System32\DWrite.dll
2450.5ce4: supR3HardenedWinVerifyCacheProcessImportTodos: Processing 'uxtheme.dll'...
2450.5ce4: supR3HardenedWinVerifyCacheProcessImportTodos: 'uxtheme.dll' -> '\Device\HarddiskVolume3\Windows\System32\uxtheme.dll' [rcNtRedir=0xc0150008]
2450.5ce4: supR3HardenedScreenImage/Imports: cache hit (22900) on \Device\HarddiskVolume3\Windows\System32\uxtheme.dll [lacks WinVerifyTrust]
2450.5ce4: supR3HardenedWinVerifyCacheProcessImportTodos: Processing 'user32.dll'...
2450.5ce4: supR3HardenedWinVerifyCacheProcessImportTodos: 'user32.dll' -> '\Device\HarddiskVolume3\Windows\System32\user32.dll' [rcNtRedir=0xc0150008]
2450.5ce4: supR3HardenedScreenImage/Imports: cache hit (VINF_SUCCESS) on \Device\HarddiskVolume3\Windows\System32\user32.dll [lacks WinVerifyTrust]
2450.5ce4: supR3HardenedWinVerifyCacheProcessImportTodos: Processing 'shell32.dll'...
2450.5ce4: supR3HardenedWinVerifyCacheProcessImportTodos: 'shell32.dll' -> '\Device\HarddiskVolume3\Windows\System32\shell32.dll' [rcNtRedir=0xc0150008]
2450.5ce4: Detected WinVerifyTrust recursion: rc=VINF_SUCCESS '\Device\HarddiskVolume3\Windows\System32\shell32.dll'.
2450.5ce4: supR3HardenedWinVerifyCacheScheduleImports: Import todo: #0 'msvcp_win.dll'.
2450.5ce4: supR3HardenedWinVerifyCacheScheduleImports: Import todo: #70 'user32.dll'.
2450.5ce4: supR3HardenedWinVerifyCacheScheduleImports: Import todo: #72 'gdi32.dll'.
2450.5ce4: supHardenedWinVerifyImageByHandle: -> 0 (\Device\HarddiskVolume3\Windows\System32\shell32.dll)
2450.5ce4: supR3HardenedWinVerifyCacheInsert: \Device\HarddiskVolume3\Windows\System32\shell32.dll
2450.5ce4: supR3HardenedWinVerifyCacheProcessImportTodos: Processing 'ole32.dll'...
2450.5ce4: supR3HardenedWinVerifyCacheProcessImportTodos: 'ole32.dll' -> '\Device\HarddiskVolume3\Windows\System32\ole32.dll' [rcNtRedir=0xc0150008]
2450.5ce4: supR3HardenedScreenImage/Imports: cache hit (VINF_SUCCESS) on \Device\HarddiskVolume3\Windows\System32\ole32.dll
2450.5ce4: supR3HardenedWinVerifyCacheProcessImportTodos: Processing 'gdi32.dll'...
2450.5ce4: supR3HardenedWinVerifyCacheProcessImportTodos: 'gdi32.dll' -> '\Device\HarddiskVolume3\Windows\System32\gdi32.dll' [rcNtRedir=0xc0150008]
2450.5ce4: supR3HardenedScreenImage/Imports: cache hit (VINF_SUCCESS) on \Device\HarddiskVolume3\Windows\System32\gdi32.dll [lacks WinVerifyTrust]
2450.5ce4: supR3HardenedWinVerifyCacheProcessImportTodos: Processing 'd3d12.dll'...
2450.5ce4: supR3HardenedWinVerifyCacheProcessImportTodos: 'd3d12.dll' -> '\Device\HarddiskVolume3\Windows\System32\d3d12.dll' [rcNtRedir=0xc0150008]
2450.5ce4: Detected WinVerifyTrust recursion: rc=VINF_SUCCESS '\Device\HarddiskVolume3\Windows\System32\D3D12.dll'.
2450.5ce4: supR3HardenedWinVerifyCacheScheduleImports: Import todo: #0 'msvcp_win.dll'.
2450.5ce4: supHardenedWinVerifyImageByHandle: -> 0 (\Device\HarddiskVolume3\Windows\System32\D3D12.dll)
2450.5ce4: supR3HardenedWinVerifyCacheInsert: \Device\HarddiskVolume3\Windows\System32\D3D12.dll
2450.5ce4: supR3HardenedWinVerifyCacheProcessImportTodos: Processing 'dxgi.dll'...
2450.5ce4: supR3HardenedWinVerifyCacheProcessImportTodos: 'dxgi.dll' -> '\Device\HarddiskVolume3\Windows\System32\dxgi.dll' [rcNtRedir=0xc0150008]
2450.5ce4: Detected WinVerifyTrust recursion: rc=VINF_SUCCESS '\Device\HarddiskVolume3\Windows\System32\dxgi.dll'.
2450.5ce4: supR3HardenedWinVerifyCacheScheduleImports: Import todo: #0 'msvcp_win.dll'.
2450.5ce4: supR3HardenedWinVerifyCacheScheduleImports: Import todo: #6 'win32u.dll'.
2450.5ce4: supHardenedWinVerifyImageByHandle: -> 0 (\Device\HarddiskVolume3\Windows\System32\dxgi.dll)
2450.5ce4: supR3HardenedWinVerifyCacheInsert: \Device\HarddiskVolume3\Windows\System32\dxgi.dll
2450.5ce4: supR3HardenedWinVerifyCacheProcessImportTodos: Processing 'd3d11.dll'...
2450.5ce4: supR3HardenedWinVerifyCacheProcessImportTodos: 'd3d11.dll' -> '\Device\HarddiskVolume3\Windows\System32\d3d11.dll' [rcNtRedir=0xc0150008]
2450.5ce4: Detected WinVerifyTrust recursion: rc=VINF_SUCCESS '\Device\HarddiskVolume3\Windows\System32\d3d11.dll'.
2450.5ce4: supR3HardenedWinVerifyCacheScheduleImports: Import todo: #0 'msvcp_win.dll'.
2450.5ce4: supR3HardenedWinVerifyCacheScheduleImports: Import todo: #29 'dxgi.dll'.
2450.5ce4: supR3HardenedWinVerifyCacheScheduleImports: Import todo: #31 'win32u.dll'.
2450.5ce4: supHardenedWinVerifyImageByHandle: -> 0 (\Device\HarddiskVolume3\Windows\System32\d3d11.dll)
2450.5ce4: supR3HardenedWinVerifyCacheInsert: \Device\HarddiskVolume3\Windows\System32\d3d11.dll
2450.5ce4: supR3HardenedWinVerifyCacheProcessImportTodos: Processing 'vcruntime140.dll'...
2450.5ce4: supR3HardenedWinVerifyCacheProcessImportTodos: 'vcruntime140.dll' -> '\Device\HarddiskVolume3\Windows\System32\vcruntime140.dll' [rcNtRedir=0xc0150008]
2450.5ce4: supR3HardenedWinVerifyCacheProcessImportTodos: Processing 'vcruntime140_1.dll'...
2450.5ce4: supR3HardenedWinVerifyCacheProcessImportTodos: 'vcruntime140_1.dll' -> '\Device\HarddiskVolume3\Windows\System32\vcruntime140_1.dll' [rcNtRedir=0xc0150008]
2450.5ce4: supR3HardenedScreenImage/Imports: cache hit (VINF_SUCCESS) on \Device\HarddiskVolume3\Windows\System32\vcruntime140_1.dll
2450.5ce4: supR3HardenedWinVerifyCacheProcessImportTodos: Processing 'msvcp140_1.dll'...
2450.5ce4: supR3HardenedWinVerifyCacheProcessImportTodos: 'msvcp140_1.dll' -> '\Device\HarddiskVolume3\Windows\System32\msvcp140_1.dll' [rcNtRedir=0xc0150008]
2450.5ce4: supR3HardenedScreenImage/Imports: cache hit (VINF_SUCCESS) on \Device\HarddiskVolume3\Windows\System32\msvcp140_1.dll [lacks WinVerifyTrust]
2450.5ce4: supR3HardenedWinVerifyCacheProcessImportTodos: Processing 'msvcp140.dll'...
2450.5ce4: supR3HardenedWinVerifyCacheProcessImportTodos: 'msvcp140.dll' -> '\Device\HarddiskVolume3\Windows\System32\msvcp140.dll' [rcNtRedir=0xc0150008]
2450.5ce4: supR3HardenedScreenImage/Imports: cache hit (VINF_SUCCESS) on \Device\HarddiskVolume3\Windows\System32\msvcp140.dll
2450.5ce4: supR3HardenedWinVerifyCacheProcessImportTodos: Processing 'ws2_32.dll'...
2450.5ce4: supR3HardenedWinVerifyCacheProcessImportTodos: 'ws2_32.dll' -> '\Device\HarddiskVolume3\Windows\System32\ws2_32.dll' [rcNtRedir=0xc0150008]
2450.5ce4: supR3HardenedScreenImage/Imports: cache hit (VINF_SUCCESS) on \Device\HarddiskVolume3\Windows\System32\ws2_32.dll
2450.5ce4: supR3HardenedWinVerifyCacheProcessImportTodos: Processing 'winmm.dll'...
2450.5ce4: supR3HardenedWinVerifyCacheProcessImportTodos: 'winmm.dll' -> '\Device\HarddiskVolume3\Windows\System32\winmm.dll' [rcNtRedir=0xc0150008]
2450.5ce4: supR3HardenedScreenImage/Imports: cache hit (VINF_SUCCESS) on \Device\HarddiskVolume3\Windows\System32\winmm.dll
2450.5ce4: supR3HardenedWinVerifyCacheProcessImportTodos: Processing 'version.dll'...
2450.5ce4: supR3HardenedWinVerifyCacheProcessImportTodos: 'version.dll' -> '\Device\HarddiskVolume3\Windows\System32\version.dll' [rcNtRedir=0xc0150008]
2450.5ce4: Detected WinVerifyTrust recursion: rc=VINF_SUCCESS '\Device\HarddiskVolume3\Windows\System32\version.dll'.
2450.5ce4: supR3HardenedWinVerifyCacheScheduleImports: Import todo: #0 'msvcrt.dll'.
2450.5ce4: supHardenedWinVerifyImageByHandle: -> 0 (\Device\HarddiskVolume3\Windows\System32\version.dll)
2450.5ce4: supR3HardenedWinVerifyCacheInsert: \Device\HarddiskVolume3\Windows\System32\version.dll
2450.5ce4: supR3HardenedWinVerifyCacheProcessImportTodos: Processing 'user32.dll'...
2450.5ce4: supR3HardenedWinVerifyCacheProcessImportTodos: 'user32.dll' -> '\Device\HarddiskVolume3\Windows\System32\user32.dll' [rcNtRedir=0xc0150008]
2450.5ce4: supR3HardenedScreenImage/Imports: cache hit (VINF_SUCCESS) on \Device\HarddiskVolume3\Windows\System32\user32.dll [lacks WinVerifyTrust]
2450.5ce4: supR3HardenedWinVerifyCacheProcessImportTodos: Processing 'shell32.dll'...
2450.5ce4: supR3HardenedWinVerifyCacheProcessImportTodos: 'shell32.dll' -> '\Device\HarddiskVolume3\Windows\System32\shell32.dll' [rcNtRedir=0xc0150008]
2450.5ce4: supR3HardenedScreenImage/Imports: cache hit (VINF_SUCCESS) on \Device\HarddiskVolume3\Windows\System32\shell32.dll [lacks WinVerifyTrust]
2450.5ce4: supR3HardenedWinVerifyCacheProcessImportTodos: Processing 'ole32.dll'...
2450.5ce4: supR3HardenedWinVerifyCacheProcessImportTodos: 'ole32.dll' -> '\Device\HarddiskVolume3\Windows\System32\ole32.dll' [rcNtRedir=0xc0150008]
2450.5ce4: supR3HardenedScreenImage/Imports: cache hit (VINF_SUCCESS) on \Device\HarddiskVolume3\Windows\System32\ole32.dll
2450.5ce4: supR3HardenedWinVerifyCacheProcessImportTodos: Processing 'netapi32.dll'...
2450.5ce4: supR3HardenedWinVerifyCacheProcessImportTodos: 'netapi32.dll' -> '\Device\HarddiskVolume3\Windows\System32\netapi32.dll' [rcNtRedir=0xc0150008]
2450.5ce4: Detected WinVerifyTrust recursion: rc=VINF_SUCCESS '\Device\HarddiskVolume3\Windows\System32\netapi32.dll'.
2450.5ce4: supR3HardenedWinVerifyCacheScheduleImports: Import todo: #0 'msvcrt.dll'.
2450.5ce4: supHardenedWinVerifyImageByHandle: -> 0 (\Device\HarddiskVolume3\Windows\System32\netapi32.dll)
2450.5ce4: supR3HardenedWinVerifyCacheInsert: \Device\HarddiskVolume3\Windows\System32\netapi32.dll
2450.5ce4: supR3HardenedWinVerifyCacheProcessImportTodos: Processing 'authz.dll'...
2450.5ce4: supR3HardenedWinVerifyCacheProcessImportTodos: 'authz.dll' -> '\Device\HarddiskVolume3\Windows\System32\authz.dll' [rcNtRedir=0xc0150008]
2450.5ce4: Detected WinVerifyTrust recursion: rc=22900 '\Device\HarddiskVolume3\Windows\System32\authz.dll'.
2450.5ce4: supHardenedWinVerifyImageByHandle: -> 22900 (\Device\HarddiskVolume3\Windows\System32\authz.dll)
2450.5ce4: supR3HardenedWinVerifyCacheInsert: \Device\HarddiskVolume3\Windows\System32\authz.dll
2450.5ce4: supR3HardenedWinVerifyCacheProcessImportTodos: Processing 'advapi32.dll'...
2450.5ce4: supR3HardenedWinVerifyCacheProcessImportTodos: 'advapi32.dll' -> '\Device\HarddiskVolume3\Windows\System32\advapi32.dll' [rcNtRedir=0xc0150008]
2450.5ce4: supR3HardenedScreenImage/Imports: cache hit (VINF_SUCCESS) on \Device\HarddiskVolume3\Windows\System32\advapi32.dll
2450.5ce4: supR3HardenedWinVerifyCacheProcessImportTodos: Processing 'userenv.dll'...
2450.5ce4: supR3HardenedWinVerifyCacheProcessImportTodos: 'userenv.dll' -> '\Device\HarddiskVolume3\Windows\System32\userenv.dll' [rcNtRedir=0xc0150008]
2450.5ce4: Detected WinVerifyTrust recursion: rc=VINF_SUCCESS '\Device\HarddiskVolume3\Windows\System32\userenv.dll'.
2450.5ce4: supR3HardenedWinVerifyCacheScheduleImports: Import todo: #15 'rpcrt4.dll'.
2450.5ce4: supHardenedWinVerifyImageByHandle: -> 0 (\Device\HarddiskVolume3\Windows\System32\userenv.dll)
2450.5ce4: supR3HardenedWinVerifyCacheInsert: \Device\HarddiskVolume3\Windows\System32\userenv.dll
2450.5ce4: supR3HardenedWinVerifyCacheProcessImportTodos: Processing 'mpr.dll'...
2450.5ce4: supR3HardenedWinVerifyCacheProcessImportTodos: 'mpr.dll' -> '\Device\HarddiskVolume3\Windows\System32\mpr.dll' [rcNtRedir=0xc0150008]
2450.5ce4: supR3HardenedScreenImage/Imports: cache hit (VINF_SUCCESS) on \Device\HarddiskVolume3\Windows\System32\mpr.dll
2450.5ce4: supR3HardenedWinVerifyCacheProcessImportTodos: Processing 'vcruntime140.dll'...
2450.5ce4: supR3HardenedWinVerifyCacheProcessImportTodos: 'vcruntime140.dll' -> '\Device\HarddiskVolume3\Windows\System32\vcruntime140.dll' [rcNtRedir=0xc0150008]
2450.5ce4: supR3HardenedWinVerifyCacheProcessImportTodos: Processing 'msvcp140.dll'...
2450.5ce4: supR3HardenedWinVerifyCacheProcessImportTodos: 'msvcp140.dll' -> '\Device\HarddiskVolume3\Windows\System32\msvcp140.dll' [rcNtRedir=0xc0150008]
2450.5ce4: supR3HardenedScreenImage/Imports: cache hit (VINF_SUCCESS) on \Device\HarddiskVolume3\Windows\System32\msvcp140.dll
2450.5ce4: supR3HardenedWinVerifyCacheProcessImportTodos: Processing 'rpcrt4.dll'...
2450.5ce4: supR3HardenedWinVerifyCacheProcessImportTodos: 'rpcrt4.dll' -> '\Device\HarddiskVolume3\Windows\System32\rpcrt4.dll' [rcNtRedir=0xc0150008]
2450.5ce4: supR3HardenedWinVerifyCacheProcessImportTodos: Processing 'msvcrt.dll'...
2450.5ce4: supR3HardenedWinVerifyCacheProcessImportTodos: 'msvcrt.dll' -> '\Device\HarddiskVolume3\Windows\System32\msvcrt.dll' [rcNtRedir=0xc0150008]
2450.5ce4: supR3HardenedScreenImage/Imports: cache hit (VINF_SUCCESS) on \Device\HarddiskVolume3\Windows\System32\msvcrt.dll
2450.5ce4: supR3HardenedWinVerifyCacheProcessImportTodos: Processing 'msvcrt.dll'...
2450.5ce4: supR3HardenedWinVerifyCacheProcessImportTodos: 'msvcrt.dll' -> '\Device\HarddiskVolume3\Windows\System32\msvcrt.dll' [rcNtRedir=0xc0150008]
2450.5ce4: supR3HardenedScreenImage/Imports: cache hit (VINF_SUCCESS) on \Device\HarddiskVolume3\Windows\System32\msvcrt.dll
2450.5ce4: supR3HardenedWinVerifyCacheProcessImportTodos: Processing 'win32u.dll'...
2450.5ce4: supR3HardenedWinVerifyCacheProcessImportTodos: 'win32u.dll' -> '\Device\HarddiskVolume3\Windows\System32\win32u.dll' [rcNtRedir=0xc0150008]
2450.5ce4: supR3HardenedScreenImage/Imports: cache hit (VINF_SUCCESS) on \Device\HarddiskVolume3\Windows\System32\win32u.dll [lacks WinVerifyTrust]
2450.5ce4: supR3HardenedWinVerifyCacheProcessImportTodos: Processing 'dxgi.dll'...
2450.5ce4: supR3HardenedWinVerifyCacheProcessImportTodos: 'dxgi.dll' -> '\Device\HarddiskVolume3\Windows\System32\dxgi.dll' [rcNtRedir=0xc0150008]
2450.5ce4: supR3HardenedScreenImage/Imports: cache hit (VINF_SUCCESS) on \Device\HarddiskVolume3\Windows\System32\dxgi.dll [lacks WinVerifyTrust]
2450.5ce4: supR3HardenedWinVerifyCacheProcessImportTodos: Processing 'msvcp_win.dll'...
2450.5ce4: supR3HardenedWinVerifyCacheProcessImportTodos: 'msvcp_win.dll' -> '\Device\HarddiskVolume3\Windows\System32\msvcp_win.dll' [rcNtRedir=0xc0150008]
2450.5ce4: supR3HardenedScreenImage/Imports: cache hit (VINF_SUCCESS) on \Device\HarddiskVolume3\Windows\System32\msvcp_win.dll
2450.5ce4: supR3HardenedWinVerifyCacheProcessImportTodos: Processing 'win32u.dll'...
2450.5ce4: supR3HardenedWinVerifyCacheProcessImportTodos: 'win32u.dll' -> '\Device\HarddiskVolume3\Windows\System32\win32u.dll' [rcNtRedir=0xc0150008]
2450.5ce4: supR3HardenedScreenImage/Imports: cache hit (VINF_SUCCESS) on \Device\HarddiskVolume3\Windows\System32\win32u.dll [lacks WinVerifyTrust]
2450.5ce4: supR3HardenedWinVerifyCacheProcessImportTodos: Processing 'msvcp_win.dll'...
2450.5ce4: supR3HardenedWinVerifyCacheProcessImportTodos: 'msvcp_win.dll' -> '\Device\HarddiskVolume3\Windows\System32\msvcp_win.dll' [rcNtRedir=0xc0150008]
2450.5ce4: supR3HardenedScreenImage/Imports: cache hit (VINF_SUCCESS) on \Device\HarddiskVolume3\Windows\System32\msvcp_win.dll
2450.5ce4: supR3HardenedWinVerifyCacheProcessImportTodos: Processing 'msvcp_win.dll'...
2450.5ce4: supR3HardenedWinVerifyCacheProcessImportTodos: 'msvcp_win.dll' -> '\Device\HarddiskVolume3\Windows\System32\msvcp_win.dll' [rcNtRedir=0xc0150008]
2450.5ce4: supR3HardenedScreenImage/Imports: cache hit (VINF_SUCCESS) on \Device\HarddiskVolume3\Windows\System32\msvcp_win.dll
2450.5ce4: supR3HardenedWinVerifyCacheProcessImportTodos: Processing 'gdi32.dll'...
2450.5ce4: supR3HardenedWinVerifyCacheProcessImportTodos: 'gdi32.dll' -> '\Device\HarddiskVolume3\Windows\System32\gdi32.dll' [rcNtRedir=0xc0150008]
2450.5ce4: supR3HardenedScreenImage/Imports: cache hit (VINF_SUCCESS) on \Device\HarddiskVolume3\Windows\System32\gdi32.dll [lacks WinVerifyTrust]
2450.5ce4: supR3HardenedWinVerifyCacheProcessImportTodos: Processing 'user32.dll'...
2450.5ce4: supR3HardenedWinVerifyCacheProcessImportTodos: 'user32.dll' -> '\Device\HarddiskVolume3\Windows\System32\user32.dll' [rcNtRedir=0xc0150008]
2450.5ce4: supR3HardenedScreenImage/Imports: cache hit (VINF_SUCCESS) on \Device\HarddiskVolume3\Windows\System32\user32.dll [lacks WinVerifyTrust]
2450.5ce4: supR3HardenedWinVerifyCacheProcessImportTodos: Processing 'msvcp_win.dll'...
2450.5ce4: supR3HardenedWinVerifyCacheProcessImportTodos: 'msvcp_win.dll' -> '\Device\HarddiskVolume3\Windows\System32\msvcp_win.dll' [rcNtRedir=0xc0150008]
2450.5ce4: supR3HardenedScreenImage/Imports: cache hit (VINF_SUCCESS) on \Device\HarddiskVolume3\Windows\System32\msvcp_win.dll
2450.5ce4: supR3HardenedWinVerifyCacheProcessImportTodos: Processing 'msvcp_win.dll'...
2450.5ce4: supR3HardenedWinVerifyCacheProcessImportTodos: 'msvcp_win.dll' -> '\Device\HarddiskVolume3\Windows\System32\msvcp_win.dll' [rcNtRedir=0xc0150008]
2450.5ce4: supR3HardenedScreenImage/Imports: cache hit (VINF_SUCCESS) on \Device\HarddiskVolume3\Windows\System32\msvcp_win.dll
2450.5ce4: supR3HardenedWinVerifyCacheProcessImportTodos: Processing 'rpcrt4.dll'...
2450.5ce4: supR3HardenedWinVerifyCacheProcessImportTodos: 'rpcrt4.dll' -> '\Device\HarddiskVolume3\Windows\System32\rpcrt4.dll' [rcNtRedir=0xc0150008]
2450.5ce4: supR3HardenedWinVerifyCacheProcessImportTodos: Processing 'vcruntime140_1.dll'...
2450.5ce4: supR3HardenedWinVerifyCacheProcessImportTodos: 'vcruntime140_1.dll' -> '\Device\HarddiskVolume3\Windows\System32\vcruntime140_1.dll' [rcNtRedir=0xc0150008]
2450.5ce4: supR3HardenedScreenImage/Imports: cache hit (VINF_SUCCESS) on \Device\HarddiskVolume3\Windows\System32\vcruntime140_1.dll
2450.5ce4: supR3HardenedWinVerifyCacheProcessImportTodos: Processing 'vcruntime140.dll'...
2450.5ce4: supR3HardenedWinVerifyCacheProcessImportTodos: 'vcruntime140.dll' -> '\Device\HarddiskVolume3\Windows\System32\vcruntime140.dll' [rcNtRedir=0xc0150008]
2450.5ce4: supR3HardenedWinVerifyCacheProcessImportTodos: Processing 'msvcp140.dll'...
2450.5ce4: supR3HardenedWinVerifyCacheProcessImportTodos: 'msvcp140.dll' -> '\Device\HarddiskVolume3\Windows\System32\msvcp140.dll' [rcNtRedir=0xc0150008]
2450.5ce4: supR3HardenedScreenImage/Imports: cache hit (VINF_SUCCESS) on \Device\HarddiskVolume3\Windows\System32\msvcp140.dll
2450.5ce4: supR3HardenedMonitor_LdrLoadDll: returns rcNt=0x0 hMod=00007fff06220000 'C:\WINDOWS\system32\rsaenh.dll'
2450.5ce4: supR3HardenedMonitor_LdrLoadDll: returns rcNt=0x0 hMod=00007fff081d0000 'C:\WINDOWS\System32\crypt32.dll'
2450.5ce4: supR3HardenedWinVerifyCacheScheduleImports: Import todo: #0 'd3d11.dll'.
2450.5ce4: supR3HardenedWinVerifyCacheScheduleImports: Import todo: #1 'dxgi.dll'.
2450.5ce4: supR3HardenedWinVerifyCacheScheduleImports: Import todo: #2 'd3d12.dll'.
2450.5ce4: supR3HardenedWinVerifyCacheScheduleImports: Import todo: #3 'gdi32.dll'.
2450.5ce4: supR3HardenedWinVerifyCacheScheduleImports: Import todo: #4 'ole32.dll'.
2450.5ce4: supR3HardenedWinVerifyCacheScheduleImports: Import todo: #5 'shell32.dll'.
2450.5ce4: supR3HardenedWinVerifyCacheScheduleImports: Import todo: #6 'user32.dll'.
2450.5ce4: supR3HardenedWinVerifyCacheScheduleImports: Import todo: #7 'uxtheme.dll'.
2450.5ce4: supR3HardenedWinVerifyCacheScheduleImports: Import todo: #8 'dwrite.dll'.
2450.5ce4: supR3HardenedWinVerifyCacheScheduleImports: Import todo: #9 'qt6corevbox.dll'.
2450.5ce4: supR3HardenedWinVerifyCacheScheduleImports: Import todo: #11 'msvcp140.dll'.
2450.5ce4: supR3HardenedWinVerifyCacheScheduleImports: Import todo: #12 'msvcp140_1.dll'.
2450.5ce4: supR3HardenedWinVerifyCacheScheduleImports: Import todo: #13 'msvcp140_2.dll'.
2450.5ce4: supR3HardenedWinVerifyCacheScheduleImports: Import todo: #14 'vcruntime140.dll'.
2450.5ce4: supR3HardenedWinVerifyCacheScheduleImports: Import todo: #15 'vcruntime140_1.dll'.
2450.5ce4: supHardenedWinVerifyImageByHandle: -> 0 (\Device\HarddiskVolume3\Program Files\Oracle\VirtualBox\Qt6GuiVBox.dll) WinVerifyTrust
2450.5ce4: supR3HardenedWinVerifyCacheProcessImportTodos: Processing 'qt6corevbox.dll'...
2450.5ce4: supR3HardenedWinVerifyCacheProcessImportTodos: 'qt6corevbox.dll' -> '\Device\HarddiskVolume3\Program Files\Oracle\VirtualBox\qt6corevbox.dll' [rcNtRedir=0xc0150008]
2450.5ce4: supR3HardenedScreenImage/Imports: cache hit (VINF_SUCCESS) on \Device\HarddiskVolume3\Program Files\Oracle\VirtualBox\Qt6CoreVBox.dll [redoing WinVerifyTrust]
2450.5ce4: supR3HardenedWinVerifyCacheProcessImportTodos: Processing 'vcruntime140_1.dll'...
2450.5ce4: supR3HardenedWinVerifyCacheProcessImportTodos: 'vcruntime140_1.dll' -> '\Device\HarddiskVolume3\Windows\System32\vcruntime140_1.dll' [rcNtRedir=0xc0150008]
2450.5ce4: supR3HardenedScreenImage/Imports: cache hit (VINF_SUCCESS) on \Device\HarddiskVolume3\Windows\System32\vcruntime140_1.dll
2450.5ce4: supR3HardenedWinVerifyCacheProcessImportTodos: Processing 'vcruntime140.dll'...
2450.5ce4: supR3HardenedWinVerifyCacheProcessImportTodos: 'vcruntime140.dll' -> '\Device\HarddiskVolume3\Windows\System32\vcruntime140.dll' [rcNtRedir=0xc0150008]
2450.5ce4: supR3HardenedWinVerifyCacheProcessImportTodos: Processing 'msvcp140_2.dll'...
2450.5ce4: supR3HardenedWinVerifyCacheProcessImportTodos: 'msvcp140_2.dll' -> '\Device\HarddiskVolume3\Windows\System32\msvcp140_2.dll' [rcNtRedir=0xc0150008]
2450.5ce4: supR3HardenedScreenImage/Imports: cache hit (VINF_SUCCESS) on \Device\HarddiskVolume3\Windows\System32\msvcp140_2.dll [lacks WinVerifyTrust]
2450.5ce4: supR3HardenedWinVerifyCacheProcessImportTodos: Processing 'msvcp140_1.dll'...
2450.5ce4: supR3HardenedWinVerifyCacheProcessImportTodos: 'msvcp140_1.dll' -> '\Device\HarddiskVolume3\Windows\System32\msvcp140_1.dll' [rcNtRedir=0xc0150008]
2450.5ce4: supR3HardenedScreenImage/Imports: cache hit (VINF_SUCCESS) on \Device\HarddiskVolume3\Windows\System32\msvcp140_1.dll [lacks WinVerifyTrust]
2450.5ce4: supR3HardenedWinVerifyCacheProcessImportTodos: Processing 'msvcp140.dll'...
2450.5ce4: supR3HardenedWinVerifyCacheProcessImportTodos: 'msvcp140.dll' -> '\Device\HarddiskVolume3\Windows\System32\msvcp140.dll' [rcNtRedir=0xc0150008]
2450.5ce4: supR3HardenedWinVerifyCacheProcessImportTodos: Processing 'qt6corevbox.dll'...
2450.5ce4: supR3HardenedWinVerifyCacheProcessImportTodos: 'qt6corevbox.dll' -> '\Device\HarddiskVolume3\Program Files\Oracle\VirtualBox\qt6corevbox.dll' [rcNtRedir=0xc0150008]
2450.5ce4: supR3HardenedScreenImage/Imports: cache hit (VINF_SUCCESS) on \Device\HarddiskVolume3\Program Files\Oracle\VirtualBox\Qt6CoreVBox.dll [lacks WinVerifyTrust]
2450.5ce4: supR3HardenedWinVerifyCacheProcessImportTodos: Processing 'dwrite.dll'...
2450.5ce4: supR3HardenedWinVerifyCacheProcessImportTodos: 'dwrite.dll' -> '\Device\HarddiskVolume3\Windows\System32\dwrite.dll' [rcNtRedir=0xc0150008]
2450.5ce4: supR3HardenedScreenImage/Imports: cache hit (22900) on \Device\HarddiskVolume3\Windows\System32\DWrite.dll [lacks WinVerifyTrust]
2450.5ce4: supR3HardenedWinVerifyCacheProcessImportTodos: Processing 'uxtheme.dll'...
2450.5ce4: supR3HardenedWinVerifyCacheProcessImportTodos: 'uxtheme.dll' -> '\Device\HarddiskVolume3\Windows\System32\uxtheme.dll' [rcNtRedir=0xc0150008]
2450.5ce4: supR3HardenedScreenImage/Imports: cache hit (22900) on \Device\HarddiskVolume3\Windows\System32\uxtheme.dll [lacks WinVerifyTrust]
2450.5ce4: supR3HardenedWinVerifyCacheProcessImportTodos: Processing 'user32.dll'...
2450.5ce4: supR3HardenedWinVerifyCacheProcessImportTodos: 'user32.dll' -> '\Device\HarddiskVolume3\Windows\System32\user32.dll' [rcNtRedir=0xc0150008]
2450.5ce4: supR3HardenedScreenImage/Imports: cache hit (VINF_SUCCESS) on \Device\HarddiskVolume3\Windows\System32\user32.dll [lacks WinVerifyTrust]
2450.5ce4: supR3HardenedWinVerifyCacheProcessImportTodos: Processing 'shell32.dll'...
2450.5ce4: supR3HardenedWinVerifyCacheProcessImportTodos: 'shell32.dll' -> '\Device\HarddiskVolume3\Windows\System32\shell32.dll' [rcNtRedir=0xc0150008]
2450.5ce4: supR3HardenedScreenImage/Imports: cache hit (VINF_SUCCESS) on \Device\HarddiskVolume3\Windows\System32\shell32.dll [lacks WinVerifyTrust]
2450.5ce4: supR3HardenedWinVerifyCacheProcessImportTodos: Processing 'ole32.dll'...
2450.5ce4: supR3HardenedWinVerifyCacheProcessImportTodos: 'ole32.dll' -> '\Device\HarddiskVolume3\Windows\System32\ole32.dll' [rcNtRedir=0xc0150008]
2450.5ce4: supR3HardenedScreenImage/Imports: cache hit (VINF_SUCCESS) on \Device\HarddiskVolume3\Windows\System32\ole32.dll
2450.5ce4: supR3HardenedWinVerifyCacheProcessImportTodos: Processing 'gdi32.dll'...
2450.5ce4: supR3HardenedWinVerifyCacheProcessImportTodos: 'gdi32.dll' -> '\Device\HarddiskVolume3\Windows\System32\gdi32.dll' [rcNtRedir=0xc0150008]
2450.5ce4: supR3HardenedScreenImage/Imports: cache hit (VINF_SUCCESS) on \Device\HarddiskVolume3\Windows\System32\gdi32.dll [lacks WinVerifyTrust]
2450.5ce4: supR3HardenedWinVerifyCacheProcessImportTodos: Processing 'd3d12.dll'...
2450.5ce4: supR3HardenedWinVerifyCacheProcessImportTodos: 'd3d12.dll' -> '\Device\HarddiskVolume3\Windows\System32\d3d12.dll' [rcNtRedir=0xc0150008]
2450.5ce4: supR3HardenedScreenImage/Imports: cache hit (VINF_SUCCESS) on \Device\HarddiskVolume3\Windows\System32\D3D12.dll [lacks WinVerifyTrust]
2450.5ce4: supR3HardenedWinVerifyCacheProcessImportTodos: Processing 'dxgi.dll'...
2450.5ce4: supR3HardenedWinVerifyCacheProcessImportTodos: 'dxgi.dll' -> '\Device\HarddiskVolume3\Windows\System32\dxgi.dll' [rcNtRedir=0xc0150008]
2450.5ce4: supR3HardenedScreenImage/Imports: cache hit (VINF_SUCCESS) on \Device\HarddiskVolume3\Windows\System32\dxgi.dll [lacks WinVerifyTrust]
2450.5ce4: supR3HardenedWinVerifyCacheProcessImportTodos: Processing 'd3d11.dll'...
2450.5ce4: supR3HardenedWinVerifyCacheProcessImportTodos: 'd3d11.dll' -> '\Device\HarddiskVolume3\Windows\System32\d3d11.dll' [rcNtRedir=0xc0150008]
2450.5ce4: supR3HardenedScreenImage/Imports: cache hit (VINF_SUCCESS) on \Device\HarddiskVolume3\Windows\System32\d3d11.dll [lacks WinVerifyTrust]
2450.5ce4: supR3HardenedMonitor_LdrLoadDll: returns rcNt=0x0 hMod=00007fff06220000 'C:\WINDOWS\system32\rsaenh.dll'
2450.5ce4: supR3HardenedMonitor_LdrLoadDll: returns rcNt=0x0 hMod=00007fff081d0000 'C:\WINDOWS\System32\crypt32.dll'
2450.5ce4: supR3HardenedScreenImage/Imports: 0 (was 0) fWinVerifyTrust=1 for '\Device\HarddiskVolume3\Program Files\Oracle\VirtualBox\Qt6CoreVBox.dll'
2450.5ce4: supR3HardenedWinVerifyCacheProcessImportTodos: Processing 'uicommon.dll'...
2450.5ce4: supR3HardenedWinVerifyCacheProcessImportTodos: 'uicommon.dll' -> '\Device\HarddiskVolume3\Program Files\Oracle\VirtualBox\uicommon.dll' [rcNtRedir=0xc0150008]
2450.5ce4: supR3HardenedMonitor_LdrLoadDll: returns rcNt=0x0 hMod=00007fff06220000 'C:\WINDOWS\system32\rsaenh.dll'
2450.5ce4: supR3HardenedMonitor_LdrLoadDll: returns rcNt=0x0 hMod=00007fff081d0000 'C:\WINDOWS\System32\crypt32.dll'
2450.5ce4: supR3HardenedWinVerifyCacheScheduleImports: Import todo: #0 'qt6corevbox.dll'.
2450.5ce4: supR3HardenedWinVerifyCacheScheduleImports: Import todo: #1 'qt6guivbox.dll'.
2450.5ce4: supR3HardenedWinVerifyCacheScheduleImports: Import todo: #2 'qt6widgetsvbox.dll'.
2450.5ce4: supR3HardenedWinVerifyCacheScheduleImports: Import todo: #3 'qt6helpvbox.dll'.
2450.5ce4: supR3HardenedWinVerifyCacheScheduleImports: Import todo: #4 'qt6statemachinevbox.dll'.
2450.5ce4: supR3HardenedWinVerifyCacheScheduleImports: Import todo: #11 'user32.dll'.
2450.5ce4: supR3HardenedWinVerifyCacheScheduleImports: Import todo: #12 'ole32.dll'.
2450.5ce4: supR3HardenedWinVerifyCacheScheduleImports: Import todo: #13 'oleaut32.dll'.
2450.5ce4: supR3HardenedWinVerifyCacheScheduleImports: Import todo: #14 'vboxrt.dll'.
2450.5ce4: supR3HardenedWinVerifyCacheScheduleImports: Import todo: #15 'vcruntime140.dll'.
2450.5ce4: supR3HardenedWinVerifyCacheScheduleImports: Import todo: #16 'vcruntime140_1.dll'.
2450.5ce4: supR3HardenedWinVerifyCacheScheduleImports: Import todo: #17 'msvcp140.dll'.
2450.5ce4: supR3HardenedWinVerifyCacheScheduleImports: Import todo: #18 'advapi32.dll'.
2450.5ce4: supR3HardenedWinVerifyCacheScheduleImports: Import todo: #19 'rpcrt4.dll'.
2450.5ce4: supHardenedWinVerifyImageByHandle: -> 0 (\Device\HarddiskVolume3\Program Files\Oracle\VirtualBox\UICommon.dll) WinVerifyTrust
2450.5ce4: supR3HardenedWinVerifyCacheInsert: \Device\HarddiskVolume3\Program Files\Oracle\VirtualBox\UICommon.dll
2450.5ce4: supR3HardenedWinVerifyCacheProcessImportTodos: Processing 'rpcrt4.dll'...
2450.5ce4: supR3HardenedWinVerifyCacheProcessImportTodos: 'rpcrt4.dll' -> '\Device\HarddiskVolume3\Windows\System32\rpcrt4.dll' [rcNtRedir=0xc0150008]
2450.5ce4: supR3HardenedWinVerifyCacheProcessImportTodos: Processing 'advapi32.dll'...
2450.5ce4: supR3HardenedWinVerifyCacheProcessImportTodos: 'advapi32.dll' -> '\Device\HarddiskVolume3\Windows\System32\advapi32.dll' [rcNtRedir=0xc0150008]
2450.5ce4: supR3HardenedScreenImage/Imports: cache hit (VINF_SUCCESS) on \Device\HarddiskVolume3\Windows\System32\advapi32.dll
2450.5ce4: supR3HardenedWinVerifyCacheProcessImportTodos: Processing 'msvcp140.dll'...
2450.5ce4: supR3HardenedWinVerifyCacheProcessImportTodos: 'msvcp140.dll' -> '\Device\HarddiskVolume3\Windows\System32\msvcp140.dll' [rcNtRedir=0xc0150008]
2450.5ce4: supR3HardenedWinVerifyCacheProcessImportTodos: Processing 'vcruntime140_1.dll'...
2450.5ce4: supR3HardenedWinVerifyCacheProcessImportTodos: 'vcruntime140_1.dll' -> '\Device\HarddiskVolume3\Windows\System32\vcruntime140_1.dll' [rcNtRedir=0xc0150008]
2450.5ce4: supR3HardenedWinVerifyCacheProcessImportTodos: Processing 'vcruntime140.dll'...
2450.5ce4: supR3HardenedWinVerifyCacheProcessImportTodos: 'vcruntime140.dll' -> '\Device\HarddiskVolume3\Windows\System32\vcruntime140.dll' [rcNtRedir=0xc0150008]
2450.5ce4: supR3HardenedWinVerifyCacheProcessImportTodos: Processing 'vboxrt.dll'...
2450.5ce4: supR3HardenedWinVerifyCacheProcessImportTodos: 'vboxrt.dll' -> '\Device\HarddiskVolume3\Program Files\Oracle\VirtualBox\vboxrt.dll' [rcNtRedir=0xc0150008]
2450.5ce4: supR3HardenedWinVerifyCacheProcessImportTodos: Processing 'oleaut32.dll'...
2450.5ce4: supR3HardenedWinVerifyCacheProcessImportTodos: 'oleaut32.dll' -> '\Device\HarddiskVolume3\Windows\System32\oleaut32.dll' [rcNtRedir=0xc0150008]
2450.5ce4: supR3HardenedScreenImage/Imports: cache hit (VINF_SUCCESS) on \Device\HarddiskVolume3\Windows\System32\oleaut32.dll
2450.5ce4: supR3HardenedWinVerifyCacheProcessImportTodos: Processing 'ole32.dll'...
2450.5ce4: supR3HardenedWinVerifyCacheProcessImportTodos: 'ole32.dll' -> '\Device\HarddiskVolume3\Windows\System32\ole32.dll' [rcNtRedir=0xc0150008]
2450.5ce4: supR3HardenedScreenImage/Imports: cache hit (VINF_SUCCESS) on \Device\HarddiskVolume3\Windows\System32\ole32.dll
2450.5ce4: supR3HardenedWinVerifyCacheProcessImportTodos: Processing 'user32.dll'...
2450.5ce4: supR3HardenedWinVerifyCacheProcessImportTodos: 'user32.dll' -> '\Device\HarddiskVolume3\Windows\System32\user32.dll' [rcNtRedir=0xc0150008]
2450.5ce4: supR3HardenedScreenImage/Imports: cache hit (VINF_SUCCESS) on \Device\HarddiskVolume3\Windows\System32\user32.dll [redoing WinVerifyTrust]
2450.5ce4: supR3HardenedMonitor_LdrLoadDll: returns rcNt=0x0 hMod=00007fff06220000 'C:\WINDOWS\system32\rsaenh.dll'
2450.5ce4: supR3HardenedMonitor_LdrLoadDll: returns rcNt=0x0 hMod=00007fff081d0000 'C:\WINDOWS\System32\crypt32.dll'
2450.5ce4: supR3HardenedScreenImage/Imports: 0 (was 0) fWinVerifyTrust=1 for '\Device\HarddiskVolume3\Windows\System32\user32.dll'
2450.5ce4: supR3HardenedWinVerifyCacheProcessImportTodos: Processing 'qt6statemachinevbox.dll'...
2450.5ce4: supR3HardenedWinVerifyCacheProcessImportTodos: 'qt6statemachinevbox.dll' -> '\Device\HarddiskVolume3\Program Files\Oracle\VirtualBox\qt6statemachinevbox.dll' [rcNtRedir=0xc0150008]
2450.5ce4: supR3HardenedMonitor_LdrLoadDll: returns rcNt=0x0 hMod=00007fff06220000 'C:\WINDOWS\system32\rsaenh.dll'
2450.5ce4: supR3HardenedMonitor_LdrLoadDll: returns rcNt=0x0 hMod=00007fff081d0000 'C:\WINDOWS\System32\crypt32.dll'
2450.5ce4: supR3HardenedWinVerifyCacheScheduleImports: Import todo: #0 'qt6guivbox.dll'.
2450.5ce4: supR3HardenedWinVerifyCacheScheduleImports: Import todo: #1 'qt6corevbox.dll'.
2450.5ce4: supR3HardenedWinVerifyCacheScheduleImports: Import todo: #2 'vcruntime140.dll'.
2450.5ce4: supHardenedWinVerifyImageByHandle: -> 0 (\Device\HarddiskVolume3\Program Files\Oracle\VirtualBox\Qt6StateMachineVBox.dll) WinVerifyTrust
2450.5ce4: supR3HardenedWinVerifyCacheInsert: \Device\HarddiskVolume3\Program Files\Oracle\VirtualBox\Qt6StateMachineVBox.dll
2450.5ce4: supR3HardenedWinVerifyCacheProcessImportTodos: Processing 'qt6helpvbox.dll'...
2450.5ce4: supR3HardenedWinVerifyCacheProcessImportTodos: 'qt6helpvbox.dll' -> '\Device\HarddiskVolume3\Program Files\Oracle\VirtualBox\qt6helpvbox.dll' [rcNtRedir=0xc0150008]
2450.5ce4: supR3HardenedWinVerifyCacheProcessImportTodos: Processing 'vcruntime140.dll'...
2450.5ce4: supR3HardenedWinVerifyCacheProcessImportTodos: 'vcruntime140.dll' -> '\Device\HarddiskVolume3\Windows\System32\vcruntime140.dll' [rcNtRedir=0xc0150008]
2450.5ce4: supR3HardenedWinVerifyCacheProcessImportTodos: Processing 'qt6corevbox.dll'...
2450.5ce4: supR3HardenedWinVerifyCacheProcessImportTodos: 'qt6corevbox.dll' -> '\Device\HarddiskVolume3\Program Files\Oracle\VirtualBox\qt6corevbox.dll' [rcNtRedir=0xc0150008]
2450.5ce4: supR3HardenedScreenImage/Imports: cache hit (VINF_SUCCESS) on \Device\HarddiskVolume3\Program Files\Oracle\VirtualBox\Qt6CoreVBox.dll
2450.5ce4: supR3HardenedWinVerifyCacheProcessImportTodos: Processing 'qt6guivbox.dll'...
2450.5ce4: supR3HardenedWinVerifyCacheProcessImportTodos: 'qt6guivbox.dll' -> '\Device\HarddiskVolume3\Program Files\Oracle\VirtualBox\qt6guivbox.dll' [rcNtRedir=0xc0150008]
2450.5ce4: supR3HardenedScreenImage/Imports: cache hit (VINF_SUCCESS) on \Device\HarddiskVolume3\Program Files\Oracle\VirtualBox\Qt6GuiVBox.dll [lacks WinVerifyTrust]
2450.5ce4: supR3HardenedMonitor_LdrLoadDll: returns rcNt=0x0 hMod=00007fff06220000 'C:\WINDOWS\system32\rsaenh.dll'
2450.5ce4: supR3HardenedMonitor_LdrLoadDll: returns rcNt=0x0 hMod=00007fff081d0000 'C:\WINDOWS\System32\crypt32.dll'
2450.5ce4: supR3HardenedWinVerifyCacheScheduleImports: Import todo: #0 'qt6sqlvbox.dll'.
2450.5ce4: supR3HardenedWinVerifyCacheScheduleImports: Import todo: #1 'qt6widgetsvbox.dll'.
2450.5ce4: supR3HardenedWinVerifyCacheScheduleImports: Import todo: #2 'qt6guivbox.dll'.
2450.5ce4: supR3HardenedWinVerifyCacheScheduleImports: Import todo: #3 'qt6corevbox.dll'.
2450.5ce4: supR3HardenedWinVerifyCacheScheduleImports: Import todo: #4 'msvcp140.dll'.
2450.5ce4: supR3HardenedWinVerifyCacheScheduleImports: Import todo: #5 'vcruntime140.dll'.
2450.5ce4: supR3HardenedWinVerifyCacheScheduleImports: Import todo: #6 'vcruntime140_1.dll'.
2450.5ce4: supHardenedWinVerifyImageByHandle: -> 0 (\Device\HarddiskVolume3\Program Files\Oracle\VirtualBox\Qt6HelpVBox.dll) WinVerifyTrust
2450.5ce4: supR3HardenedWinVerifyCacheInsert: \Device\HarddiskVolume3\Program Files\Oracle\VirtualBox\Qt6HelpVBox.dll
2450.5ce4: supR3HardenedWinVerifyCacheProcessImportTodos: Processing 'qt6widgetsvbox.dll'...
2450.5ce4: supR3HardenedWinVerifyCacheProcessImportTodos: 'qt6widgetsvbox.dll' -> '\Device\HarddiskVolume3\Program Files\Oracle\VirtualBox\qt6widgetsvbox.dll' [rcNtRedir=0xc0150008]
2450.5ce4: supR3HardenedScreenImage/Imports: cache hit (VINF_SUCCESS) on \Device\HarddiskVolume3\Program Files\Oracle\VirtualBox\Qt6WidgetsVBox.dll
2450.5ce4: supR3HardenedWinVerifyCacheProcessImportTodos: Processing 'qt6guivbox.dll'...
2450.5ce4: supR3HardenedWinVerifyCacheProcessImportTodos: 'qt6guivbox.dll' -> '\Device\HarddiskVolume3\Program Files\Oracle\VirtualBox\qt6guivbox.dll' [rcNtRedir=0xc0150008]
2450.5ce4: supR3HardenedScreenImage/Imports: cache hit (VINF_SUCCESS) on \Device\HarddiskVolume3\Program Files\Oracle\VirtualBox\Qt6GuiVBox.dll [redoing WinVerifyTrust]
2450.5ce4: supR3HardenedWinVerifyCacheProcessImportTodos: Processing 'vcruntime140_1.dll'...
2450.5ce4: supR3HardenedWinVerifyCacheProcessImportTodos: 'vcruntime140_1.dll' -> '\Device\HarddiskVolume3\Windows\System32\vcruntime140_1.dll' [rcNtRedir=0xc0150008]
2450.5ce4: supR3HardenedWinVerifyCacheProcessImportTodos: Processing 'vcruntime140.dll'...
2450.5ce4: supR3HardenedWinVerifyCacheProcessImportTodos: 'vcruntime140.dll' -> '\Device\HarddiskVolume3\Windows\System32\vcruntime140.dll' [rcNtRedir=0xc0150008]
2450.5ce4: supR3HardenedWinVerifyCacheProcessImportTodos: Processing 'msvcp140.dll'...
2450.5ce4: supR3HardenedWinVerifyCacheProcessImportTodos: 'msvcp140.dll' -> '\Device\HarddiskVolume3\Windows\System32\msvcp140.dll' [rcNtRedir=0xc0150008]
2450.5ce4: supR3HardenedWinVerifyCacheProcessImportTodos: Processing 'qt6corevbox.dll'...
2450.5ce4: supR3HardenedWinVerifyCacheProcessImportTodos: 'qt6corevbox.dll' -> '\Device\HarddiskVolume3\Program Files\Oracle\VirtualBox\qt6corevbox.dll' [rcNtRedir=0xc0150008]
2450.5ce4: supR3HardenedScreenImage/Imports: cache hit (VINF_SUCCESS) on \Device\HarddiskVolume3\Program Files\Oracle\VirtualBox\Qt6CoreVBox.dll
2450.5ce4: supR3HardenedWinVerifyCacheProcessImportTodos: Processing 'qt6guivbox.dll'...
2450.5ce4: supR3HardenedWinVerifyCacheProcessImportTodos: 'qt6guivbox.dll' -> '\Device\HarddiskVolume3\Program Files\Oracle\VirtualBox\qt6guivbox.dll' [rcNtRedir=0xc0150008]
2450.5ce4: supR3HardenedScreenImage/Imports: cache hit (VINF_SUCCESS) on \Device\HarddiskVolume3\Program Files\Oracle\VirtualBox\Qt6GuiVBox.dll [lacks WinVerifyTrust]
2450.5ce4: supR3HardenedWinVerifyCacheProcessImportTodos: Processing 'qt6widgetsvbox.dll'...
2450.5ce4: supR3HardenedWinVerifyCacheProcessImportTodos: 'qt6widgetsvbox.dll' -> '\Device\HarddiskVolume3\Program Files\Oracle\VirtualBox\qt6widgetsvbox.dll' [rcNtRedir=0xc0150008]
2450.5ce4: supR3HardenedScreenImage/Imports: cache hit (VINF_SUCCESS) on \Device\HarddiskVolume3\Program Files\Oracle\VirtualBox\Qt6WidgetsVBox.dll
2450.5ce4: supR3HardenedWinVerifyCacheProcessImportTodos: Processing 'qt6sqlvbox.dll'...
2450.5ce4: supR3HardenedWinVerifyCacheProcessImportTodos: 'qt6sqlvbox.dll' -> '\Device\HarddiskVolume3\Program Files\Oracle\VirtualBox\qt6sqlvbox.dll' [rcNtRedir=0xc0150008]
2450.5ce4: Detected WinVerifyTrust recursion: rc=VINF_SUCCESS '\Device\HarddiskVolume3\Program Files\Oracle\VirtualBox\Qt6SqlVBox.dll'.
2450.5ce4: supR3HardenedWinVerifyCacheScheduleImports: Import todo: #0 'qt6corevbox.dll'.
2450.5ce4: supR3HardenedWinVerifyCacheScheduleImports: Import todo: #1 'msvcp140.dll'.
2450.5ce4: supR3HardenedWinVerifyCacheScheduleImports: Import todo: #2 'vcruntime140.dll'.
2450.5ce4: supR3HardenedWinVerifyCacheScheduleImports: Import todo: #3 'vcruntime140_1.dll'.
2450.5ce4: supHardenedWinVerifyImageByHandle: -> 0 (\Device\HarddiskVolume3\Program Files\Oracle\VirtualBox\Qt6SqlVBox.dll)
2450.5ce4: supR3HardenedWinVerifyCacheInsert: \Device\HarddiskVolume3\Program Files\Oracle\VirtualBox\Qt6SqlVBox.dll
2450.5ce4: supR3HardenedWinVerifyCacheProcessImportTodos: Processing 'vcruntime140_1.dll'...
2450.5ce4: supR3HardenedWinVerifyCacheProcessImportTodos: 'vcruntime140_1.dll' -> '\Device\HarddiskVolume3\Windows\System32\vcruntime140_1.dll' [rcNtRedir=0xc0150008]
2450.5ce4: supR3HardenedWinVerifyCacheProcessImportTodos: Processing 'vcruntime140.dll'...
2450.5ce4: supR3HardenedWinVerifyCacheProcessImportTodos: 'vcruntime140.dll' -> '\Device\HarddiskVolume3\Windows\System32\vcruntime140.dll' [rcNtRedir=0xc0150008]
2450.5ce4: supR3HardenedScreenImage/Imports: cache hit (VINF_SUCCESS) on \Device\HarddiskVolume3\Windows\System32\vcruntime140.dll
2450.5ce4: supR3HardenedWinVerifyCacheProcessImportTodos: Processing 'msvcp140.dll'...
2450.5ce4: supR3HardenedWinVerifyCacheProcessImportTodos: 'msvcp140.dll' -> '\Device\HarddiskVolume3\Windows\System32\msvcp140.dll' [rcNtRedir=0xc0150008]
2450.5ce4: supR3HardenedWinVerifyCacheProcessImportTodos: Processing 'qt6corevbox.dll'...
2450.5ce4: supR3HardenedWinVerifyCacheProcessImportTodos: 'qt6corevbox.dll' -> '\Device\HarddiskVolume3\Program Files\Oracle\VirtualBox\qt6corevbox.dll' [rcNtRedir=0xc0150008]
2450.5ce4: supR3HardenedScreenImage/Imports: cache hit (VINF_SUCCESS) on \Device\HarddiskVolume3\Program Files\Oracle\VirtualBox\Qt6CoreVBox.dll
2450.5ce4: supR3HardenedMonitor_LdrLoadDll: returns rcNt=0x0 hMod=00007fff06220000 'C:\WINDOWS\system32\rsaenh.dll'
2450.5ce4: supR3HardenedMonitor_LdrLoadDll: returns rcNt=0x0 hMod=00007fff081d0000 'C:\WINDOWS\System32\crypt32.dll'
2450.5ce4: supR3HardenedScreenImage/Imports: 0 (was 0) fWinVerifyTrust=1 for '\Device\HarddiskVolume3\Program Files\Oracle\VirtualBox\Qt6GuiVBox.dll'
2450.5ce4: supR3HardenedWinVerifyCacheProcessImportTodos: Processing 'qt6corevbox.dll'...
2450.5ce4: supR3HardenedWinVerifyCacheProcessImportTodos: 'qt6corevbox.dll' -> '\Device\HarddiskVolume3\Program Files\Oracle\VirtualBox\qt6corevbox.dll' [rcNtRedir=0xc0150008]
2450.5ce4: supR3HardenedScreenImage/Imports: cache hit (VINF_SUCCESS) on \Device\HarddiskVolume3\Program Files\Oracle\VirtualBox\Qt6CoreVBox.dll
2450.5ce4: supR3HardenedMonitor_LdrLoadDll: pName=C:\Program Files\Oracle\VirtualBox\VirtualBoxVM.dll (rcNtResolve=0xc0150008) *pfFlags=0x0 pwszSearchPath=0000000000000a01:<flags> [calling]
2450.5ce4: supR3HardenedScreenImage/NtCreateSection: cache hit (VINF_SUCCESS) on \Device\HarddiskVolume3\Program Files\Oracle\VirtualBox\VirtualBoxVM.dll
2450.5ce4: supR3HardenedScreenImage/NtCreateSection: cache hit (VINF_SUCCESS) on \Device\HarddiskVolume3\Program Files\Oracle\VirtualBox\UICommon.dll
2450.5ce4: supR3HardenedScreenImage/NtCreateSection: cache hit (VINF_SUCCESS) on \Device\HarddiskVolume3\Program Files\Oracle\VirtualBox\Qt6CoreVBox.dll
2450.5ce4: supR3HardenedScreenImage/NtCreateSection: cache hit (VINF_SUCCESS) on \Device\HarddiskVolume3\Program Files\Oracle\VirtualBox\Qt6GuiVBox.dll
2450.5ce4: supR3HardenedScreenImage/NtCreateSection: cache hit (VINF_SUCCESS) on \Device\HarddiskVolume3\Program Files\Oracle\VirtualBox\Qt6WidgetsVBox.dll
2450.5ce4: supR3HardenedScreenImage/NtCreateSection: cache hit (VINF_SUCCESS) on \Device\HarddiskVolume3\Windows\System32\winmm.dll
2450.5ce4: supR3HardenedScreenImage/NtCreateSection: cache hit (VINF_SUCCESS) on \Device\HarddiskVolume3\Program Files\Oracle\VirtualBox\Qt6HelpVBox.dll
2450.5ce4: supR3HardenedScreenImage/NtCreateSection: cache hit (VINF_SUCCESS) on \Device\HarddiskVolume3\Program Files\Oracle\VirtualBox\Qt6StateMachineVBox.dll
2450.5ce4: supR3HardenedScreenImage/NtCreateSection: cache hit (VINF_SUCCESS) on \Device\HarddiskVolume3\Windows\System32\userenv.dll [avoiding WinVerifyTrust]
2450.5ce4: supR3HardenedScreenImage/NtCreateSection: cache hit (22900) on \Device\HarddiskVolume3\Windows\System32\authz.dll [avoiding WinVerifyTrust]
2450.5ce4: supR3HardenedScreenImage/NtCreateSection: cache hit (VINF_SUCCESS) on \Device\HarddiskVolume3\Windows\System32\netapi32.dll [avoiding WinVerifyTrust]
2450.5ce4: supR3HardenedScreenImage/NtCreateSection: cache hit (VINF_SUCCESS) on \Device\HarddiskVolume3\Windows\System32\version.dll [avoiding WinVerifyTrust]
2450.5ce4: supR3HardenedScreenImage/NtCreateSection: cache hit (VINF_SUCCESS) on \Device\HarddiskVolume3\Windows\System32\msvcp140_1.dll [avoiding WinVerifyTrust]
2450.5ce4: supR3HardenedScreenImage/NtCreateSection: cache hit (VINF_SUCCESS) on \Device\HarddiskVolume3\Windows\System32\d3d11.dll [avoiding WinVerifyTrust]
2450.5ce4: supR3HardenedScreenImage/NtCreateSection: cache hit (VINF_SUCCESS) on \Device\HarddiskVolume3\Windows\System32\dxgi.dll [avoiding WinVerifyTrust]
2450.5ce4: supR3HardenedScreenImage/NtCreateSection: cache hit (VINF_SUCCESS) on \Device\HarddiskVolume3\Windows\System32\D3D12.dll [avoiding WinVerifyTrust]
2450.5ce4: supR3HardenedScreenImage/NtCreateSection: cache hit (22900) on \Device\HarddiskVolume3\Windows\System32\uxtheme.dll [avoiding WinVerifyTrust]
2450.5ce4: supR3HardenedScreenImage/NtCreateSection: cache hit (22900) on \Device\HarddiskVolume3\Windows\System32\DWrite.dll [avoiding WinVerifyTrust]
2450.5ce4: supR3HardenedScreenImage/NtCreateSection: cache hit (VINF_SUCCESS) on \Device\HarddiskVolume3\Windows\System32\msvcp140_2.dll [avoiding WinVerifyTrust]
2450.5ce4: supR3HardenedScreenImage/NtCreateSection: cache hit (VINF_SUCCESS) on \Device\HarddiskVolume3\Windows\System32\dwmapi.dll [avoiding WinVerifyTrust]
2450.5ce4: supR3HardenedScreenImage/NtCreateSection: cache hit (VINF_SUCCESS) on \Device\HarddiskVolume3\Program Files\Oracle\VirtualBox\Qt6SqlVBox.dll [avoiding WinVerifyTrust]
2450.5ce4: supR3HardenedWinVerifyCacheScheduleImports: Import todo: #12 'rpcrt4.dll'.
2450.5ce4: supHardenedWinVerifyImageByHandle: -> 0 (\Device\HarddiskVolume3\Windows\System32\powrprof.dll)
2450.5ce4: supR3HardenedWinVerifyCacheInsert: \Device\HarddiskVolume3\Windows\System32\powrprof.dll
2450.5ce4: supR3HardenedWinVerifyCacheScheduleImports: Import todo: #3 'rpcrt4.dll'.
2450.5ce4: supHardenedWinVerifyImageByHandle: -> 0 (\Device\HarddiskVolume3\Windows\System32\srvcli.dll)
2450.5ce4: supR3HardenedWinVerifyCacheInsert: \Device\HarddiskVolume3\Windows\System32\srvcli.dll
2450.5ce4: supHardenedWinVerifyImageByHandle: -> 0 (\Device\HarddiskVolume3\Windows\System32\netutils.dll)
2450.5ce4: supR3HardenedWinVerifyCacheInsert: \Device\HarddiskVolume3\Windows\System32\netutils.dll
2450.5ce4: supR3HardenedDllNotificationCallback: load   00007fff068c0000 LB 0x0002b000 C:\WINDOWS\SYSTEM32\USERENV.dll [fFlags=0x0]
2450.5ce4: supR3HardenedScreenImage/LdrLoadDll: cache hit (VINF_SUCCESS) on \Device\HarddiskVolume3\Windows\System32\userenv.dll [avoiding WinVerifyTrust]
2450.5ce4: supR3HardenedDllNotificationCallback: load   00007fff05e80000 LB 0x00050000 C:\WINDOWS\SYSTEM32\AUTHZ.dll [fFlags=0x0]
2450.5ce4: supR3HardenedScreenImage/LdrLoadDll: cache hit (22900) on \Device\HarddiskVolume3\Windows\System32\authz.dll [avoiding WinVerifyTrust]
2450.5ce4: supR3HardenedDllNotificationCallback: load   00007ffefc2b0000 LB 0x0001a000 C:\WINDOWS\SYSTEM32\NETAPI32.dll [fFlags=0x0]
2450.5ce4: supR3HardenedScreenImage/LdrLoadDll: cache hit (VINF_SUCCESS) on \Device\HarddiskVolume3\Windows\System32\netapi32.dll [avoiding WinVerifyTrust]
2450.5ce4: supR3HardenedDllNotificationCallback: load   00007fff089f0000 LB 0x00027000 C:\WINDOWS\System32\win32u.dll [fFlags=0x0]
2450.5ce4: supR3HardenedScreenImage/LdrLoadDll: cache hit (VINF_SUCCESS) on \Device\HarddiskVolume3\Windows\System32\win32u.dll [avoiding WinVerifyTrust]
2450.5ce4: supR3HardenedDllNotificationCallback: load   00007fff08d90000 LB 0x001c6000 C:\WINDOWS\System32\USER32.dll [fFlags=0x0]
2450.5ce4: supR3HardenedDllNotificationCallback: load   00007fff08490000 LB 0x0012b000 C:\WINDOWS\System32\gdi32full.dll [fFlags=0x0]
2450.5ce4: supR3HardenedWinVerifyCacheScheduleImports: Import todo: #0 'msvcp_win.dll'.
2450.5ce4: supR3HardenedWinVerifyCacheScheduleImports: Import todo: #35 'gdi32.dll'.
2450.5ce4: supR3HardenedWinVerifyCacheScheduleImports: Import todo: #37 'user32.dll'.
2450.5ce4: supR3HardenedWinVerifyCacheScheduleImports: Import todo: #38 'win32u.dll'.
2450.5ce4: supHardenedWinVerifyImageByHandle: -> 0 (\Device\HarddiskVolume3\Windows\System32\gdi32full.dll)
2450.5ce4: supR3HardenedWinVerifyCacheInsert: \Device\HarddiskVolume3\Windows\System32\gdi32full.dll
2450.5ce4: supR3HardenedDllNotificationCallback: load   00007fff09e20000 LB 0x0002b000 C:\WINDOWS\System32\GDI32.dll [fFlags=0x0]
2450.5ce4: supR3HardenedScreenImage/LdrLoadDll: cache hit (VINF_SUCCESS) on \Device\HarddiskVolume3\Windows\System32\gdi32.dll [avoiding WinVerifyTrust]
2450.5ce4: supR3HardenedDllNotificationCallback: load   00007fff09e50000 LB 0x00386000 C:\WINDOWS\System32\combase.dll [fFlags=0x0]
2450.5ce4: supR3HardenedScreenImage/LdrLoadDll: cache hit (VINF_SUCCESS) on \Device\HarddiskVolume3\Windows\System32\combase.dll [avoiding WinVerifyTrust]
2450.5ce4: supR3HardenedDllNotificationCallback: load   00007fff0aa20000 LB 0x00197000 C:\WINDOWS\System32\ole32.dll [fFlags=0x0]
2450.5ce4: supR3HardenedScreenImage/LdrLoadDll: cache hit (VINF_SUCCESS) on \Device\HarddiskVolume3\Windows\System32\ole32.dll
2450.5ce4: supR3HardenedDllNotificationCallback: load   00007fff085c0000 LB 0x0016a000 C:\WINDOWS\System32\wintypes.dll [fFlags=0x0]
2450.5ce4: supR3HardenedWinVerifyCacheScheduleImports: Import todo: #3 'combase.dll'.
2450.5ce4: supHardenedWinVerifyImageByHandle: -> 0 (\Device\HarddiskVolume3\Windows\System32\WinTypes.dll)
2450.5ce4: supR3HardenedWinVerifyCacheInsert: \Device\HarddiskVolume3\Windows\System32\WinTypes.dll
2450.5ce4: supR3HardenedDllNotificationCallback: load   00007fff08f60000 LB 0x00752000 C:\WINDOWS\System32\SHELL32.dll [fFlags=0x0]
2450.5ce4: supR3HardenedScreenImage/LdrLoadDll: cache hit (VINF_SUCCESS) on \Device\HarddiskVolume3\Windows\System32\shell32.dll [avoiding WinVerifyTrust]
2450.5ce4: supR3HardenedDllNotificationCallback: load   00007fff003a0000 LB 0x0000b000 C:\WINDOWS\SYSTEM32\VERSION.dll [fFlags=0x0]
2450.5ce4: supR3HardenedScreenImage/LdrLoadDll: cache hit (VINF_SUCCESS) on \Device\HarddiskVolume3\Windows\System32\version.dll [avoiding WinVerifyTrust]
2450.5ce4: supR3HardenedDllNotificationCallback: load   00007ffeffe70000 LB 0x00035000 C:\WINDOWS\SYSTEM32\WINMM.dll [fFlags=0x0]
2450.5ce4: supR3HardenedScreenImage/LdrLoadDll: cache hit (VINF_SUCCESS) on \Device\HarddiskVolume3\Windows\System32\winmm.dll
2450.5ce4: supR3HardenedDllNotificationCallback: load   00007ffef0000000 LB 0x00009000 C:\WINDOWS\SYSTEM32\MSVCP140_1.dll [fFlags=0x0]
2450.5ce4: supR3HardenedScreenImage/LdrLoadDll: cache hit (VINF_SUCCESS) on \Device\HarddiskVolume3\Windows\System32\msvcp140_1.dll [avoiding WinVerifyTrust]
2450.5ce4: supR3HardenedDllNotificationCallback: load   00007ffedfbc0000 LB 0x00029000 C:\WINDOWS\SYSTEM32\SRVCLI.DLL [fFlags=0x0]
2450.5ce4: supR3HardenedScreenImage/LdrLoadDll: cache hit (VINF_SUCCESS) on \Device\HarddiskVolume3\Windows\System32\srvcli.dll [avoiding WinVerifyTrust]
2450.5ce4: supR3HardenedDllNotificationCallback: load   00007fff05cb0000 LB 0x0000d000 C:\WINDOWS\SYSTEM32\NETUTILS.DLL [fFlags=0x0]
2450.5ce4: supR3HardenedScreenImage/LdrLoadDll: cache hit (VINF_SUCCESS) on \Device\HarddiskVolume3\Windows\System32\netutils.dll [avoiding WinVerifyTrust]
2450.5ce4: supR3HardenedDllNotificationCallback: load   00007ffe26620000 LB 0x005c3000 C:\Program Files\Oracle\VirtualBox\Qt6CoreVBox.dll [fFlags=0x0]
2450.5ce4: supR3HardenedDllNotificationCallback: load   00007fff073e0000 LB 0x0005e000 C:\WINDOWS\SYSTEM32\powrprof.dll [fFlags=0x0]
2450.5ce4: supR3HardenedScreenImage/LdrLoadDll: cache hit (VINF_SUCCESS) on \Device\HarddiskVolume3\Windows\System32\powrprof.dll [avoiding WinVerifyTrust]
2450.5ce4: supR3HardenedDllNotificationCallback: load   00007fff02950000 LB 0x0013c000 C:\WINDOWS\SYSTEM32\dxgi.dll [fFlags=0x0]
2450.5ce4: supR3HardenedScreenImage/LdrLoadDll: cache hit (VINF_SUCCESS) on \Device\HarddiskVolume3\Windows\System32\dxgi.dll [avoiding WinVerifyTrust]
2450.5ce4: supR3HardenedDllNotificationCallback: load   00007fff00bd0000 LB 0x00262000 C:\WINDOWS\SYSTEM32\d3d11.dll [fFlags=0x0]
2450.5ce4: supR3HardenedScreenImage/LdrLoadDll: cache hit (VINF_SUCCESS) on \Device\HarddiskVolume3\Windows\System32\d3d11.dll [avoiding WinVerifyTrust]
2450.5ce4: supR3HardenedDllNotificationCallback: load   00007ffe4a8d0000 LB 0x00023000 C:\WINDOWS\SYSTEM32\d3d12.dll [fFlags=0x0]
2450.5ce4: supR3HardenedScreenImage/LdrLoadDll: cache hit (VINF_SUCCESS) on \Device\HarddiskVolume3\Windows\System32\D3D12.dll [avoiding WinVerifyTrust]
2450.5ce4: supR3HardenedDllNotificationCallback: load   00007fff026e0000 LB 0x000ab000 C:\WINDOWS\SYSTEM32\UxTheme.dll [fFlags=0x0]
2450.5ce4: supR3HardenedScreenImage/LdrLoadDll: cache hit (22900) on \Device\HarddiskVolume3\Windows\System32\uxtheme.dll [avoiding WinVerifyTrust]
2450.5ce4: supR3HardenedDllNotificationCallback: load   00007fff00e40000 LB 0x00267000 C:\WINDOWS\SYSTEM32\DWrite.dll [fFlags=0x0]
2450.5ce4: supR3HardenedScreenImage/LdrLoadDll: cache hit (22900) on \Device\HarddiskVolume3\Windows\System32\DWrite.dll [avoiding WinVerifyTrust]
2450.5ce4: supR3HardenedDllNotificationCallback: load   00007ffee71a0000 LB 0x00044000 C:\WINDOWS\SYSTEM32\MSVCP140_2.dll [fFlags=0x0]
2450.5ce4: supR3HardenedScreenImage/LdrLoadDll: cache hit (VINF_SUCCESS) on \Device\HarddiskVolume3\Windows\System32\msvcp140_2.dll [avoiding WinVerifyTrust]
2450.5ce4: supR3HardenedDllNotificationCallback: load   00007ffe25d90000 LB 0x0088e000 C:\Program Files\Oracle\VirtualBox\Qt6GuiVBox.dll [fFlags=0x0]
2450.5ce4: supR3HardenedScreenImage/LdrLoadDll: cache hit (VINF_SUCCESS) on \Device\HarddiskVolume3\Program Files\Oracle\VirtualBox\Qt6GuiVBox.dll
2450.5ce4: supR3HardenedDllNotificationCallback: load   00007fff02ab0000 LB 0x00031000 C:\WINDOWS\SYSTEM32\dwmapi.dll [fFlags=0x0]
2450.5ce4: supR3HardenedScreenImage/LdrLoadDll: cache hit (VINF_SUCCESS) on \Device\HarddiskVolume3\Windows\System32\dwmapi.dll [avoiding WinVerifyTrust]
2450.5ce4: supR3HardenedDllNotificationCallback: load   00007ffe25760000 LB 0x0062a000 C:\Program Files\Oracle\VirtualBox\Qt6WidgetsVBox.dll [fFlags=0x0]
2450.5ce4: supR3HardenedScreenImage/LdrLoadDll: cache hit (VINF_SUCCESS) on \Device\HarddiskVolume3\Program Files\Oracle\VirtualBox\Qt6WidgetsVBox.dll
2450.5ce4: supR3HardenedDllNotificationCallback: load   00007ffee5ab0000 LB 0x0004d000 C:\Program Files\Oracle\VirtualBox\Qt6SqlVBox.dll [fFlags=0x0]
2450.5ce4: supR3HardenedScreenImage/LdrLoadDll: cache hit (VINF_SUCCESS) on \Device\HarddiskVolume3\Program Files\Oracle\VirtualBox\Qt6SqlVBox.dll [avoiding WinVerifyTrust]
2450.5ce4: supR3HardenedDllNotificationCallback: load   00007ffecb700000 LB 0x00092000 C:\Program Files\Oracle\VirtualBox\Qt6HelpVBox.dll [fFlags=0x0]
2450.5ce4: supR3HardenedScreenImage/LdrLoadDll: cache hit (VINF_SUCCESS) on \Device\HarddiskVolume3\Program Files\Oracle\VirtualBox\Qt6HelpVBox.dll
2450.5ce4: supR3HardenedDllNotificationCallback: load   00007ffee71f0000 LB 0x00055000 C:\Program Files\Oracle\VirtualBox\Qt6StateMachineVBox.dll [fFlags=0x0]
2450.5ce4: supR3HardenedScreenImage/LdrLoadDll: cache hit (VINF_SUCCESS) on \Device\HarddiskVolume3\Program Files\Oracle\VirtualBox\Qt6StateMachineVBox.dll
2450.5ce4: supR3HardenedDllNotificationCallback: load   00007fff08cb0000 LB 0x000d7000 C:\WINDOWS\System32\OLEAUT32.dll [fFlags=0x0]
2450.5ce4: supR3HardenedScreenImage/LdrLoadDll: cache hit (VINF_SUCCESS) on \Device\HarddiskVolume3\Windows\System32\oleaut32.dll
2450.5ce4: supR3HardenedDllNotificationCallback: load   00007ffe1f440000 LB 0x01b5d000 C:\Program Files\Oracle\VirtualBox\UICommon.dll [fFlags=0x0]
2450.5ce4: supR3HardenedScreenImage/LdrLoadDll: cache hit (VINF_SUCCESS) on \Device\HarddiskVolume3\Program Files\Oracle\VirtualBox\UICommon.dll
2450.5ce4: supR3HardenedDllNotificationCallback: load   00007ffec9ba0000 LB 0x00150000 C:\Program Files\Oracle\VirtualBox\VirtualBoxVM.dll [fFlags=0x0]
2450.5ce4: supR3HardenedScreenImage/LdrLoadDll: cache hit (VINF_SUCCESS) on \Device\HarddiskVolume3\Program Files\Oracle\VirtualBox\VirtualBoxVM.dll
2450.5ce4: supR3HardenedWinVerifyCacheScheduleImports: Import todo: #26 'win32u.dll'.
2450.5ce4: supHardenedWinVerifyImageByHandle: -> 0 (\Device\HarddiskVolume3\Windows\System32\imm32.dll)
2450.5ce4: supR3HardenedWinVerifyCacheInsert: \Device\HarddiskVolume3\Windows\System32\imm32.dll
2450.5ce4: supR3HardenedMonitor_NtCreateSection: NtMapViewOfSection failed on 000000000000055c (hFile=0000000000000588) with 0xc0000022 -> STATUS_TRUST_FAILURE
2450.5ce4: Detected loader lock ownership: rc=VINF_SUCCESS '\Device\HarddiskVolume3\Windows\System32\imm32.dll'.
2450.5ce4: supR3HardenedWinVerifyCacheProcessWvtTodos: 0 (was 0) fWinVerifyTrust=0 for '\Device\HarddiskVolume3\Windows\System32\imm32.dll' [rescheduled]
2450.5ce4: Detected loader lock ownership: rc=VINF_SUCCESS '\Device\HarddiskVolume3\Windows\System32\WinTypes.dll'.
2450.5ce4: supR3HardenedWinVerifyCacheProcessWvtTodos: 0 (was 0) fWinVerifyTrust=0 for '\Device\HarddiskVolume3\Windows\System32\WinTypes.dll' [rescheduled]
2450.5ce4: Detected loader lock ownership: rc=VINF_SUCCESS '\Device\HarddiskVolume3\Windows\System32\gdi32full.dll'.
2450.5ce4: supR3HardenedWinVerifyCacheProcessWvtTodos: 0 (was 0) fWinVerifyTrust=0 for '\Device\HarddiskVolume3\Windows\System32\gdi32full.dll' [rescheduled]
2450.5ce4: Detected loader lock ownership: rc=VINF_SUCCESS '\Device\HarddiskVolume3\Windows\System32\netutils.dll'.
2450.5ce4: supR3HardenedWinVerifyCacheProcessWvtTodos: 0 (was 0) fWinVerifyTrust=0 for '\Device\HarddiskVolume3\Windows\System32\netutils.dll' [rescheduled]
2450.5ce4: Detected loader lock ownership: rc=VINF_SUCCESS '\Device\HarddiskVolume3\Windows\System32\srvcli.dll'.
2450.5ce4: supR3HardenedWinVerifyCacheProcessWvtTodos: 0 (was 0) fWinVerifyTrust=0 for '\Device\HarddiskVolume3\Windows\System32\srvcli.dll' [rescheduled]
2450.5ce4: Detected loader lock ownership: rc=VINF_SUCCESS '\Device\HarddiskVolume3\Windows\System32\powrprof.dll'.
2450.5ce4: supR3HardenedWinVerifyCacheProcessWvtTodos: 0 (was 0) fWinVerifyTrust=0 for '\Device\HarddiskVolume3\Windows\System32\powrprof.dll' [rescheduled]
2450.5ce4: Detected loader lock ownership: rc=VINF_SUCCESS '\Device\HarddiskVolume3\Program Files\Oracle\VirtualBox\Qt6SqlVBox.dll'.
2450.5ce4: supR3HardenedWinVerifyCacheProcessWvtTodos: 0 (was 0) fWinVerifyTrust=0 for '\Device\HarddiskVolume3\Program Files\Oracle\VirtualBox\Qt6SqlVBox.dll' [rescheduled]
2450.5ce4: Detected loader lock ownership: rc=VINF_SUCCESS '\Device\HarddiskVolume3\Windows\System32\userenv.dll'.
2450.5ce4: supR3HardenedWinVerifyCacheProcessWvtTodos: 0 (was 0) fWinVerifyTrust=0 for '\Device\HarddiskVolume3\Windows\System32\userenv.dll' [rescheduled]
2450.5ce4: Detected loader lock ownership: rc=22900 '\Device\HarddiskVolume3\Windows\System32\authz.dll'.
2450.5ce4: supR3HardenedWinVerifyCacheProcessWvtTodos: 22900 (was 22900) fWinVerifyTrust=0 for '\Device\HarddiskVolume3\Windows\System32\authz.dll' [rescheduled]
2450.5ce4: Detected loader lock ownership: rc=VINF_SUCCESS '\Device\HarddiskVolume3\Windows\System32\netapi32.dll'.
2450.5ce4: supR3HardenedWinVerifyCacheProcessWvtTodos: 0 (was 0) fWinVerifyTrust=0 for '\Device\HarddiskVolume3\Windows\System32\netapi32.dll' [rescheduled]
2450.5ce4: Detected loader lock ownership: rc=VINF_SUCCESS '\Device\HarddiskVolume3\Windows\System32\version.dll'.
2450.5ce4: supR3HardenedWinVerifyCacheProcessWvtTodos: 0 (was 0) fWinVerifyTrust=0 for '\Device\HarddiskVolume3\Windows\System32\version.dll' [rescheduled]
2450.5ce4: Detected loader lock ownership: rc=VINF_SUCCESS '\Device\HarddiskVolume3\Windows\System32\d3d11.dll'.
2450.5ce4: supR3HardenedWinVerifyCacheProcessWvtTodos: 0 (was 0) fWinVerifyTrust=0 for '\Device\HarddiskVolume3\Windows\System32\d3d11.dll' [rescheduled]
2450.5ce4: Detected loader lock ownership: rc=VINF_SUCCESS '\Device\HarddiskVolume3\Windows\System32\dxgi.dll'.
2450.5ce4: supR3HardenedWinVerifyCacheProcessWvtTodos: 0 (was 0) fWinVerifyTrust=0 for '\Device\HarddiskVolume3\Windows\System32\dxgi.dll' [rescheduled]
2450.5ce4: Detected loader lock ownership: rc=VINF_SUCCESS '\Device\HarddiskVolume3\Windows\System32\D3D12.dll'.
2450.5ce4: supR3HardenedWinVerifyCacheProcessWvtTodos: 0 (was 0) fWinVerifyTrust=0 for '\Device\HarddiskVolume3\Windows\System32\D3D12.dll' [rescheduled]
2450.5ce4: Detected loader lock ownership: rc=VINF_SUCCESS '\Device\HarddiskVolume3\Windows\System32\shell32.dll'.
2450.5ce4: supR3HardenedWinVerifyCacheProcessWvtTodos: 0 (was 0) fWinVerifyTrust=0 for '\Device\HarddiskVolume3\Windows\System32\shell32.dll' [rescheduled]
2450.5ce4: Detected loader lock ownership: rc=22900 '\Device\HarddiskVolume3\Windows\System32\DWrite.dll'.
2450.5ce4: supR3HardenedWinVerifyCacheProcessWvtTodos: 22900 (was 22900) fWinVerifyTrust=0 for '\Device\HarddiskVolume3\Windows\System32\DWrite.dll' [rescheduled]
2450.5ce4: Detected loader lock ownership: rc=VINF_SUCCESS '\Device\HarddiskVolume3\Windows\System32\msvcp140_2.dll'.
2450.5ce4: supR3HardenedWinVerifyCacheProcessWvtTodos: 0 (was 0) fWinVerifyTrust=0 for '\Device\HarddiskVolume3\Windows\System32\msvcp140_2.dll' [rescheduled]
2450.5ce4: Detected loader lock ownership: rc=VINF_SUCCESS '\Device\HarddiskVolume3\Windows\System32\dwmapi.dll'.
2450.5ce4: supR3HardenedWinVerifyCacheProcessWvtTodos: 0 (was 0) fWinVerifyTrust=0 for '\Device\HarddiskVolume3\Windows\System32\dwmapi.dll' [rescheduled]
2450.5ce4: Detected loader lock ownership: rc=22900 '\Device\HarddiskVolume3\Windows\System32\uxtheme.dll'.
2450.5ce4: supR3HardenedWinVerifyCacheProcessWvtTodos: 22900 (was 22900) fWinVerifyTrust=0 for '\Device\HarddiskVolume3\Windows\System32\uxtheme.dll' [rescheduled]
2450.5ce4: Detected loader lock ownership: rc=VINF_SUCCESS '\Device\HarddiskVolume3\Windows\System32\msvcp140_1.dll'.
2450.5ce4: supR3HardenedWinVerifyCacheProcessWvtTodos: 0 (was 0) fWinVerifyTrust=0 for '\Device\HarddiskVolume3\Windows\System32\msvcp140_1.dll' [rescheduled]
2450.5ce4: Detected loader lock ownership: rc=VINF_SUCCESS '\Device\HarddiskVolume3\Windows\System32\win32u.dll'.
2450.5ce4: supR3HardenedWinVerifyCacheProcessWvtTodos: 0 (was 0) fWinVerifyTrust=0 for '\Device\HarddiskVolume3\Windows\System32\win32u.dll' [rescheduled]
2450.5ce4: Detected loader lock ownership: rc=VINF_SUCCESS '\Device\HarddiskVolume3\Windows\System32\gdi32.dll'.
2450.5ce4: supR3HardenedWinVerifyCacheProcessWvtTodos: 0 (was 0) fWinVerifyTrust=0 for '\Device\HarddiskVolume3\Windows\System32\gdi32.dll' [rescheduled]
2450.5ce4: Detected loader lock ownership: rc=VINF_SUCCESS '\Device\HarddiskVolume3\Windows\System32\combase.dll'.
2450.5ce4: supR3HardenedWinVerifyCacheProcessWvtTodos: 0 (was 0) fWinVerifyTrust=0 for '\Device\HarddiskVolume3\Windows\System32\combase.dll' [rescheduled]
2450.5ce4: supR3HardenedScreenImage/LdrLoadDll: cache hit (VINF_SUCCESS) on \Device\HarddiskVolume3\Windows\System32\imm32.dll [redoing WinVerifyTrust]
2450.5ce4: Detected loader lock ownership: rc=VINF_SUCCESS '\Device\HarddiskVolume3\Windows\System32\imm32.dll'.
2450.5ce4: supR3HardenedScreenImage/LdrLoadDll: WinVerifyTrust not available, rescheduling \Device\HarddiskVolume3\Windows\System32\imm32.dll
2450.5ce4: supR3HardenedWinVerifyCacheProcessImportTodos: Processing 'win32u.dll'...
2450.5ce4: supR3HardenedWinVerifyCacheProcessImportTodos: 'win32u.dll' -> '\Device\HarddiskVolume3\Windows\System32\win32u.dll' [rcNtRedir=0xc0150008]
2450.5ce4: supR3HardenedScreenImage/Imports: cache hit (VINF_SUCCESS) on \Device\HarddiskVolume3\Windows\System32\win32u.dll [redoing WinVerifyTrust]
2450.5ce4: Detected loader lock ownership: rc=VINF_SUCCESS '\Device\HarddiskVolume3\Windows\System32\win32u.dll'.
2450.5ce4: supR3HardenedScreenImage/Imports: WinVerifyTrust not available, rescheduling \Device\HarddiskVolume3\Windows\System32\win32u.dll
2450.5ce4: supR3HardenedWinVerifyCacheProcessImportTodos: Processing 'combase.dll'...
2450.5ce4: supR3HardenedWinVerifyCacheProcessImportTodos: 'combase.dll' -> '\Device\HarddiskVolume3\Windows\System32\combase.dll' [rcNtRedir=0xc0150008]
2450.5ce4: supR3HardenedScreenImage/Imports: cache hit (VINF_SUCCESS) on \Device\HarddiskVolume3\Windows\System32\combase.dll [redoing WinVerifyTrust]
2450.5ce4: Detected loader lock ownership: rc=VINF_SUCCESS '\Device\HarddiskVolume3\Windows\System32\combase.dll'.
2450.5ce4: supR3HardenedScreenImage/Imports: WinVerifyTrust not available, rescheduling \Device\HarddiskVolume3\Windows\System32\combase.dll
2450.5ce4: supR3HardenedWinVerifyCacheProcessImportTodos: Processing 'win32u.dll'...
2450.5ce4: supR3HardenedWinVerifyCacheProcessImportTodos: 'win32u.dll' -> '\Device\HarddiskVolume3\Windows\System32\win32u.dll' [rcNtRedir=0xc0150008]
2450.5ce4: supR3HardenedScreenImage/Imports: cache hit (VINF_SUCCESS) on \Device\HarddiskVolume3\Windows\System32\win32u.dll [redoing WinVerifyTrust]
2450.5ce4: Detected loader lock ownership: rc=VINF_SUCCESS '\Device\HarddiskVolume3\Windows\System32\win32u.dll'.
2450.5ce4: supR3HardenedScreenImage/Imports: WinVerifyTrust not available, rescheduling \Device\HarddiskVolume3\Windows\System32\win32u.dll
2450.5ce4: supR3HardenedWinVerifyCacheProcessImportTodos: Processing 'user32.dll'...
2450.5ce4: supR3HardenedWinVerifyCacheProcessImportTodos: 'user32.dll' -> '\Device\HarddiskVolume3\Windows\System32\user32.dll' [rcNtRedir=0xc0150008]
2450.5ce4: supR3HardenedWinVerifyCacheProcessImportTodos: Processing 'gdi32.dll'...
2450.5ce4: supR3HardenedWinVerifyCacheProcessImportTodos: 'gdi32.dll' -> '\Device\HarddiskVolume3\Windows\System32\gdi32.dll' [rcNtRedir=0xc0150008]
2450.5ce4: supR3HardenedScreenImage/Imports: cache hit (VINF_SUCCESS) on \Device\HarddiskVolume3\Windows\System32\gdi32.dll [redoing WinVerifyTrust]
2450.5ce4: Detected loader lock ownership: rc=VINF_SUCCESS '\Device\HarddiskVolume3\Windows\System32\gdi32.dll'.
2450.5ce4: supR3HardenedScreenImage/Imports: WinVerifyTrust not available, rescheduling \Device\HarddiskVolume3\Windows\System32\gdi32.dll
2450.5ce4: supR3HardenedWinVerifyCacheProcessImportTodos: Processing 'msvcp_win.dll'...
2450.5ce4: supR3HardenedWinVerifyCacheProcessImportTodos: 'msvcp_win.dll' -> '\Device\HarddiskVolume3\Windows\System32\msvcp_win.dll' [rcNtRedir=0xc0150008]
2450.5ce4: supR3HardenedWinVerifyCacheProcessImportTodos: Processing 'rpcrt4.dll'...
2450.5ce4: supR3HardenedWinVerifyCacheProcessImportTodos: 'rpcrt4.dll' -> '\Device\HarddiskVolume3\Windows\System32\rpcrt4.dll' [rcNtRedir=0xc0150008]
2450.5ce4: supR3HardenedWinVerifyCacheProcessImportTodos: Processing 'rpcrt4.dll'...
2450.5ce4: supR3HardenedWinVerifyCacheProcessImportTodos: 'rpcrt4.dll' -> '\Device\HarddiskVolume3\Windows\System32\rpcrt4.dll' [rcNtRedir=0xc0150008]
2450.5ce4: supR3HardenedMonitor_LdrLoadDll: pName=C:\WINDOWS\system32\IMM32.DLL (rcNtResolve=0xc0150008) *pfFlags=0x0 pwszSearchPath=0000000000000009:<flags> [calling]
2450.5ce4: supR3HardenedDllNotificationCallback: load   00007fff0a630000 LB 0x00031000 C:\WINDOWS\System32\IMM32.DLL [fFlags=0x0]
2450.5ce4: supR3HardenedScreenImage/LdrLoadDll: cache hit (VINF_SUCCESS) on \Device\HarddiskVolume3\Windows\System32\imm32.dll [avoiding WinVerifyTrust]
2450.5ce4: supR3HardenedMonitor_LdrLoadDll: returns rcNt=0x0 hMod=00007fff0a630000 'C:\WINDOWS\system32\IMM32.DLL'
2450.5ce4: Detected loader lock ownership: rc=VINF_SUCCESS '\Device\HarddiskVolume3\Windows\System32\imm32.dll'.
2450.5ce4: supR3HardenedWinVerifyCacheProcessWvtTodos: 0 (was 0) fWinVerifyTrust=0 for '\Device\HarddiskVolume3\Windows\System32\imm32.dll' [rescheduled]
2450.5ce4: Detected loader lock ownership: rc=VINF_SUCCESS '\Device\HarddiskVolume3\Windows\System32\WinTypes.dll'.
2450.5ce4: supR3HardenedWinVerifyCacheProcessWvtTodos: 0 (was 0) fWinVerifyTrust=0 for '\Device\HarddiskVolume3\Windows\System32\WinTypes.dll' [rescheduled]
2450.5ce4: Detected loader lock ownership: rc=VINF_SUCCESS '\Device\HarddiskVolume3\Windows\System32\gdi32full.dll'.
2450.5ce4: supR3HardenedWinVerifyCacheProcessWvtTodos: 0 (was 0) fWinVerifyTrust=0 for '\Device\HarddiskVolume3\Windows\System32\gdi32full.dll' [rescheduled]
2450.5ce4: Detected loader lock ownership: rc=VINF_SUCCESS '\Device\HarddiskVolume3\Windows\System32\netutils.dll'.
2450.5ce4: supR3HardenedWinVerifyCacheProcessWvtTodos: 0 (was 0) fWinVerifyTrust=0 for '\Device\HarddiskVolume3\Windows\System32\netutils.dll' [rescheduled]
2450.5ce4: Detected loader lock ownership: rc=VINF_SUCCESS '\Device\HarddiskVolume3\Windows\System32\srvcli.dll'.
2450.5ce4: supR3HardenedWinVerifyCacheProcessWvtTodos: 0 (was 0) fWinVerifyTrust=0 for '\Device\HarddiskVolume3\Windows\System32\srvcli.dll' [rescheduled]
2450.5ce4: Detected loader lock ownership: rc=VINF_SUCCESS '\Device\HarddiskVolume3\Windows\System32\powrprof.dll'.
2450.5ce4: supR3HardenedWinVerifyCacheProcessWvtTodos: 0 (was 0) fWinVerifyTrust=0 for '\Device\HarddiskVolume3\Windows\System32\powrprof.dll' [rescheduled]
2450.5ce4: Detected loader lock ownership: rc=VINF_SUCCESS '\Device\HarddiskVolume3\Program Files\Oracle\VirtualBox\Qt6SqlVBox.dll'.
2450.5ce4: supR3HardenedWinVerifyCacheProcessWvtTodos: 0 (was 0) fWinVerifyTrust=0 for '\Device\HarddiskVolume3\Program Files\Oracle\VirtualBox\Qt6SqlVBox.dll' [rescheduled]
2450.5ce4: Detected loader lock ownership: rc=VINF_SUCCESS '\Device\HarddiskVolume3\Windows\System32\userenv.dll'.
2450.5ce4: supR3HardenedWinVerifyCacheProcessWvtTodos: 0 (was 0) fWinVerifyTrust=0 for '\Device\HarddiskVolume3\Windows\System32\userenv.dll' [rescheduled]
2450.5ce4: Detected loader lock ownership: rc=22900 '\Device\HarddiskVolume3\Windows\System32\authz.dll'.
2450.5ce4: supR3HardenedWinVerifyCacheProcessWvtTodos: 22900 (was 22900) fWinVerifyTrust=0 for '\Device\HarddiskVolume3\Windows\System32\authz.dll' [rescheduled]
2450.5ce4: Detected loader lock ownership: rc=VINF_SUCCESS '\Device\HarddiskVolume3\Windows\System32\netapi32.dll'.
2450.5ce4: supR3HardenedWinVerifyCacheProcessWvtTodos: 0 (was 0) fWinVerifyTrust=0 for '\Device\HarddiskVolume3\Windows\System32\netapi32.dll' [rescheduled]
2450.5ce4: Detected loader lock ownership: rc=VINF_SUCCESS '\Device\HarddiskVolume3\Windows\System32\version.dll'.
2450.5ce4: supR3HardenedWinVerifyCacheProcessWvtTodos: 0 (was 0) fWinVerifyTrust=0 for '\Device\HarddiskVolume3\Windows\System32\version.dll' [rescheduled]
2450.5ce4: Detected loader lock ownership: rc=VINF_SUCCESS '\Device\HarddiskVolume3\Windows\System32\d3d11.dll'.
2450.5ce4: supR3HardenedWinVerifyCacheProcessWvtTodos: 0 (was 0) fWinVerifyTrust=0 for '\Device\HarddiskVolume3\Windows\System32\d3d11.dll' [rescheduled]
2450.5ce4: Detected loader lock ownership: rc=VINF_SUCCESS '\Device\HarddiskVolume3\Windows\System32\dxgi.dll'.
2450.5ce4: supR3HardenedWinVerifyCacheProcessWvtTodos: 0 (was 0) fWinVerifyTrust=0 for '\Device\HarddiskVolume3\Windows\System32\dxgi.dll' [rescheduled]
2450.5ce4: Detected loader lock ownership: rc=VINF_SUCCESS '\Device\HarddiskVolume3\Windows\System32\D3D12.dll'.
2450.5ce4: supR3HardenedWinVerifyCacheProcessWvtTodos: 0 (was 0) fWinVerifyTrust=0 for '\Device\HarddiskVolume3\Windows\System32\D3D12.dll' [rescheduled]
2450.5ce4: Detected loader lock ownership: rc=VINF_SUCCESS '\Device\HarddiskVolume3\Windows\System32\shell32.dll'.
2450.5ce4: supR3HardenedWinVerifyCacheProcessWvtTodos: 0 (was 0) fWinVerifyTrust=0 for '\Device\HarddiskVolume3\Windows\System32\shell32.dll' [rescheduled]
2450.5ce4: Detected loader lock ownership: rc=22900 '\Device\HarddiskVolume3\Windows\System32\DWrite.dll'.
2450.5ce4: supR3HardenedWinVerifyCacheProcessWvtTodos: 22900 (was 22900) fWinVerifyTrust=0 for '\Device\HarddiskVolume3\Windows\System32\DWrite.dll' [rescheduled]
2450.5ce4: Detected loader lock ownership: rc=VINF_SUCCESS '\Device\HarddiskVolume3\Windows\System32\msvcp140_2.dll'.
2450.5ce4: supR3HardenedWinVerifyCacheProcessWvtTodos: 0 (was 0) fWinVerifyTrust=0 for '\Device\HarddiskVolume3\Windows\System32\msvcp140_2.dll' [rescheduled]
2450.5ce4: Detected loader lock ownership: rc=VINF_SUCCESS '\Device\HarddiskVolume3\Windows\System32\dwmapi.dll'.
2450.5ce4: supR3HardenedWinVerifyCacheProcessWvtTodos: 0 (was 0) fWinVerifyTrust=0 for '\Device\HarddiskVolume3\Windows\System32\dwmapi.dll' [rescheduled]
2450.5ce4: Detected loader lock ownership: rc=22900 '\Device\HarddiskVolume3\Windows\System32\uxtheme.dll'.
2450.5ce4: supR3HardenedWinVerifyCacheProcessWvtTodos: 22900 (was 22900) fWinVerifyTrust=0 for '\Device\HarddiskVolume3\Windows\System32\uxtheme.dll' [rescheduled]
2450.5ce4: Detected loader lock ownership: rc=VINF_SUCCESS '\Device\HarddiskVolume3\Windows\System32\msvcp140_1.dll'.
2450.5ce4: supR3HardenedWinVerifyCacheProcessWvtTodos: 0 (was 0) fWinVerifyTrust=0 for '\Device\HarddiskVolume3\Windows\System32\msvcp140_1.dll' [rescheduled]
2450.5ce4: Detected loader lock ownership: rc=VINF_SUCCESS '\Device\HarddiskVolume3\Windows\System32\win32u.dll'.
2450.5ce4: supR3HardenedWinVerifyCacheProcessWvtTodos: 0 (was 0) fWinVerifyTrust=0 for '\Device\HarddiskVolume3\Windows\System32\win32u.dll' [rescheduled]
2450.5ce4: Detected loader lock ownership: rc=VINF_SUCCESS '\Device\HarddiskVolume3\Windows\System32\gdi32.dll'.
2450.5ce4: supR3HardenedWinVerifyCacheProcessWvtTodos: 0 (was 0) fWinVerifyTrust=0 for '\Device\HarddiskVolume3\Windows\System32\gdi32.dll' [rescheduled]
2450.5ce4: Detected loader lock ownership: rc=VINF_SUCCESS '\Device\HarddiskVolume3\Windows\System32\combase.dll'.
2450.5ce4: supR3HardenedWinVerifyCacheProcessWvtTodos: 0 (was 0) fWinVerifyTrust=0 for '\Device\HarddiskVolume3\Windows\System32\combase.dll' [rescheduled]
2450.5ce4: supHardenedWinVerifyImageByHandle: -> 0 (\Device\HarddiskVolume3\Windows\System32\umpdc.dll)
2450.5ce4: supR3HardenedWinVerifyCacheInsert: \Device\HarddiskVolume3\Windows\System32\umpdc.dll
2450.5ce4: supR3HardenedDllNotificationCallback: load   00007fff073c0000 LB 0x00014000 C:\WINDOWS\SYSTEM32\UMPDC.dll [fFlags=0x0]
2450.5ce4: supR3HardenedScreenImage/LdrLoadDll: cache hit (VINF_SUCCESS) on \Device\HarddiskVolume3\Windows\System32\umpdc.dll [avoiding WinVerifyTrust]
2450.5ce4: Detected loader lock ownership: rc=VINF_SUCCESS '\Device\HarddiskVolume3\Windows\System32\umpdc.dll'.
2450.5ce4: supR3HardenedWinVerifyCacheProcessWvtTodos: 0 (was 0) fWinVerifyTrust=0 for '\Device\HarddiskVolume3\Windows\System32\umpdc.dll' [rescheduled]
2450.5ce4: Detected loader lock ownership: rc=VINF_SUCCESS '\Device\HarddiskVolume3\Windows\System32\imm32.dll'.
2450.5ce4: supR3HardenedWinVerifyCacheProcessWvtTodos: 0 (was 0) fWinVerifyTrust=0 for '\Device\HarddiskVolume3\Windows\System32\imm32.dll' [rescheduled]
2450.5ce4: Detected loader lock ownership: rc=VINF_SUCCESS '\Device\HarddiskVolume3\Windows\System32\WinTypes.dll'.
2450.5ce4: supR3HardenedWinVerifyCacheProcessWvtTodos: 0 (was 0) fWinVerifyTrust=0 for '\Device\HarddiskVolume3\Windows\System32\WinTypes.dll' [rescheduled]
2450.5ce4: Detected loader lock ownership: rc=VINF_SUCCESS '\Device\HarddiskVolume3\Windows\System32\gdi32full.dll'.
2450.5ce4: supR3HardenedWinVerifyCacheProcessWvtTodos: 0 (was 0) fWinVerifyTrust=0 for '\Device\HarddiskVolume3\Windows\System32\gdi32full.dll' [rescheduled]
2450.5ce4: Detected loader lock ownership: rc=VINF_SUCCESS '\Device\HarddiskVolume3\Windows\System32\netutils.dll'.
2450.5ce4: supR3HardenedWinVerifyCacheProcessWvtTodos: 0 (was 0) fWinVerifyTrust=0 for '\Device\HarddiskVolume3\Windows\System32\netutils.dll' [rescheduled]
2450.5ce4: Detected loader lock ownership: rc=VINF_SUCCESS '\Device\HarddiskVolume3\Windows\System32\srvcli.dll'.
2450.5ce4: supR3HardenedWinVerifyCacheProcessWvtTodos: 0 (was 0) fWinVerifyTrust=0 for '\Device\HarddiskVolume3\Windows\System32\srvcli.dll' [rescheduled]
2450.5ce4: Detected loader lock ownership: rc=VINF_SUCCESS '\Device\HarddiskVolume3\Windows\System32\powrprof.dll'.
2450.5ce4: supR3HardenedWinVerifyCacheProcessWvtTodos: 0 (was 0) fWinVerifyTrust=0 for '\Device\HarddiskVolume3\Windows\System32\powrprof.dll' [rescheduled]
2450.5ce4: Detected loader lock ownership: rc=VINF_SUCCESS '\Device\HarddiskVolume3\Program Files\Oracle\VirtualBox\Qt6SqlVBox.dll'.
2450.5ce4: supR3HardenedWinVerifyCacheProcessWvtTodos: 0 (was 0) fWinVerifyTrust=0 for '\Device\HarddiskVolume3\Program Files\Oracle\VirtualBox\Qt6SqlVBox.dll' [rescheduled]
2450.5ce4: Detected loader lock ownership: rc=VINF_SUCCESS '\Device\HarddiskVolume3\Windows\System32\userenv.dll'.
2450.5ce4: supR3HardenedWinVerifyCacheProcessWvtTodos: 0 (was 0) fWinVerifyTrust=0 for '\Device\HarddiskVolume3\Windows\System32\userenv.dll' [rescheduled]
2450.5ce4: Detected loader lock ownership: rc=22900 '\Device\HarddiskVolume3\Windows\System32\authz.dll'.
2450.5ce4: supR3HardenedWinVerifyCacheProcessWvtTodos: 22900 (was 22900) fWinVerifyTrust=0 for '\Device\HarddiskVolume3\Windows\System32\authz.dll' [rescheduled]
2450.5ce4: Detected loader lock ownership: rc=VINF_SUCCESS '\Device\HarddiskVolume3\Windows\System32\netapi32.dll'.
2450.5ce4: supR3HardenedWinVerifyCacheProcessWvtTodos: 0 (was 0) fWinVerifyTrust=0 for '\Device\HarddiskVolume3\Windows\System32\netapi32.dll' [rescheduled]
2450.5ce4: Detected loader lock ownership: rc=VINF_SUCCESS '\Device\HarddiskVolume3\Windows\System32\version.dll'.
2450.5ce4: supR3HardenedWinVerifyCacheProcessWvtTodos: 0 (was 0) fWinVerifyTrust=0 for '\Device\HarddiskVolume3\Windows\System32\version.dll' [rescheduled]
2450.5ce4: Detected loader lock ownership: rc=VINF_SUCCESS '\Device\HarddiskVolume3\Windows\System32\d3d11.dll'.
2450.5ce4: supR3HardenedWinVerifyCacheProcessWvtTodos: 0 (was 0) fWinVerifyTrust=0 for '\Device\HarddiskVolume3\Windows\System32\d3d11.dll' [rescheduled]
2450.5ce4: Detected loader lock ownership: rc=VINF_SUCCESS '\Device\HarddiskVolume3\Windows\System32\dxgi.dll'.
2450.5ce4: supR3HardenedWinVerifyCacheProcessWvtTodos: 0 (was 0) fWinVerifyTrust=0 for '\Device\HarddiskVolume3\Windows\System32\dxgi.dll' [rescheduled]
2450.5ce4: Detected loader lock ownership: rc=VINF_SUCCESS '\Device\HarddiskVolume3\Windows\System32\D3D12.dll'.
2450.5ce4: supR3HardenedWinVerifyCacheProcessWvtTodos: 0 (was 0) fWinVerifyTrust=0 for '\Device\HarddiskVolume3\Windows\System32\D3D12.dll' [rescheduled]
2450.5ce4: Detected loader lock ownership: rc=VINF_SUCCESS '\Device\HarddiskVolume3\Windows\System32\shell32.dll'.
2450.5ce4: supR3HardenedWinVerifyCacheProcessWvtTodos: 0 (was 0) fWinVerifyTrust=0 for '\Device\HarddiskVolume3\Windows\System32\shell32.dll' [rescheduled]
2450.5ce4: Detected loader lock ownership: rc=22900 '\Device\HarddiskVolume3\Windows\System32\DWrite.dll'.
2450.5ce4: supR3HardenedWinVerifyCacheProcessWvtTodos: 22900 (was 22900) fWinVerifyTrust=0 for '\Device\HarddiskVolume3\Windows\System32\DWrite.dll' [rescheduled]
2450.5ce4: Detected loader lock ownership: rc=VINF_SUCCESS '\Device\HarddiskVolume3\Windows\System32\msvcp140_2.dll'.
2450.5ce4: supR3HardenedWinVerifyCacheProcessWvtTodos: 0 (was 0) fWinVerifyTrust=0 for '\Device\HarddiskVolume3\Windows\System32\msvcp140_2.dll' [rescheduled]
2450.5ce4: Detected loader lock ownership: rc=VINF_SUCCESS '\Device\HarddiskVolume3\Windows\System32\dwmapi.dll'.
2450.5ce4: supR3HardenedWinVerifyCacheProcessWvtTodos: 0 (was 0) fWinVerifyTrust=0 for '\Device\HarddiskVolume3\Windows\System32\dwmapi.dll' [rescheduled]
2450.5ce4: Detected loader lock ownership: rc=22900 '\Device\HarddiskVolume3\Windows\System32\uxtheme.dll'.
2450.5ce4: supR3HardenedWinVerifyCacheProcessWvtTodos: 22900 (was 22900) fWinVerifyTrust=0 for '\Device\HarddiskVolume3\Windows\System32\uxtheme.dll' [rescheduled]
2450.5ce4: Detected loader lock ownership: rc=VINF_SUCCESS '\Device\HarddiskVolume3\Windows\System32\msvcp140_1.dll'.
2450.5ce4: supR3HardenedWinVerifyCacheProcessWvtTodos: 0 (was 0) fWinVerifyTrust=0 for '\Device\HarddiskVolume3\Windows\System32\msvcp140_1.dll' [rescheduled]
2450.5ce4: Detected loader lock ownership: rc=VINF_SUCCESS '\Device\HarddiskVolume3\Windows\System32\win32u.dll'.
2450.5ce4: supR3HardenedWinVerifyCacheProcessWvtTodos: 0 (was 0) fWinVerifyTrust=0 for '\Device\HarddiskVolume3\Windows\System32\win32u.dll' [rescheduled]
2450.5ce4: Detected loader lock ownership: rc=VINF_SUCCESS '\Device\HarddiskVolume3\Windows\System32\gdi32.dll'.
2450.5ce4: supR3HardenedWinVerifyCacheProcessWvtTodos: 0 (was 0) fWinVerifyTrust=0 for '\Device\HarddiskVolume3\Windows\System32\gdi32.dll' [rescheduled]
2450.5ce4: Detected loader lock ownership: rc=VINF_SUCCESS '\Device\HarddiskVolume3\Windows\System32\combase.dll'.
2450.5ce4: supR3HardenedWinVerifyCacheProcessWvtTodos: 0 (was 0) fWinVerifyTrust=0 for '\Device\HarddiskVolume3\Windows\System32\combase.dll' [rescheduled]
2450.5ce4: supR3HardenedScreenImage/LdrLoadDll: cache hit (VINF_SUCCESS) on \Device\HarddiskVolume3\Windows\System32\gdi32.dll [redoing WinVerifyTrust]
2450.5ce4: Detected loader lock ownership: rc=VINF_SUCCESS '\Device\HarddiskVolume3\Windows\System32\gdi32.dll'.
2450.5ce4: supR3HardenedScreenImage/LdrLoadDll: WinVerifyTrust not available, rescheduling \Device\HarddiskVolume3\Windows\System32\gdi32.dll
2450.5ce4: supR3HardenedMonitor_LdrLoadDll: returns rcNt=0x0 hMod=00007fff09e20000 'C:\WINDOWS\System32\gdi32.dll'
2450.5ce4: Detected loader lock ownership: rc=VINF_SUCCESS '\Device\HarddiskVolume3\Windows\System32\umpdc.dll'.
2450.5ce4: supR3HardenedWinVerifyCacheProcessWvtTodos: 0 (was 0) fWinVerifyTrust=0 for '\Device\HarddiskVolume3\Windows\System32\umpdc.dll' [rescheduled]
2450.5ce4: Detected loader lock ownership: rc=VINF_SUCCESS '\Device\HarddiskVolume3\Windows\System32\imm32.dll'.
2450.5ce4: supR3HardenedWinVerifyCacheProcessWvtTodos: 0 (was 0) fWinVerifyTrust=0 for '\Device\HarddiskVolume3\Windows\System32\imm32.dll' [rescheduled]
2450.5ce4: Detected loader lock ownership: rc=VINF_SUCCESS '\Device\HarddiskVolume3\Windows\System32\WinTypes.dll'.
2450.5ce4: supR3HardenedWinVerifyCacheProcessWvtTodos: 0 (was 0) fWinVerifyTrust=0 for '\Device\HarddiskVolume3\Windows\System32\WinTypes.dll' [rescheduled]
2450.5ce4: Detected loader lock ownership: rc=VINF_SUCCESS '\Device\HarddiskVolume3\Windows\System32\gdi32full.dll'.
2450.5ce4: supR3HardenedWinVerifyCacheProcessWvtTodos: 0 (was 0) fWinVerifyTrust=0 for '\Device\HarddiskVolume3\Windows\System32\gdi32full.dll' [rescheduled]
2450.5ce4: Detected loader lock ownership: rc=VINF_SUCCESS '\Device\HarddiskVolume3\Windows\System32\netutils.dll'.
2450.5ce4: supR3HardenedWinVerifyCacheProcessWvtTodos: 0 (was 0) fWinVerifyTrust=0 for '\Device\HarddiskVolume3\Windows\System32\netutils.dll' [rescheduled]
2450.5ce4: Detected loader lock ownership: rc=VINF_SUCCESS '\Device\HarddiskVolume3\Windows\System32\srvcli.dll'.
2450.5ce4: supR3HardenedWinVerifyCacheProcessWvtTodos: 0 (was 0) fWinVerifyTrust=0 for '\Device\HarddiskVolume3\Windows\System32\srvcli.dll' [rescheduled]
2450.5ce4: Detected loader lock ownership: rc=VINF_SUCCESS '\Device\HarddiskVolume3\Windows\System32\powrprof.dll'.
2450.5ce4: supR3HardenedWinVerifyCacheProcessWvtTodos: 0 (was 0) fWinVerifyTrust=0 for '\Device\HarddiskVolume3\Windows\System32\powrprof.dll' [rescheduled]
2450.5ce4: Detected loader lock ownership: rc=VINF_SUCCESS '\Device\HarddiskVolume3\Program Files\Oracle\VirtualBox\Qt6SqlVBox.dll'.
2450.5ce4: supR3HardenedWinVerifyCacheProcessWvtTodos: 0 (was 0) fWinVerifyTrust=0 for '\Device\HarddiskVolume3\Program Files\Oracle\VirtualBox\Qt6SqlVBox.dll' [rescheduled]
2450.5ce4: Detected loader lock ownership: rc=VINF_SUCCESS '\Device\HarddiskVolume3\Windows\System32\userenv.dll'.
2450.5ce4: supR3HardenedWinVerifyCacheProcessWvtTodos: 0 (was 0) fWinVerifyTrust=0 for '\Device\HarddiskVolume3\Windows\System32\userenv.dll' [rescheduled]
2450.5ce4: Detected loader lock ownership: rc=22900 '\Device\HarddiskVolume3\Windows\System32\authz.dll'.
2450.5ce4: supR3HardenedWinVerifyCacheProcessWvtTodos: 22900 (was 22900) fWinVerifyTrust=0 for '\Device\HarddiskVolume3\Windows\System32\authz.dll' [rescheduled]
2450.5ce4: Detected loader lock ownership: rc=VINF_SUCCESS '\Device\HarddiskVolume3\Windows\System32\netapi32.dll'.
2450.5ce4: supR3HardenedWinVerifyCacheProcessWvtTodos: 0 (was 0) fWinVerifyTrust=0 for '\Device\HarddiskVolume3\Windows\System32\netapi32.dll' [rescheduled]
2450.5ce4: Detected loader lock ownership: rc=VINF_SUCCESS '\Device\HarddiskVolume3\Windows\System32\version.dll'.
2450.5ce4: supR3HardenedWinVerifyCacheProcessWvtTodos: 0 (was 0) fWinVerifyTrust=0 for '\Device\HarddiskVolume3\Windows\System32\version.dll' [rescheduled]
2450.5ce4: Detected loader lock ownership: rc=VINF_SUCCESS '\Device\HarddiskVolume3\Windows\System32\d3d11.dll'.
2450.5ce4: supR3HardenedWinVerifyCacheProcessWvtTodos: 0 (was 0) fWinVerifyTrust=0 for '\Device\HarddiskVolume3\Windows\System32\d3d11.dll' [rescheduled]
2450.5ce4: Detected loader lock ownership: rc=VINF_SUCCESS '\Device\HarddiskVolume3\Windows\System32\dxgi.dll'.
2450.5ce4: supR3HardenedWinVerifyCacheProcessWvtTodos: 0 (was 0) fWinVerifyTrust=0 for '\Device\HarddiskVolume3\Windows\System32\dxgi.dll' [rescheduled]
2450.5ce4: Detected loader lock ownership: rc=VINF_SUCCESS '\Device\HarddiskVolume3\Windows\System32\D3D12.dll'.
2450.5ce4: supR3HardenedWinVerifyCacheProcessWvtTodos: 0 (was 0) fWinVerifyTrust=0 for '\Device\HarddiskVolume3\Windows\System32\D3D12.dll' [rescheduled]
2450.5ce4: Detected loader lock ownership: rc=VINF_SUCCESS '\Device\HarddiskVolume3\Windows\System32\shell32.dll'.
2450.5ce4: supR3HardenedWinVerifyCacheProcessWvtTodos: 0 (was 0) fWinVerifyTrust=0 for '\Device\HarddiskVolume3\Windows\System32\shell32.dll' [rescheduled]
2450.5ce4: Detected loader lock ownership: rc=22900 '\Device\HarddiskVolume3\Windows\System32\DWrite.dll'.
2450.5ce4: supR3HardenedWinVerifyCacheProcessWvtTodos: 22900 (was 22900) fWinVerifyTrust=0 for '\Device\HarddiskVolume3\Windows\System32\DWrite.dll' [rescheduled]
2450.5ce4: Detected loader lock ownership: rc=VINF_SUCCESS '\Device\HarddiskVolume3\Windows\System32\msvcp140_2.dll'.
2450.5ce4: supR3HardenedWinVerifyCacheProcessWvtTodos: 0 (was 0) fWinVerifyTrust=0 for '\Device\HarddiskVolume3\Windows\System32\msvcp140_2.dll' [rescheduled]
2450.5ce4: Detected loader lock ownership: rc=VINF_SUCCESS '\Device\HarddiskVolume3\Windows\System32\dwmapi.dll'.
2450.5ce4: supR3HardenedWinVerifyCacheProcessWvtTodos: 0 (was 0) fWinVerifyTrust=0 for '\Device\HarddiskVolume3\Windows\System32\dwmapi.dll' [rescheduled]
2450.5ce4: Detected loader lock ownership: rc=22900 '\Device\HarddiskVolume3\Windows\System32\uxtheme.dll'.
2450.5ce4: supR3HardenedWinVerifyCacheProcessWvtTodos: 22900 (was 22900) fWinVerifyTrust=0 for '\Device\HarddiskVolume3\Windows\System32\uxtheme.dll' [rescheduled]
2450.5ce4: Detected loader lock ownership: rc=VINF_SUCCESS '\Device\HarddiskVolume3\Windows\System32\msvcp140_1.dll'.
2450.5ce4: supR3HardenedWinVerifyCacheProcessWvtTodos: 0 (was 0) fWinVerifyTrust=0 for '\Device\HarddiskVolume3\Windows\System32\msvcp140_1.dll' [rescheduled]
2450.5ce4: Detected loader lock ownership: rc=VINF_SUCCESS '\Device\HarddiskVolume3\Windows\System32\win32u.dll'.
2450.5ce4: supR3HardenedWinVerifyCacheProcessWvtTodos: 0 (was 0) fWinVerifyTrust=0 for '\Device\HarddiskVolume3\Windows\System32\win32u.dll' [rescheduled]
2450.5ce4: Detected loader lock ownership: rc=VINF_SUCCESS '\Device\HarddiskVolume3\Windows\System32\gdi32.dll'.
2450.5ce4: supR3HardenedWinVerifyCacheProcessWvtTodos: 0 (was 0) fWinVerifyTrust=0 for '\Device\HarddiskVolume3\Windows\System32\gdi32.dll' [rescheduled]
2450.5ce4: Detected loader lock ownership: rc=VINF_SUCCESS '\Device\HarddiskVolume3\Windows\System32\combase.dll'.
2450.5ce4: supR3HardenedWinVerifyCacheProcessWvtTodos: 0 (was 0) fWinVerifyTrust=0 for '\Device\HarddiskVolume3\Windows\System32\combase.dll' [rescheduled]
2450.5ce4: supR3HardenedMonitor_LdrLoadDll: returns rcNt=0x0 hMod=00007ffec9ba0000 'C:\Program Files\Oracle\VirtualBox\VirtualBoxVM.dll'
2450.5ce4: supR3HardenedMonitor_LdrLoadDll: returns rcNt=0x0 hMod=00007fff06220000 'C:\WINDOWS\system32\rsaenh.dll'
2450.5ce4: supR3HardenedMonitor_LdrLoadDll: returns rcNt=0x0 hMod=00007fff081d0000 'C:\WINDOWS\System32\crypt32.dll'
2450.5ce4: supR3HardenedWinVerifyCacheProcessWvtTodos: 0 (was 0) fWinVerifyTrust=1 for '\Device\HarddiskVolume3\Windows\System32\umpdc.dll'
2450.5ce4: supR3HardenedMonitor_LdrLoadDll: returns rcNt=0x0 hMod=00007fff06220000 'C:\WINDOWS\system32\rsaenh.dll'
2450.5ce4: supR3HardenedMonitor_LdrLoadDll: returns rcNt=0x0 hMod=00007fff081d0000 'C:\WINDOWS\System32\crypt32.dll'
2450.5ce4: supR3HardenedWinVerifyCacheProcessWvtTodos: 0 (was 0) fWinVerifyTrust=1 for '\Device\HarddiskVolume3\Windows\System32\imm32.dll'
2450.5ce4: supR3HardenedMonitor_LdrLoadDll: returns rcNt=0x0 hMod=00007fff06220000 'C:\WINDOWS\system32\rsaenh.dll'
2450.5ce4: supR3HardenedMonitor_LdrLoadDll: returns rcNt=0x0 hMod=00007fff081d0000 'C:\WINDOWS\System32\crypt32.dll'
2450.5ce4: supR3HardenedWinVerifyCacheProcessWvtTodos: 0 (was 0) fWinVerifyTrust=1 for '\Device\HarddiskVolume3\Windows\System32\WinTypes.dll'
2450.5ce4: supR3HardenedMonitor_LdrLoadDll: returns rcNt=0x0 hMod=00007fff06220000 'C:\WINDOWS\system32\rsaenh.dll'
2450.5ce4: supR3HardenedMonitor_LdrLoadDll: returns rcNt=0x0 hMod=00007fff081d0000 'C:\WINDOWS\System32\crypt32.dll'
2450.5ce4: supR3HardenedWinVerifyCacheProcessWvtTodos: 0 (was 0) fWinVerifyTrust=1 for '\Device\HarddiskVolume3\Windows\System32\gdi32full.dll'
2450.5ce4: supR3HardenedMonitor_LdrLoadDll: returns rcNt=0x0 hMod=00007fff06220000 'C:\WINDOWS\system32\rsaenh.dll'
2450.5ce4: supR3HardenedMonitor_LdrLoadDll: returns rcNt=0x0 hMod=00007fff081d0000 'C:\WINDOWS\System32\crypt32.dll'
2450.5ce4: supR3HardenedWinVerifyCacheProcessWvtTodos: 0 (was 0) fWinVerifyTrust=1 for '\Device\HarddiskVolume3\Windows\System32\netutils.dll'
2450.5ce4: supR3HardenedMonitor_LdrLoadDll: returns rcNt=0x0 hMod=00007fff06220000 'C:\WINDOWS\system32\rsaenh.dll'
2450.5ce4: supR3HardenedMonitor_LdrLoadDll: returns rcNt=0x0 hMod=00007fff081d0000 'C:\WINDOWS\System32\crypt32.dll'
2450.5ce4: supR3HardenedWinVerifyCacheProcessWvtTodos: 0 (was 0) fWinVerifyTrust=1 for '\Device\HarddiskVolume3\Windows\System32\srvcli.dll'
2450.5ce4: supR3HardenedMonitor_LdrLoadDll: returns rcNt=0x0 hMod=00007fff06220000 'C:\WINDOWS\system32\rsaenh.dll'
2450.5ce4: supR3HardenedMonitor_LdrLoadDll: returns rcNt=0x0 hMod=00007fff081d0000 'C:\WINDOWS\System32\crypt32.dll'
2450.5ce4: supR3HardenedWinVerifyCacheProcessWvtTodos: 0 (was 0) fWinVerifyTrust=1 for '\Device\HarddiskVolume3\Windows\System32\powrprof.dll'
2450.5ce4: supR3HardenedMonitor_LdrLoadDll: returns rcNt=0x0 hMod=00007fff06220000 'C:\WINDOWS\system32\rsaenh.dll'
2450.5ce4: supR3HardenedMonitor_LdrLoadDll: returns rcNt=0x0 hMod=00007fff081d0000 'C:\WINDOWS\System32\crypt32.dll'
2450.5ce4: supR3HardenedWinVerifyCacheProcessWvtTodos: 0 (was 0) fWinVerifyTrust=1 for '\Device\HarddiskVolume3\Program Files\Oracle\VirtualBox\Qt6SqlVBox.dll'
2450.5ce4: supR3HardenedMonitor_LdrLoadDll: returns rcNt=0x0 hMod=00007fff06220000 'C:\WINDOWS\system32\rsaenh.dll'
2450.5ce4: supR3HardenedMonitor_LdrLoadDll: returns rcNt=0x0 hMod=00007fff081d0000 'C:\WINDOWS\System32\crypt32.dll'
2450.5ce4: supR3HardenedWinVerifyCacheProcessWvtTodos: 0 (was 0) fWinVerifyTrust=1 for '\Device\HarddiskVolume3\Windows\System32\userenv.dll'
2450.5ce4: supR3HardNtViCallWinVerifyTrustCatFile: hFile=0000000000000550 pwszName=\Device\HarddiskVolume3\Windows\System32\authz.dll
2450.5ce4: supR3HardNtViCallWinVerifyTrustCatFile: Cached context 000001bb7c198320
2450.5ce4: supR3HardNtViCallWinVerifyTrustCatFile: hCatAdmin=000001bb7c198320
2450.5ce4: supR3HardNtViCallWinVerifyTrustCatFile: cbHash=20 wszDigest=51B46F72ECEFBDA9DE45D4C22CEFAFDC247D55B2
2450.5ce4: supR3HardenedMonitor_LdrLoadDll: returns rcNt=0x0 hMod=00007fff06220000 'C:\WINDOWS\system32\rsaenh.dll'
2450.5ce4: supR3HardenedScreenImage/LdrLoadDll: cache hit (VINF_SUCCESS) on \Device\HarddiskVolume3\Windows\System32\crypt32.dll
2450.5ce4: supR3HardenedMonitor_LdrLoadDll: pName=C:\WINDOWS\System32\crypt32.dll (Input=crypt32.dll, rcNtResolve=0xc0150008) *pfFlags=0x0 pwszSearchPath=0000000000000001:<flags> [calling]
2450.5ce4: supR3HardenedMonitor_LdrLoadDll: returns rcNt=0x0 hMod=00007fff081d0000 'C:\WINDOWS\System32\crypt32.dll'
2450.5ce4: supR3HardNtViCallWinVerifyTrustCatFile: WinVerifyTrust => 0x0; cat='C:\WINDOWS\system32\CatRoot\{F750E6C3-38EE-11D1-85E5-00C04FC295EE}\Microsoft-OneCore-CoreSystem-Core-merged-Package~31bf3856ad364e35~amd64~~10.0.26100.7840.cat'; file='\Device\HarddiskVolume3\Windows\System32\authz.dll'
2450.5ce4: supR3HardNtViCallWinVerifyTrustCatFile -> 0 (org 22900)
2450.5ce4: supR3HardenedWinVerifyCacheProcessWvtTodos: 0 (was 22900) fWinVerifyTrust=1 for '\Device\HarddiskVolume3\Windows\System32\authz.dll'
2450.5ce4: supR3HardenedMonitor_LdrLoadDll: returns rcNt=0x0 hMod=00007fff06220000 'C:\WINDOWS\system32\rsaenh.dll'
2450.5ce4: supR3HardenedMonitor_LdrLoadDll: returns rcNt=0x0 hMod=00007fff081d0000 'C:\WINDOWS\System32\crypt32.dll'
2450.5ce4: supR3HardenedWinVerifyCacheProcessWvtTodos: 0 (was 0) fWinVerifyTrust=1 for '\Device\HarddiskVolume3\Windows\System32\netapi32.dll'
2450.5ce4: supR3HardenedMonitor_LdrLoadDll: returns rcNt=0x0 hMod=00007fff06220000 'C:\WINDOWS\system32\rsaenh.dll'
2450.5ce4: supR3HardenedMonitor_LdrLoadDll: returns rcNt=0x0 hMod=00007fff081d0000 'C:\WINDOWS\System32\crypt32.dll'
2450.5ce4: supR3HardenedWinVerifyCacheProcessWvtTodos: 0 (was 0) fWinVerifyTrust=1 for '\Device\HarddiskVolume3\Windows\System32\version.dll'
2450.5ce4: supR3HardenedScreenImage/LdrLoadDll: cache hit (VINF_SUCCESS) on \Device\HarddiskVolume3\Windows\System32\rsaenh.dll
2450.5ce4: supR3HardenedMonitor_LdrLoadDll: pName=C:\WINDOWS\system32\rsaenh.dll (rcNtResolve=0xc0150008) *pfFlags=0x0 pwszSearchPath=0000000000000001:<flags> [calling]
2450.5ce4: supR3HardenedMonitor_LdrLoadDll: returns rcNt=0x0 hMod=00007fff06220000 'C:\WINDOWS\system32\rsaenh.dll'
2450.5ce4: supR3HardenedMonitor_LdrLoadDll: returns rcNt=0x0 hMod=00007fff081d0000 'C:\WINDOWS\System32\crypt32.dll'
2450.5ce4: supR3HardenedWinVerifyCacheProcessWvtTodos: 0 (was 0) fWinVerifyTrust=1 for '\Device\HarddiskVolume3\Windows\System32\d3d11.dll'
2450.5ce4: supR3HardenedMonitor_LdrLoadDll: returns rcNt=0x0 hMod=00007fff06220000 'C:\WINDOWS\system32\rsaenh.dll'
2450.5ce4: supR3HardenedMonitor_LdrLoadDll: returns rcNt=0x0 hMod=00007fff081d0000 'C:\WINDOWS\System32\crypt32.dll'
2450.5ce4: supR3HardenedWinVerifyCacheProcessWvtTodos: 0 (was 0) fWinVerifyTrust=1 for '\Device\HarddiskVolume3\Windows\System32\dxgi.dll'
2450.5ce4: supR3HardenedMonitor_LdrLoadDll: returns rcNt=0x0 hMod=00007fff06220000 'C:\WINDOWS\system32\rsaenh.dll'
2450.5ce4: supR3HardenedMonitor_LdrLoadDll: returns rcNt=0x0 hMod=00007fff081d0000 'C:\WINDOWS\System32\crypt32.dll'
2450.5ce4: supR3HardenedWinVerifyCacheProcessWvtTodos: 0 (was 0) fWinVerifyTrust=1 for '\Device\HarddiskVolume3\Windows\System32\D3D12.dll'
2450.5ce4: supR3HardenedMonitor_LdrLoadDll: returns rcNt=0x0 hMod=00007fff06220000 'C:\WINDOWS\system32\rsaenh.dll'
2450.5ce4: supR3HardenedMonitor_LdrLoadDll: returns rcNt=0x0 hMod=00007fff081d0000 'C:\WINDOWS\System32\crypt32.dll'
2450.5ce4: supR3HardenedWinVerifyCacheProcessWvtTodos: 0 (was 0) fWinVerifyTrust=1 for '\Device\HarddiskVolume3\Windows\System32\shell32.dll'
2450.5ce4: supR3HardNtViCallWinVerifyTrustCatFile: hFile=0000000000000518 pwszName=\Device\HarddiskVolume3\Windows\System32\DWrite.dll
2450.5ce4: supR3HardNtViCallWinVerifyTrustCatFile: Cached context 000001bb7c198320
2450.5ce4: supR3HardNtViCallWinVerifyTrustCatFile: hCatAdmin=000001bb7c198320
2450.5ce4: supR3HardNtViCallWinVerifyTrustCatFile: cbHash=20 wszDigest=5C0E712072A1D72FDACB46D0D62B7244B5A26888
2450.5ce4: supR3HardenedMonitor_LdrLoadDll: returns rcNt=0x0 hMod=00007fff06220000 'C:\WINDOWS\system32\rsaenh.dll'
2450.5ce4: supR3HardenedMonitor_LdrLoadDll: returns rcNt=0x0 hMod=00007fff081d0000 'C:\WINDOWS\System32\crypt32.dll'
2450.5ce4: supR3HardNtViCallWinVerifyTrustCatFile: WinVerifyTrust => 0x0; cat='C:\WINDOWS\system32\CatRoot\{F750E6C3-38EE-11D1-85E5-00C04FC295EE}\Microsoft-OneCore-Graphics-DirectX-Package~31bf3856ad364e35~amd64~~10.0.26100.7824.cat'; file='\Device\HarddiskVolume3\Windows\System32\DWrite.dll'
2450.5ce4: supR3HardNtViCallWinVerifyTrustCatFile -> 0 (org 22900)
2450.5ce4: supR3HardenedWinVerifyCacheProcessWvtTodos: 0 (was 22900) fWinVerifyTrust=1 for '\Device\HarddiskVolume3\Windows\System32\DWrite.dll'
2450.5ce4: supR3HardenedMonitor_LdrLoadDll: returns rcNt=0x0 hMod=00007fff06220000 'C:\WINDOWS\system32\rsaenh.dll'
2450.5ce4: supR3HardenedMonitor_LdrLoadDll: returns rcNt=0x0 hMod=00007fff081d0000 'C:\WINDOWS\System32\crypt32.dll'
2450.5ce4: supR3HardenedWinVerifyCacheProcessWvtTodos: 0 (was 0) fWinVerifyTrust=1 for '\Device\HarddiskVolume3\Windows\System32\msvcp140_2.dll'
2450.5ce4: supR3HardenedMonitor_LdrLoadDll: returns rcNt=0x0 hMod=00007fff06220000 'C:\WINDOWS\system32\rsaenh.dll'
2450.5ce4: supR3HardenedMonitor_LdrLoadDll: returns rcNt=0x0 hMod=00007fff081d0000 'C:\WINDOWS\System32\crypt32.dll'
2450.5ce4: supR3HardenedWinVerifyCacheProcessWvtTodos: 0 (was 0) fWinVerifyTrust=1 for '\Device\HarddiskVolume3\Windows\System32\dwmapi.dll'
2450.5ce4: supR3HardNtViCallWinVerifyTrustCatFile: hFile=0000000000000534 pwszName=\Device\HarddiskVolume3\Windows\System32\uxtheme.dll
2450.5ce4: supR3HardNtViCallWinVerifyTrustCatFile: Cached context 000001bb7c198320
2450.5ce4: supR3HardNtViCallWinVerifyTrustCatFile: hCatAdmin=000001bb7c198320
2450.5ce4: supR3HardNtViCallWinVerifyTrustCatFile: cbHash=20 wszDigest=0A5F20BD697B66A6C724300EAD3DD1CC2D8D3384
2450.5ce4: supR3HardenedMonitor_LdrLoadDll: returns rcNt=0x0 hMod=00007fff06220000 'C:\WINDOWS\system32\rsaenh.dll'
2450.5ce4: supR3HardenedMonitor_LdrLoadDll: returns rcNt=0x0 hMod=00007fff081d0000 'C:\WINDOWS\System32\crypt32.dll'
2450.5ce4: supR3HardNtViCallWinVerifyTrustCatFile: WinVerifyTrust => 0x0; cat='C:\WINDOWS\system32\CatRoot\{F750E6C3-38EE-11D1-85E5-00C04FC295EE}\Microsoft-Windows-Client-Desktop-Required-Package04111~31bf3856ad364e35~amd64~~10.0.26100.7840.cat'; file='\Device\HarddiskVolume3\Windows\System32\uxtheme.dll'
2450.5ce4: supR3HardNtViCallWinVerifyTrustCatFile -> 0 (org 22900)
2450.5ce4: supR3HardenedWinVerifyCacheProcessWvtTodos: 0 (was 22900) fWinVerifyTrust=1 for '\Device\HarddiskVolume3\Windows\System32\uxtheme.dll'
2450.5ce4: supR3HardenedMonitor_LdrLoadDll: returns rcNt=0x0 hMod=00007fff06220000 'C:\WINDOWS\system32\rsaenh.dll'
2450.5ce4: supR3HardenedMonitor_LdrLoadDll: returns rcNt=0x0 hMod=00007fff081d0000 'C:\WINDOWS\System32\crypt32.dll'
2450.5ce4: supR3HardenedWinVerifyCacheProcessWvtTodos: 0 (was 0) fWinVerifyTrust=1 for '\Device\HarddiskVolume3\Windows\System32\msvcp140_1.dll'
2450.5ce4: supR3HardenedMonitor_LdrLoadDll: returns rcNt=0x0 hMod=00007fff06220000 'C:\WINDOWS\system32\rsaenh.dll'
2450.5ce4: supR3HardenedMonitor_LdrLoadDll: returns rcNt=0x0 hMod=00007fff081d0000 'C:\WINDOWS\System32\crypt32.dll'
2450.5ce4: supR3HardenedWinVerifyCacheProcessWvtTodos: 0 (was 0) fWinVerifyTrust=1 for '\Device\HarddiskVolume3\Windows\System32\win32u.dll'
2450.5ce4: supR3HardenedMonitor_LdrLoadDll: returns rcNt=0x0 hMod=00007fff06220000 'C:\WINDOWS\system32\rsaenh.dll'
2450.5ce4: supR3HardenedMonitor_LdrLoadDll: returns rcNt=0x0 hMod=00007fff081d0000 'C:\WINDOWS\System32\crypt32.dll'
2450.5ce4: supR3HardenedWinVerifyCacheProcessWvtTodos: 0 (was 0) fWinVerifyTrust=1 for '\Device\HarddiskVolume3\Windows\System32\gdi32.dll'
2450.5ce4: supR3HardenedMonitor_LdrLoadDll: returns rcNt=0x0 hMod=00007fff06220000 'C:\WINDOWS\system32\rsaenh.dll'
2450.5ce4: supR3HardenedMonitor_LdrLoadDll: returns rcNt=0x0 hMod=00007fff081d0000 'C:\WINDOWS\System32\crypt32.dll'
2450.5ce4: supR3HardenedWinVerifyCacheProcessWvtTodos: 0 (was 0) fWinVerifyTrust=1 for '\Device\HarddiskVolume3\Windows\System32\combase.dll'
2450.5ce4: SUPR3HardenedMain: Calling TrustedMain (00007ffec9ba19c0)...
2450.5ce4: supR3HardenedDllNotificationCallback: load   00007fff07960000 LB 0x00863000 C:\WINDOWS\System32\windows.storage.dll [fFlags=0x0]
2450.5ce4: supR3HardenedWinVerifyCacheScheduleImports: Import todo: #31 'combase.dll'.
2450.5ce4: supR3HardenedWinVerifyCacheScheduleImports: Import todo: #32 'msvcp_win.dll'.
2450.5ce4: supHardenedWinVerifyImageByHandle: -> 0 (\Device\HarddiskVolume3\Windows\System32\windows.storage.dll)
2450.5ce4: supR3HardenedWinVerifyCacheInsert: \Device\HarddiskVolume3\Windows\System32\windows.storage.dll
2450.5ce4: supR3HardenedDllNotificationCallback: load   00007fff0a550000 LB 0x00067000 C:\WINDOWS\System32\shlwapi.dll [fFlags=0x0]
2450.5ce4: supR3HardenedWinVerifyCacheScheduleImports: Import todo: #4 'windows.storage.dll'.
2450.5ce4: supHardenedWinVerifyImageByHandle: -> 0 (\Device\HarddiskVolume3\Windows\System32\shlwapi.dll)
2450.5ce4: supR3HardenedWinVerifyCacheInsert: \Device\HarddiskVolume3\Windows\System32\shlwapi.dll
2450.5ce4: supR3HardenedWinVerifyCacheProcessImportTodos: Processing 'windows.storage.dll'...
2450.5ce4: supR3HardenedWinVerifyCacheProcessImportTodos: 'windows.storage.dll' -> '\Device\HarddiskVolume3\Windows\System32\windows.storage.dll' [rcNtRedir=0xc0150008]
2450.5ce4: supR3HardenedScreenImage/Imports: cache hit (VINF_SUCCESS) on \Device\HarddiskVolume3\Windows\System32\windows.storage.dll [lacks WinVerifyTrust]
2450.5ce4: supR3HardenedWinVerifyCacheProcessImportTodos: Processing 'msvcp_win.dll'...
2450.5ce4: supR3HardenedWinVerifyCacheProcessImportTodos: 'msvcp_win.dll' -> '\Device\HarddiskVolume3\Windows\System32\msvcp_win.dll' [rcNtRedir=0xc0150008]
2450.5ce4: supR3HardenedWinVerifyCacheProcessImportTodos: Processing 'combase.dll'...
2450.5ce4: supR3HardenedWinVerifyCacheProcessImportTodos: 'combase.dll' -> '\Device\HarddiskVolume3\Windows\System32\combase.dll' [rcNtRedir=0xc0150008]
2450.5ce4: supR3HardenedScreenImage/Imports: cache hit (VINF_SUCCESS) on \Device\HarddiskVolume3\Windows\System32\combase.dll
2450.5ce4: supR3HardenedMonitor_LdrLoadDll: returns rcNt=0x0 hMod=00007fff06220000 'C:\WINDOWS\system32\rsaenh.dll'
2450.5ce4: supR3HardenedMonitor_LdrLoadDll: returns rcNt=0x0 hMod=00007fff081d0000 'C:\WINDOWS\System32\crypt32.dll'
2450.5ce4: supR3HardenedWinVerifyCacheProcessWvtTodos: 0 (was 0) fWinVerifyTrust=1 for '\Device\HarddiskVolume3\Windows\System32\shlwapi.dll'
2450.5ce4: supR3HardenedMonitor_LdrLoadDll: returns rcNt=0x0 hMod=00007fff06220000 'C:\WINDOWS\system32\rsaenh.dll'
2450.5ce4: supR3HardenedMonitor_LdrLoadDll: returns rcNt=0x0 hMod=00007fff081d0000 'C:\WINDOWS\System32\crypt32.dll'
2450.5ce4: supR3HardenedWinVerifyCacheProcessWvtTodos: 0 (was 0) fWinVerifyTrust=1 for '\Device\HarddiskVolume3\Windows\System32\windows.storage.dll'
2450.5ce4: supR3HardenedMonitor_LdrLoadDll: returns rcNt=0x0 hMod=00007fff06220000 'C:\WINDOWS\system32\rsaenh.dll'
2450.5ce4: supR3HardenedMonitor_LdrLoadDll: returns rcNt=0x0 hMod=00007fff081d0000 'C:\WINDOWS\System32\crypt32.dll'
2450.5ce4: supR3HardenedWinVerifyCacheScheduleImports: Import todo: #0 'advapi32.dll'.
2450.5ce4: supR3HardenedWinVerifyCacheScheduleImports: Import todo: #1 'dwmapi.dll'.
2450.5ce4: supR3HardenedWinVerifyCacheScheduleImports: Import todo: #2 'gdi32.dll'.
2450.5ce4: supR3HardenedWinVerifyCacheScheduleImports: Import todo: #3 'imm32.dll'.
2450.5ce4: supR3HardenedWinVerifyCacheScheduleImports: Import todo: #4 'ole32.dll'.
2450.5ce4: supR3HardenedWinVerifyCacheScheduleImports: Import todo: #5 'oleaut32.dll'.
2450.5ce4: supR3HardenedWinVerifyCacheScheduleImports: Import todo: #6 'setupapi.dll'.
2450.5ce4: supR3HardenedWinVerifyCacheScheduleImports: Import todo: #7 'shell32.dll'.
2450.5ce4: supR3HardenedWinVerifyCacheScheduleImports: Import todo: #8 'shlwapi.dll'.
2450.5ce4: supR3HardenedWinVerifyCacheScheduleImports: Import todo: #9 'user32.dll'.
2450.5ce4: supR3HardenedWinVerifyCacheScheduleImports: Import todo: #10 'winmm.dll'.
2450.5ce4: supR3HardenedWinVerifyCacheScheduleImports: Import todo: #11 'wtsapi32.dll'.
2450.5ce4: supR3HardenedWinVerifyCacheScheduleImports: Import todo: #13 'comdlg32.dll'.
2450.5ce4: supR3HardenedWinVerifyCacheScheduleImports: Import todo: #14 'd3d9.dll'.
2450.5ce4: supR3HardenedWinVerifyCacheScheduleImports: Import todo: #17 'uiautomationcore.dll'.
2450.5ce4: supR3HardenedWinVerifyCacheScheduleImports: Import todo: #18 'qt6guivbox.dll'.
2450.5ce4: supR3HardenedWinVerifyCacheScheduleImports: Import todo: #19 'qt6corevbox.dll'.
2450.5ce4: supR3HardenedWinVerifyCacheScheduleImports: Import todo: #21 'msvcp140.dll'.
2450.5ce4: supR3HardenedWinVerifyCacheScheduleImports: Import todo: #22 'vcruntime140.dll'.
2450.5ce4: supR3HardenedWinVerifyCacheScheduleImports: Import todo: #23 'vcruntime140_1.dll'.
2450.5ce4: supHardenedWinVerifyImageByHandle: -> 0 (\Device\HarddiskVolume3\Program Files\Oracle\VirtualBox\platforms\qwindowsVBox.dll) WinVerifyTrust
2450.5ce4: supR3HardenedWinVerifyCacheInsert: \Device\HarddiskVolume3\Program Files\Oracle\VirtualBox\platforms\qwindowsVBox.dll
2450.5ce4: supR3HardenedWinVerifyCacheProcessImportTodos: Processing 'vcruntime140_1.dll'...
2450.5ce4: supR3HardenedWinVerifyCacheProcessImportTodos: 'vcruntime140_1.dll' -> '\Device\HarddiskVolume3\Windows\System32\vcruntime140_1.dll' [rcNtRedir=0xc0150008]
2450.5ce4: supR3HardenedWinVerifyCacheProcessImportTodos: Processing 'vcruntime140.dll'...
2450.5ce4: supR3HardenedWinVerifyCacheProcessImportTodos: 'vcruntime140.dll' -> '\Device\HarddiskVolume3\Windows\System32\vcruntime140.dll' [rcNtRedir=0xc0150008]
2450.5ce4: supR3HardenedWinVerifyCacheProcessImportTodos: Processing 'msvcp140.dll'...
2450.5ce4: supR3HardenedWinVerifyCacheProcessImportTodos: 'msvcp140.dll' -> '\Device\HarddiskVolume3\Windows\System32\msvcp140.dll' [rcNtRedir=0xc0150008]
2450.5ce4: supR3HardenedWinVerifyCacheProcessImportTodos: Processing 'qt6corevbox.dll'...
2450.5ce4: supR3HardenedWinVerifyCacheProcessImportTodos: 'qt6corevbox.dll' -> '\Device\HarddiskVolume3\Program Files\Oracle\VirtualBox\qt6corevbox.dll' [rcNtRedir=0xc0150008]
2450.5ce4: supR3HardenedWinVerifyCacheProcessImportTodos: Processing 'qt6guivbox.dll'...
2450.5ce4: supR3HardenedWinVerifyCacheProcessImportTodos: 'qt6guivbox.dll' -> '\Device\HarddiskVolume3\Program Files\Oracle\VirtualBox\qt6guivbox.dll' [rcNtRedir=0xc0150008]
2450.5ce4: supR3HardenedScreenImage/Imports: cache hit (VINF_SUCCESS) on \Device\HarddiskVolume3\Program Files\Oracle\VirtualBox\Qt6GuiVBox.dll
2450.5ce4: supR3HardenedWinVerifyCacheProcessImportTodos: Processing 'uiautomationcore.dll'...
2450.5ce4: supR3HardenedWinVerifyCacheProcessImportTodos: 'uiautomationcore.dll' -> '\Device\HarddiskVolume3\Windows\System32\uiautomationcore.dll' [rcNtRedir=0xc0150008]
2450.5ce4: supR3HardNtViCallWinVerifyTrustCatFile: hFile=0000000000000784 pwszName=\Device\HarddiskVolume3\Windows\System32\UIAutomationCore.dll
2450.5ce4: supR3HardNtViCallWinVerifyTrustCatFile: Cached context 000001bb7c198320
2450.5ce4: supR3HardNtViCallWinVerifyTrustCatFile: hCatAdmin=000001bb7c198320
2450.5ce4: supR3HardNtViCallWinVerifyTrustCatFile: cbHash=20 wszDigest=DB506839A6A5B5AE3ECC395691C7578030E78593
2450.5ce4: supR3HardenedMonitor_LdrLoadDll: returns rcNt=0x0 hMod=00007fff06220000 'C:\WINDOWS\system32\rsaenh.dll'
2450.5ce4: supR3HardenedMonitor_LdrLoadDll: returns rcNt=0x0 hMod=00007fff081d0000 'C:\WINDOWS\System32\crypt32.dll'
2450.5ce4: supR3HardNtViCallWinVerifyTrustCatFile: WinVerifyTrust => 0x0; cat='C:\WINDOWS\system32\CatRoot\{F750E6C3-38EE-11D1-85E5-00C04FC295EE}\Runlevel-Win4-merged-Package~31bf3856ad364e35~amd64~~10.0.26100.7840.cat'; file='\Device\HarddiskVolume3\Windows\System32\UIAutomationCore.dll'
2450.5ce4: supR3HardNtViCallWinVerifyTrustCatFile -> 0 (org 22900)
2450.5ce4: supR3HardenedWinVerifyCacheScheduleImports: Import todo: #0 'msvcp_win.dll'.
2450.5ce4: supHardenedWinVerifyImageByHandle: -> 0 (\Device\HarddiskVolume3\Windows\System32\UIAutomationCore.dll) WinVerifyTrust
2450.5ce4: supR3HardenedWinVerifyCacheInsert: \Device\HarddiskVolume3\Windows\System32\UIAutomationCore.dll
2450.5ce4: supR3HardenedWinVerifyCacheProcessImportTodos: Processing 'd3d9.dll'...
2450.5ce4: supR3HardenedWinVerifyCacheProcessImportTodos: 'd3d9.dll' -> '\Device\HarddiskVolume3\Windows\System32\d3d9.dll' [rcNtRedir=0xc0150008]
2450.5ce4: supR3HardenedWinVerifyCacheProcessImportTodos: Processing 'msvcp_win.dll'...
2450.5ce4: supR3HardenedWinVerifyCacheProcessImportTodos: 'msvcp_win.dll' -> '\Device\HarddiskVolume3\Windows\System32\msvcp_win.dll' [rcNtRedir=0xc0150008]
2450.5ce4: supR3HardenedMonitor_LdrLoadDll: returns rcNt=0x0 hMod=00007fff06220000 'C:\WINDOWS\system32\rsaenh.dll'
2450.5ce4: supR3HardenedMonitor_LdrLoadDll: returns rcNt=0x0 hMod=00007fff081d0000 'C:\WINDOWS\System32\crypt32.dll'
2450.5ce4: supR3HardenedWinVerifyCacheScheduleImports: Import todo: #0 'msvcrt.dll'.
2450.5ce4: supR3HardenedWinVerifyCacheScheduleImports: Import todo: #6 'user32.dll'.
2450.5ce4: supR3HardenedWinVerifyCacheScheduleImports: Import todo: #9 'win32u.dll'.
2450.5ce4: supR3HardenedWinVerifyCacheScheduleImports: Import todo: #10 'gdi32.dll'.
2450.5ce4: supR3HardenedWinVerifyCacheScheduleImports: Import todo: #12 'dwmapi.dll'.
2450.5ce4: supR3HardenedWinVerifyCacheScheduleImports: Import todo: #15 'version.dll'.
2450.5ce4: supHardenedWinVerifyImageByHandle: -> 0 (\Device\HarddiskVolume3\Windows\System32\d3d9.dll) WinVerifyTrust
2450.5ce4: supR3HardenedWinVerifyCacheInsert: \Device\HarddiskVolume3\Windows\System32\d3d9.dll
2450.5ce4: supR3HardenedWinVerifyCacheProcessImportTodos: Processing 'comdlg32.dll'...
2450.5ce4: supR3HardenedWinVerifyCacheProcessImportTodos: 'comdlg32.dll' -> '\Device\HarddiskVolume3\Windows\System32\comdlg32.dll' [rcNtRedir=0xc0150008]
2450.5ce4: supR3HardNtViCallWinVerifyTrustCatFile: hFile=00000000000007ec pwszName=\Device\HarddiskVolume3\Windows\System32\comdlg32.dll
2450.5ce4: supR3HardNtViCallWinVerifyTrustCatFile: Cached context 000001bb7c198320
2450.5ce4: supR3HardNtViCallWinVerifyTrustCatFile: hCatAdmin=000001bb7c198320
2450.5ce4: supR3HardNtViCallWinVerifyTrustCatFile: cbHash=20 wszDigest=16B7D8EC553F56A4A422B07A685A60C2205C9F7B
2450.5ce4: supR3HardenedWinVerifyCacheProcessImportTodos: Processing 'version.dll'...
2450.5ce4: supR3HardenedWinVerifyCacheProcessImportTodos: 'version.dll' -> '\Device\HarddiskVolume3\Windows\System32\version.dll' [rcNtRedir=0xc0150008]
2450.5ce4: supR3HardenedScreenImage/Imports: cache hit (VINF_SUCCESS) on \Device\HarddiskVolume3\Windows\System32\version.dll
2450.5ce4: supR3HardenedWinVerifyCacheProcessImportTodos: Processing 'dwmapi.dll'...
2450.5ce4: supR3HardenedWinVerifyCacheProcessImportTodos: 'dwmapi.dll' -> '\Device\HarddiskVolume3\Windows\System32\dwmapi.dll' [rcNtRedir=0xc0150008]
2450.5ce4: supR3HardenedScreenImage/Imports: cache hit (VINF_SUCCESS) on \Device\HarddiskVolume3\Windows\System32\dwmapi.dll
2450.5ce4: supR3HardenedWinVerifyCacheProcessImportTodos: Processing 'gdi32.dll'...
2450.5ce4: supR3HardenedWinVerifyCacheProcessImportTodos: 'gdi32.dll' -> '\Device\HarddiskVolume3\Windows\System32\gdi32.dll' [rcNtRedir=0xc0150008]
2450.5ce4: supR3HardenedWinVerifyCacheProcessImportTodos: Processing 'win32u.dll'...
2450.5ce4: supR3HardenedWinVerifyCacheProcessImportTodos: 'win32u.dll' -> '\Device\HarddiskVolume3\Windows\System32\win32u.dll' [rcNtRedir=0xc0150008]
2450.5ce4: supR3HardenedWinVerifyCacheProcessImportTodos: Processing 'user32.dll'...
2450.5ce4: supR3HardenedWinVerifyCacheProcessImportTodos: 'user32.dll' -> '\Device\HarddiskVolume3\Windows\System32\user32.dll' [rcNtRedir=0xc0150008]
2450.5ce4: supR3HardenedWinVerifyCacheProcessImportTodos: Processing 'msvcrt.dll'...
2450.5ce4: supR3HardenedWinVerifyCacheProcessImportTodos: 'msvcrt.dll' -> '\Device\HarddiskVolume3\Windows\System32\msvcrt.dll' [rcNtRedir=0xc0150008]
2450.5ce4: supR3HardenedScreenImage/Imports: cache hit (VINF_SUCCESS) on \Device\HarddiskVolume3\Windows\System32\msvcrt.dll
2450.5ce4: supR3HardenedMonitor_LdrLoadDll: returns rcNt=0x0 hMod=00007fff06220000 'C:\WINDOWS\system32\rsaenh.dll'
2450.5ce4: supR3HardenedMonitor_LdrLoadDll: returns rcNt=0x0 hMod=00007fff081d0000 'C:\WINDOWS\System32\crypt32.dll'
2450.5ce4: supR3HardNtViCallWinVerifyTrustCatFile: WinVerifyTrust => 0x0; cat='C:\WINDOWS\system32\CatRoot\{F750E6C3-38EE-11D1-85E5-00C04FC295EE}\Microsoft-Windows-Client-Desktop-Required-Package04113~31bf3856ad364e35~amd64~~10.0.26100.7840.cat'; file='\Device\HarddiskVolume3\Windows\System32\comdlg32.dll'
2450.5ce4: supR3HardNtViCallWinVerifyTrustCatFile -> 0 (org 22900)
2450.5ce4: supR3HardenedWinVerifyCacheScheduleImports: Import todo: #0 'msvcp_win.dll'.
2450.5ce4: supR3HardenedWinVerifyCacheScheduleImports: Import todo: #26 'rpcrt4.dll'.
2450.5ce4: supR3HardenedWinVerifyCacheScheduleImports: Import todo: #43 'user32.dll'.
2450.5ce4: supR3HardenedWinVerifyCacheScheduleImports: Import todo: #61 'shlwapi.dll'.
2450.5ce4: supR3HardenedWinVerifyCacheScheduleImports: Import todo: #62 'gdi32.dll'.
2450.5ce4: supR3HardenedWinVerifyCacheScheduleImports: Import todo: #63 'comctl32.dll'.
2450.5ce4: supR3HardenedWinVerifyCacheScheduleImports: Import todo: #64 'shell32.dll'.
2450.5ce4: supHardenedWinVerifyImageByHandle: -> 0 (\Device\HarddiskVolume3\Windows\System32\comdlg32.dll) WinVerifyTrust
2450.5ce4: supR3HardenedWinVerifyCacheInsert: \Device\HarddiskVolume3\Windows\System32\comdlg32.dll
2450.5ce4: supR3HardenedWinVerifyCacheProcessImportTodos: Processing 'wtsapi32.dll'...
2450.5ce4: supR3HardenedWinVerifyCacheProcessImportTodos: 'wtsapi32.dll' -> '\Device\HarddiskVolume3\Windows\System32\wtsapi32.dll' [rcNtRedir=0xc0150008]
2450.5ce4: supR3HardenedWinVerifyCacheProcessImportTodos: Processing 'shell32.dll'...
2450.5ce4: supR3HardenedWinVerifyCacheProcessImportTodos: 'shell32.dll' -> '\Device\HarddiskVolume3\Windows\System32\shell32.dll' [rcNtRedir=0xc0150008]
2450.5ce4: supR3HardenedScreenImage/Imports: cache hit (VINF_SUCCESS) on \Device\HarddiskVolume3\Windows\System32\shell32.dll
2450.5ce4: supR3HardenedWinVerifyCacheProcessImportTodos: Processing 'comctl32.dll'...
2450.5ce4: supR3HardenedWinVerifyCacheProcessImportTodos: 'comctl32.dll' -> '\Device\HarddiskVolume3\Windows\System32\comctl32.dll' [rcNtRedir=0x0]
2450.5ce4: Detected WinVerifyTrust recursion: rc=VINF_SUCCESS '\Device\HarddiskVolume3\Windows\System32\comctl32.dll'.
2450.5ce4: supR3HardenedWinVerifyCacheScheduleImports: Import todo: #1 'advapi32.dll'.
2450.5ce4: supR3HardenedWinVerifyCacheScheduleImports: Import todo: #2 'gdi32.dll'.
2450.5ce4: supR3HardenedWinVerifyCacheScheduleImports: Import todo: #4 'user32.dll'.
2450.5ce4: supHardenedWinVerifyImageByHandle: -> 0 (\Device\HarddiskVolume3\Windows\System32\comctl32.dll)
2450.5ce4: supR3HardenedWinVerifyCacheInsert: \Device\HarddiskVolume3\Windows\System32\comctl32.dll
2450.5ce4: supR3HardenedWinVerifyCacheProcessImportTodos: Processing 'gdi32.dll'...
2450.5ce4: supR3HardenedWinVerifyCacheProcessImportTodos: 'gdi32.dll' -> '\Device\HarddiskVolume3\Windows\System32\gdi32.dll' [rcNtRedir=0xc0150008]
2450.5ce4: supR3HardenedWinVerifyCacheProcessImportTodos: Processing 'shlwapi.dll'...
2450.5ce4: supR3HardenedWinVerifyCacheProcessImportTodos: 'shlwapi.dll' -> '\Device\HarddiskVolume3\Windows\System32\shlwapi.dll' [rcNtRedir=0xc0150008]
2450.5ce4: supR3HardenedScreenImage/Imports: cache hit (VINF_SUCCESS) on \Device\HarddiskVolume3\Windows\System32\shlwapi.dll
2450.5ce4: supR3HardenedWinVerifyCacheProcessImportTodos: Processing 'user32.dll'...
2450.5ce4: supR3HardenedWinVerifyCacheProcessImportTodos: 'user32.dll' -> '\Device\HarddiskVolume3\Windows\System32\user32.dll' [rcNtRedir=0xc0150008]
2450.5ce4: supR3HardenedWinVerifyCacheProcessImportTodos: Processing 'rpcrt4.dll'...
2450.5ce4: supR3HardenedWinVerifyCacheProcessImportTodos: 'rpcrt4.dll' -> '\Device\HarddiskVolume3\Windows\System32\rpcrt4.dll' [rcNtRedir=0xc0150008]
2450.5ce4: supR3HardenedWinVerifyCacheProcessImportTodos: Processing 'msvcp_win.dll'...
2450.5ce4: supR3HardenedWinVerifyCacheProcessImportTodos: 'msvcp_win.dll' -> '\Device\HarddiskVolume3\Windows\System32\msvcp_win.dll' [rcNtRedir=0xc0150008]
2450.5ce4: supR3HardenedWinVerifyCacheProcessImportTodos: Processing 'user32.dll'...
2450.5ce4: supR3HardenedWinVerifyCacheProcessImportTodos: 'user32.dll' -> '\Device\HarddiskVolume3\Windows\System32\user32.dll' [rcNtRedir=0xc0150008]
2450.5ce4: supR3HardenedWinVerifyCacheProcessImportTodos: Processing 'gdi32.dll'...
2450.5ce4: supR3HardenedWinVerifyCacheProcessImportTodos: 'gdi32.dll' -> '\Device\HarddiskVolume3\Windows\System32\gdi32.dll' [rcNtRedir=0xc0150008]
2450.5ce4: supR3HardenedWinVerifyCacheProcessImportTodos: Processing 'advapi32.dll'...
2450.5ce4: supR3HardenedWinVerifyCacheProcessImportTodos: 'advapi32.dll' -> '\Device\HarddiskVolume3\Windows\System32\advapi32.dll' [rcNtRedir=0xc0150008]
2450.5ce4: supR3HardenedScreenImage/Imports: cache hit (VINF_SUCCESS) on \Device\HarddiskVolume3\Windows\System32\advapi32.dll
2450.5ce4: supR3HardenedMonitor_LdrLoadDll: returns rcNt=0x0 hMod=00007fff06220000 'C:\WINDOWS\system32\rsaenh.dll'
2450.5ce4: supR3HardenedMonitor_LdrLoadDll: returns rcNt=0x0 hMod=00007fff081d0000 'C:\WINDOWS\System32\crypt32.dll'
2450.5ce4: supR3HardenedWinVerifyCacheScheduleImports: Import todo: #0 'msvcrt.dll'.
2450.5ce4: supR3HardenedWinVerifyCacheScheduleImports: Import todo: #23 'sspicli.dll'.
2450.5ce4: supR3HardenedWinVerifyCacheScheduleImports: Import todo: #28 'crypt32.dll'.
2450.5ce4: supHardenedWinVerifyImageByHandle: -> 0 (\Device\HarddiskVolume3\Windows\System32\wtsapi32.dll) WinVerifyTrust
2450.5ce4: supR3HardenedWinVerifyCacheInsert: \Device\HarddiskVolume3\Windows\System32\wtsapi32.dll
2450.5ce4: supR3HardenedWinVerifyCacheProcessImportTodos: Processing 'winmm.dll'...
2450.5ce4: supR3HardenedWinVerifyCacheProcessImportTodos: 'winmm.dll' -> '\Device\HarddiskVolume3\Windows\System32\winmm.dll' [rcNtRedir=0xc0150008]
2450.5ce4: supR3HardenedScreenImage/Imports: cache hit (VINF_SUCCESS) on \Device\HarddiskVolume3\Windows\System32\winmm.dll
2450.5ce4: supR3HardenedWinVerifyCacheProcessImportTodos: Processing 'user32.dll'...
2450.5ce4: supR3HardenedWinVerifyCacheProcessImportTodos: 'user32.dll' -> '\Device\HarddiskVolume3\Windows\System32\user32.dll' [rcNtRedir=0xc0150008]
2450.5ce4: supR3HardenedWinVerifyCacheProcessImportTodos: Processing 'shlwapi.dll'...
2450.5ce4: supR3HardenedWinVerifyCacheProcessImportTodos: 'shlwapi.dll' -> '\Device\HarddiskVolume3\Windows\System32\shlwapi.dll' [rcNtRedir=0xc0150008]
2450.5ce4: supR3HardenedScreenImage/Imports: cache hit (VINF_SUCCESS) on \Device\HarddiskVolume3\Windows\System32\shlwapi.dll
2450.5ce4: supR3HardenedWinVerifyCacheProcessImportTodos: Processing 'shell32.dll'...
2450.5ce4: supR3HardenedWinVerifyCacheProcessImportTodos: 'shell32.dll' -> '\Device\HarddiskVolume3\Windows\System32\shell32.dll' [rcNtRedir=0xc0150008]
2450.5ce4: supR3HardenedScreenImage/Imports: cache hit (VINF_SUCCESS) on \Device\HarddiskVolume3\Windows\System32\shell32.dll
2450.5ce4: supR3HardenedWinVerifyCacheProcessImportTodos: Processing 'setupapi.dll'...
2450.5ce4: supR3HardenedWinVerifyCacheProcessImportTodos: 'setupapi.dll' -> '\Device\HarddiskVolume3\Windows\System32\setupapi.dll' [rcNtRedir=0xc0150008]
2450.5ce4: supR3HardenedWinVerifyCacheProcessImportTodos: Processing 'crypt32.dll'...
2450.5ce4: supR3HardenedWinVerifyCacheProcessImportTodos: 'crypt32.dll' -> '\Device\HarddiskVolume3\Windows\System32\crypt32.dll' [rcNtRedir=0xc0150008]
2450.5ce4: supR3HardenedWinVerifyCacheProcessImportTodos: Processing 'sspicli.dll'...
2450.5ce4: supR3HardenedWinVerifyCacheProcessImportTodos: 'sspicli.dll' -> '\Device\HarddiskVolume3\Windows\System32\sspicli.dll' [rcNtRedir=0xc0150008]
2450.5ce4: Detected WinVerifyTrust recursion: rc=VINF_SUCCESS '\Device\HarddiskVolume3\Windows\System32\sspicli.dll'.
2450.5ce4: supR3HardenedWinVerifyCacheScheduleImports: Import todo: #3 'rpcrt4.dll'.
2450.5ce4: supHardenedWinVerifyImageByHandle: -> 0 (\Device\HarddiskVolume3\Windows\System32\sspicli.dll)
2450.5ce4: supR3HardenedWinVerifyCacheInsert: \Device\HarddiskVolume3\Windows\System32\sspicli.dll
2450.5ce4: supR3HardenedWinVerifyCacheProcessImportTodos: Processing 'msvcrt.dll'...
2450.5ce4: supR3HardenedWinVerifyCacheProcessImportTodos: 'msvcrt.dll' -> '\Device\HarddiskVolume3\Windows\System32\msvcrt.dll' [rcNtRedir=0xc0150008]
2450.5ce4: supR3HardenedScreenImage/Imports: cache hit (VINF_SUCCESS) on \Device\HarddiskVolume3\Windows\System32\msvcrt.dll
2450.5ce4: supR3HardenedWinVerifyCacheProcessImportTodos: Processing 'rpcrt4.dll'...
2450.5ce4: supR3HardenedWinVerifyCacheProcessImportTodos: 'rpcrt4.dll' -> '\Device\HarddiskVolume3\Windows\System32\rpcrt4.dll' [rcNtRedir=0xc0150008]
2450.5ce4: supR3HardenedMonitor_LdrLoadDll: returns rcNt=0x0 hMod=00007fff06220000 'C:\WINDOWS\system32\rsaenh.dll'
2450.5ce4: supR3HardenedMonitor_LdrLoadDll: returns rcNt=0x0 hMod=00007fff081d0000 'C:\WINDOWS\System32\crypt32.dll'
2450.5ce4: supR3HardenedWinVerifyCacheScheduleImports: Import todo: #0 'msvcrt.dll'.
2450.5ce4: supHardenedWinVerifyImageByHandle: -> 0 (\Device\HarddiskVolume3\Windows\System32\setupapi.dll) WinVerifyTrust
2450.5ce4: supR3HardenedWinVerifyCacheInsert: \Device\HarddiskVolume3\Windows\System32\setupapi.dll
2450.5ce4: supR3HardenedWinVerifyCacheProcessImportTodos: Processing 'oleaut32.dll'...
2450.5ce4: supR3HardenedWinVerifyCacheProcessImportTodos: 'oleaut32.dll' -> '\Device\HarddiskVolume3\Windows\System32\oleaut32.dll' [rcNtRedir=0xc0150008]
2450.5ce4: supR3HardenedScreenImage/Imports: cache hit (VINF_SUCCESS) on \Device\HarddiskVolume3\Windows\System32\oleaut32.dll
2450.5ce4: supR3HardenedWinVerifyCacheProcessImportTodos: Processing 'ole32.dll'...
2450.5ce4: supR3HardenedWinVerifyCacheProcessImportTodos: 'ole32.dll' -> '\Device\HarddiskVolume3\Windows\System32\ole32.dll' [rcNtRedir=0xc0150008]
2450.5ce4: supR3HardenedScreenImage/Imports: cache hit (VINF_SUCCESS) on \Device\HarddiskVolume3\Windows\System32\ole32.dll
2450.5ce4: supR3HardenedWinVerifyCacheProcessImportTodos: Processing 'imm32.dll'...
2450.5ce4: supR3HardenedWinVerifyCacheProcessImportTodos: 'imm32.dll' -> '\Device\HarddiskVolume3\Windows\System32\imm32.dll' [rcNtRedir=0xc0150008]
2450.5ce4: supR3HardenedScreenImage/Imports: cache hit (VINF_SUCCESS) on \Device\HarddiskVolume3\Windows\System32\imm32.dll
2450.5ce4: supR3HardenedWinVerifyCacheProcessImportTodos: Processing 'gdi32.dll'...
2450.5ce4: supR3HardenedWinVerifyCacheProcessImportTodos: 'gdi32.dll' -> '\Device\HarddiskVolume3\Windows\System32\gdi32.dll' [rcNtRedir=0xc0150008]
2450.5ce4: supR3HardenedWinVerifyCacheProcessImportTodos: Processing 'dwmapi.dll'...
2450.5ce4: supR3HardenedWinVerifyCacheProcessImportTodos: 'dwmapi.dll' -> '\Device\HarddiskVolume3\Windows\System32\dwmapi.dll' [rcNtRedir=0xc0150008]
2450.5ce4: supR3HardenedScreenImage/Imports: cache hit (VINF_SUCCESS) on \Device\HarddiskVolume3\Windows\System32\dwmapi.dll
2450.5ce4: supR3HardenedWinVerifyCacheProcessImportTodos: Processing 'advapi32.dll'...
2450.5ce4: supR3HardenedWinVerifyCacheProcessImportTodos: 'advapi32.dll' -> '\Device\HarddiskVolume3\Windows\System32\advapi32.dll' [rcNtRedir=0xc0150008]
2450.5ce4: supR3HardenedScreenImage/Imports: cache hit (VINF_SUCCESS) on \Device\HarddiskVolume3\Windows\System32\advapi32.dll
2450.5ce4: supR3HardenedWinVerifyCacheProcessImportTodos: Processing 'msvcrt.dll'...
2450.5ce4: supR3HardenedWinVerifyCacheProcessImportTodos: 'msvcrt.dll' -> '\Device\HarddiskVolume3\Windows\System32\msvcrt.dll' [rcNtRedir=0xc0150008]
2450.5ce4: supR3HardenedMonitor_LdrLoadDll: pName=C:\Program Files\Oracle\VirtualBox\platforms\qwindowsVBox.dll (rcNtResolve=0xc0150008) *pfFlags=0x0 pwszSearchPath=0000000000000001:<flags> [calling]
2450.5ce4: supR3HardenedScreenImage/NtCreateSection: cache hit (VINF_SUCCESS) on \Device\HarddiskVolume3\Program Files\Oracle\VirtualBox\platforms\qwindowsVBox.dll
2450.5ce4: supR3HardenedScreenImage/NtCreateSection: cache hit (VINF_SUCCESS) on \Device\HarddiskVolume3\Windows\System32\wtsapi32.dll
2450.5ce4: supR3HardenedWinVerifyCacheScheduleImports: Import todo: #1 'advapi32.dll'.
2450.5ce4: supR3HardenedWinVerifyCacheScheduleImports: Import todo: #2 'gdi32.dll'.
2450.5ce4: supR3HardenedWinVerifyCacheScheduleImports: Import todo: #4 'user32.dll'.
2450.5ce4: supHardenedWinVerifyImageByHandle: -> 0 (\Device\HarddiskVolume3\Windows\WinSxS\amd64_microsoft.windows.common-controls_6595b64144ccf1df_5.82.26100.7309_none_87ef0e2f7a2c9771\comctl32.dll)
2450.5ce4: supR3HardenedWinVerifyCacheInsert: \Device\HarddiskVolume3\Windows\WinSxS\amd64_microsoft.windows.common-controls_6595b64144ccf1df_5.82.26100.7309_none_87ef0e2f7a2c9771\comctl32.dll
2450.5ce4: supR3HardenedScreenImage/NtCreateSection: cache hit (VINF_SUCCESS) on \Device\HarddiskVolume3\Windows\System32\d3d9.dll
2450.5ce4: supR3HardenedScreenImage/NtCreateSection: cache hit (VINF_SUCCESS) on \Device\HarddiskVolume3\Windows\System32\UIAutomationCore.dll
2450.5ce4: supR3HardenedScreenImage/NtCreateSection: cache hit (VINF_SUCCESS) on \Device\HarddiskVolume3\Windows\System32\sspicli.dll [avoiding WinVerifyTrust]
2450.5ce4: supR3HardenedWinVerifyCacheScheduleImports: Import todo: #0 'msvcp_win.dll'.
2450.5ce4: supR3HardenedWinVerifyCacheScheduleImports: Import todo: #27 'win32u.dll'.
2450.5ce4: supHardenedWinVerifyImageByHandle: -> 0 (\Device\HarddiskVolume3\Windows\System32\DXCore.dll)
2450.5ce4: supR3HardenedWinVerifyCacheInsert: \Device\HarddiskVolume3\Windows\System32\DXCore.dll
2450.5ce4: supR3HardenedDllNotificationCallback: load   00007fff09810000 LB 0x00489000 C:\WINDOWS\System32\SETUPAPI.dll [fFlags=0x0]
2450.5ce4: supR3HardenedScreenImage/LdrLoadDll: cache hit (VINF_SUCCESS) on \Device\HarddiskVolume3\Windows\System32\setupapi.dll
2450.5ce4: supR3HardenedDllNotificationCallback: load   00007fff06560000 LB 0x00049000 C:\WINDOWS\SYSTEM32\SspiCli.dll [fFlags=0x0]
2450.5ce4: supR3HardenedScreenImage/LdrLoadDll: cache hit (VINF_SUCCESS) on \Device\HarddiskVolume3\Windows\System32\sspicli.dll [avoiding WinVerifyTrust]
2450.5ce4: supR3HardenedDllNotificationCallback: load   00007fff016f0000 LB 0x0002a000 C:\WINDOWS\SYSTEM32\WTSAPI32.dll [fFlags=0x0]
2450.5ce4: supR3HardenedScreenImage/LdrLoadDll: cache hit (VINF_SUCCESS) on \Device\HarddiskVolume3\Windows\System32\wtsapi32.dll
2450.5ce4: supR3HardenedDllNotificationCallback: load   00007ffeeb960000 LB 0x000b4000 C:\WINDOWS\WinSxS\amd64_microsoft.windows.common-controls_6595b64144ccf1df_5.82.26100.7309_none_87ef0e2f7a2c9771\COMCTL32.dll [fFlags=0x0]
2450.5ce4: supR3HardenedScreenImage/LdrLoadDll: cache hit (VINF_SUCCESS) on \Device\HarddiskVolume3\Windows\WinSxS\amd64_microsoft.windows.common-controls_6595b64144ccf1df_5.82.26100.7309_none_87ef0e2f7a2c9771\comctl32.dll [avoiding WinVerifyTrust]
2450.5ce4: supR3HardenedDllNotificationCallback: load   00007fff0a450000 LB 0x000ef000 C:\WINDOWS\System32\COMDLG32.dll [fFlags=0x0]
2450.5ce4: supR3HardenedScreenImage/LdrLoadDll: cache hit (VINF_SUCCESS) on \Device\HarddiskVolume3\Windows\System32\comdlg32.dll
2450.5ce4: supR3HardenedDllNotificationCallback: load   00007fff02900000 LB 0x00044000 C:\WINDOWS\SYSTEM32\dxcore.dll [fFlags=0x0]
2450.5ce4: supR3HardenedScreenImage/LdrLoadDll: cache hit (VINF_SUCCESS) on \Device\HarddiskVolume3\Windows\System32\DXCore.dll [avoiding WinVerifyTrust]
2450.5ce4: supR3HardenedDllNotificationCallback: load   00007ffeefda0000 LB 0x001b3000 C:\WINDOWS\SYSTEM32\d3d9.dll [fFlags=0x0]
2450.5ce4: supR3HardenedScreenImage/LdrLoadDll: cache hit (VINF_SUCCESS) on \Device\HarddiskVolume3\Windows\System32\d3d9.dll
2450.5ce4: supR3HardenedDllNotificationCallback: load   00007ffec1e80000 LB 0x00421000 C:\WINDOWS\SYSTEM32\UIAutomationCore.DLL [fFlags=0x0]
2450.5ce4: supR3HardenedScreenImage/LdrLoadDll: cache hit (VINF_SUCCESS) on \Device\HarddiskVolume3\Windows\System32\UIAutomationCore.dll
2450.5ce4: supR3HardenedDllNotificationCallback: load   00007ffecb620000 LB 0x000db000 C:\Program Files\Oracle\VirtualBox\platforms\qwindowsVBox.dll [fFlags=0x0]
2450.5ce4: supR3HardenedScreenImage/LdrLoadDll: cache hit (VINF_SUCCESS) on \Device\HarddiskVolume3\Program Files\Oracle\VirtualBox\platforms\qwindowsVBox.dll
2450.5ce4: Detected loader lock ownership: rc=VINF_SUCCESS '\Device\HarddiskVolume3\Windows\System32\DXCore.dll'.
2450.5ce4: supR3HardenedWinVerifyCacheProcessWvtTodos: 0 (was 0) fWinVerifyTrust=0 for '\Device\HarddiskVolume3\Windows\System32\DXCore.dll' [rescheduled]
2450.5ce4: Detected loader lock ownership: rc=VINF_SUCCESS '\Device\HarddiskVolume3\Windows\WinSxS\amd64_microsoft.windows.common-controls_6595b64144ccf1df_5.82.26100.7309_none_87ef0e2f7a2c9771\comctl32.dll'.
2450.5ce4: supR3HardenedWinVerifyCacheProcessWvtTodos: 0 (was 0) fWinVerifyTrust=0 for '\Device\HarddiskVolume3\Windows\WinSxS\amd64_microsoft.windows.common-controls_6595b64144ccf1df_5.82.26100.7309_none_87ef0e2f7a2c9771\comctl32.dll' [rescheduled]
2450.5ce4: Detected loader lock ownership: rc=VINF_SUCCESS '\Device\HarddiskVolume3\Windows\System32\sspicli.dll'.
2450.5ce4: supR3HardenedWinVerifyCacheProcessWvtTodos: 0 (was 0) fWinVerifyTrust=0 for '\Device\HarddiskVolume3\Windows\System32\sspicli.dll' [rescheduled]
2450.5ce4: Detected loader lock ownership: rc=VINF_SUCCESS '\Device\HarddiskVolume3\Windows\System32\comctl32.dll'.
2450.5ce4: supR3HardenedWinVerifyCacheProcessWvtTodos: 0 (was 0) fWinVerifyTrust=0 for '\Device\HarddiskVolume3\Windows\System32\comctl32.dll' [rescheduled]
2450.5ce4: supR3HardenedScreenImage/LdrLoadDll: cache hit (VINF_SUCCESS) on \Device\HarddiskVolume3\Windows\System32\imm32.dll
2450.5ce4: supR3HardenedWinVerifyCacheProcessImportTodos: Processing 'win32u.dll'...
2450.5ce4: supR3HardenedWinVerifyCacheProcessImportTodos: 'win32u.dll' -> '\Device\HarddiskVolume3\Windows\System32\win32u.dll' [rcNtRedir=0xc0150008]
2450.5ce4: supR3HardenedWinVerifyCacheProcessImportTodos: Processing 'msvcp_win.dll'...
2450.5ce4: supR3HardenedWinVerifyCacheProcessImportTodos: 'msvcp_win.dll' -> '\Device\HarddiskVolume3\Windows\System32\msvcp_win.dll' [rcNtRedir=0xc0150008]
2450.5ce4: supR3HardenedWinVerifyCacheProcessImportTodos: Processing 'user32.dll'...
2450.5ce4: supR3HardenedWinVerifyCacheProcessImportTodos: 'user32.dll' -> '\Device\HarddiskVolume3\Windows\System32\user32.dll' [rcNtRedir=0xc0150008]
2450.5ce4: supR3HardenedWinVerifyCacheProcessImportTodos: Processing 'gdi32.dll'...
2450.5ce4: supR3HardenedWinVerifyCacheProcessImportTodos: 'gdi32.dll' -> '\Device\HarddiskVolume3\Windows\System32\gdi32.dll' [rcNtRedir=0xc0150008]
2450.5ce4: supR3HardenedScreenImage/Imports: cache hit (VINF_SUCCESS) on \Device\HarddiskVolume3\Windows\System32\gdi32.dll
2450.5ce4: supR3HardenedWinVerifyCacheProcessImportTodos: Processing 'advapi32.dll'...
2450.5ce4: supR3HardenedWinVerifyCacheProcessImportTodos: 'advapi32.dll' -> '\Device\HarddiskVolume3\Windows\System32\advapi32.dll' [rcNtRedir=0xc0150008]
2450.5ce4: supR3HardenedScreenImage/Imports: cache hit (VINF_SUCCESS) on \Device\HarddiskVolume3\Windows\System32\advapi32.dll
2450.5ce4: supR3HardenedMonitor_LdrLoadDll: pName=C:\WINDOWS\System32\imm32.dll (Input=imm32.dll, rcNtResolve=0xc0150008) *pfFlags=0x0 pwszSearchPath=0000000000000001:<flags> [calling]
2450.5ce4: supR3HardenedMonitor_LdrLoadDll: returns rcNt=0x0 hMod=00007fff0a630000 'C:\WINDOWS\System32\imm32.dll'
2450.5ce4: Detected loader lock ownership: rc=VINF_SUCCESS '\Device\HarddiskVolume3\Windows\System32\DXCore.dll'.
2450.5ce4: supR3HardenedWinVerifyCacheProcessWvtTodos: 0 (was 0) fWinVerifyTrust=0 for '\Device\HarddiskVolume3\Windows\System32\DXCore.dll' [rescheduled]
2450.5ce4: Detected loader lock ownership: rc=VINF_SUCCESS '\Device\HarddiskVolume3\Windows\WinSxS\amd64_microsoft.windows.common-controls_6595b64144ccf1df_5.82.26100.7309_none_87ef0e2f7a2c9771\comctl32.dll'.
2450.5ce4: supR3HardenedWinVerifyCacheProcessWvtTodos: 0 (was 0) fWinVerifyTrust=0 for '\Device\HarddiskVolume3\Windows\WinSxS\amd64_microsoft.windows.common-controls_6595b64144ccf1df_5.82.26100.7309_none_87ef0e2f7a2c9771\comctl32.dll' [rescheduled]
2450.5ce4: Detected loader lock ownership: rc=VINF_SUCCESS '\Device\HarddiskVolume3\Windows\System32\sspicli.dll'.
2450.5ce4: supR3HardenedWinVerifyCacheProcessWvtTodos: 0 (was 0) fWinVerifyTrust=0 for '\Device\HarddiskVolume3\Windows\System32\sspicli.dll' [rescheduled]
2450.5ce4: Detected loader lock ownership: rc=VINF_SUCCESS '\Device\HarddiskVolume3\Windows\System32\comctl32.dll'.
2450.5ce4: supR3HardenedWinVerifyCacheProcessWvtTodos: 0 (was 0) fWinVerifyTrust=0 for '\Device\HarddiskVolume3\Windows\System32\comctl32.dll' [rescheduled]
2450.5ce4: supR3HardenedMonitor_LdrLoadDll: returns rcNt=0x0 hMod=00007ffecb620000 'C:\Program Files\Oracle\VirtualBox\platforms\qwindowsVBox.dll'
2450.5ce4: supR3HardenedMonitor_LdrLoadDll: returns rcNt=0x0 hMod=00007fff06220000 'C:\WINDOWS\system32\rsaenh.dll'
2450.5ce4: supR3HardenedMonitor_LdrLoadDll: returns rcNt=0x0 hMod=00007fff081d0000 'C:\WINDOWS\System32\crypt32.dll'
2450.5ce4: supR3HardenedWinVerifyCacheProcessWvtTodos: 0 (was 0) fWinVerifyTrust=1 for '\Device\HarddiskVolume3\Windows\System32\DXCore.dll'
2450.5ce4: supR3HardenedMonitor_LdrLoadDll: returns rcNt=0x0 hMod=00007fff06220000 'C:\WINDOWS\system32\rsaenh.dll'
2450.5ce4: supR3HardenedMonitor_LdrLoadDll: returns rcNt=0x0 hMod=00007fff081d0000 'C:\WINDOWS\System32\crypt32.dll'
2450.5ce4: supR3HardenedWinVerifyCacheProcessWvtTodos: 0 (was 0) fWinVerifyTrust=1 for '\Device\HarddiskVolume3\Windows\WinSxS\amd64_microsoft.windows.common-controls_6595b64144ccf1df_5.82.26100.7309_none_87ef0e2f7a2c9771\comctl32.dll'
2450.5ce4: supR3HardenedMonitor_LdrLoadDll: returns rcNt=0x0 hMod=00007fff06220000 'C:\WINDOWS\system32\rsaenh.dll'
2450.5ce4: supR3HardenedMonitor_LdrLoadDll: returns rcNt=0x0 hMod=00007fff081d0000 'C:\WINDOWS\System32\crypt32.dll'
2450.5ce4: supR3HardenedWinVerifyCacheProcessWvtTodos: 0 (was 0) fWinVerifyTrust=1 for '\Device\HarddiskVolume3\Windows\System32\sspicli.dll'
2450.5ce4: supR3HardenedMonitor_LdrLoadDll: returns rcNt=0x0 hMod=00007fff06220000 'C:\WINDOWS\system32\rsaenh.dll'
2450.5ce4: supR3HardenedMonitor_LdrLoadDll: returns rcNt=0x0 hMod=00007fff081d0000 'C:\WINDOWS\System32\crypt32.dll'
2450.5ce4: supR3HardenedWinVerifyCacheProcessWvtTodos: 0 (was 0) fWinVerifyTrust=1 for '\Device\HarddiskVolume3\Windows\System32\comctl32.dll'
2450.5ce4: supR3HardenedWinVerifyCacheScheduleImports: Import todo: #4 'rpcrt4.dll'.
2450.5ce4: supR3HardenedWinVerifyCacheScheduleImports: Import todo: #39 'bcryptprimitives.dll'.
2450.5ce4: supR3HardenedWinVerifyCacheScheduleImports: Import todo: #53 'combase.dll'.
2450.5ce4: supR3HardenedWinVerifyCacheScheduleImports: Import todo: #54 'msvcp_win.dll'.
2450.5ce4: supHardenedWinVerifyImageByHandle: -> 22900 (\Device\HarddiskVolume3\Windows\System32\rpcss.dll)
2450.5ce4: supR3HardenedWinVerifyCacheInsert: \Device\HarddiskVolume3\Windows\System32\rpcss.dll
2450.5ce4: supR3HardenedMonitor_NtCreateSection: NtMapViewOfSection failed on 00000000000007d8 (hFile=0000000000000764) with 0xc0000022 -> STATUS_TRUST_FAILURE
2450.5ce4: supR3HardNtViCallWinVerifyTrustCatFile: hFile=00000000000006d4 pwszName=\Device\HarddiskVolume3\Windows\System32\rpcss.dll
2450.5ce4: supR3HardNtViCallWinVerifyTrustCatFile: Cached context 000001bb7c198320
2450.5ce4: supR3HardNtViCallWinVerifyTrustCatFile: hCatAdmin=000001bb7c198320
2450.5ce4: supR3HardNtViCallWinVerifyTrustCatFile: cbHash=20 wszDigest=4CA8606EF2ACA40CB22FD85B965D9F03BA15F5CD
2450.5ce4: supR3HardenedWinVerifyCacheProcessImportTodos: Processing 'msvcp_win.dll'...
2450.5ce4: supR3HardenedWinVerifyCacheProcessImportTodos: 'msvcp_win.dll' -> '\Device\HarddiskVolume3\Windows\System32\msvcp_win.dll' [rcNtRedir=0xc0150008]
2450.5ce4: supR3HardenedWinVerifyCacheProcessImportTodos: Processing 'combase.dll'...
2450.5ce4: supR3HardenedWinVerifyCacheProcessImportTodos: 'combase.dll' -> '\Device\HarddiskVolume3\Windows\System32\combase.dll' [rcNtRedir=0xc0150008]
2450.5ce4: supR3HardenedScreenImage/Imports: cache hit (VINF_SUCCESS) on \Device\HarddiskVolume3\Windows\System32\combase.dll
2450.5ce4: supR3HardenedWinVerifyCacheProcessImportTodos: Processing 'bcryptprimitives.dll'...
2450.5ce4: supR3HardenedWinVerifyCacheProcessImportTodos: 'bcryptprimitives.dll' -> '\Device\HarddiskVolume3\Windows\System32\bcryptprimitives.dll' [rcNtRedir=0xc0150008]
2450.5ce4: supR3HardenedScreenImage/Imports: cache hit (VINF_SUCCESS) on \Device\HarddiskVolume3\Windows\System32\bcryptprimitives.dll
2450.5ce4: supR3HardenedWinVerifyCacheProcessImportTodos: Processing 'rpcrt4.dll'...
2450.5ce4: supR3HardenedWinVerifyCacheProcessImportTodos: 'rpcrt4.dll' -> '\Device\HarddiskVolume3\Windows\System32\rpcrt4.dll' [rcNtRedir=0xc0150008]
2450.5ce4: supR3HardenedScreenImage/Imports: cache hit (VINF_SUCCESS) on \Device\HarddiskVolume3\Windows\System32\rpcrt4.dll
2450.5ce4: supR3HardenedMonitor_LdrLoadDll: returns rcNt=0x0 hMod=00007fff06220000 'C:\WINDOWS\system32\rsaenh.dll'
2450.5ce4: supR3HardenedMonitor_LdrLoadDll: returns rcNt=0x0 hMod=00007fff081d0000 'C:\WINDOWS\System32\crypt32.dll'
2450.5ce4: supR3HardNtViCallWinVerifyTrustCatFile: WinVerifyTrust => 0x0; cat='C:\WINDOWS\system32\CatRoot\{F750E6C3-38EE-11D1-85E5-00C04FC295EE}\Microsoft-OneCore-CoreSystem-Core-merged-Package~31bf3856ad364e35~amd64~~10.0.26100.7840.cat'; file='\Device\HarddiskVolume3\Windows\System32\rpcss.dll'
2450.5ce4: supR3HardNtViCallWinVerifyTrustCatFile -> 0 (org 22900)
2450.5ce4: supR3HardenedWinVerifyCacheProcessWvtTodos: 0 (was 22900) fWinVerifyTrust=1 for '\Device\HarddiskVolume3\Windows\System32\rpcss.dll'
2450.5ce4: supR3HardenedScreenImage/LdrLoadDll: cache hit (VINF_SUCCESS) on \Device\HarddiskVolume3\Windows\System32\uxtheme.dll
2450.5ce4: supR3HardenedMonitor_LdrLoadDll: pName=C:\WINDOWS\system32\uxtheme.dll (rcNtResolve=0xc0150008) *pfFlags=0x0 pwszSearchPath=0000000000000009:<flags> [calling]
2450.5ce4: supR3HardenedMonitor_LdrLoadDll: returns rcNt=0x0 hMod=00007fff026e0000 'C:\WINDOWS\system32\uxtheme.dll'
2450.5ce4: supR3HardenedDllNotificationCallback: load   00007fff0a670000 LB 0x0015f000 C:\WINDOWS\System32\MSCTF.dll [fFlags=0x0]
2450.5ce4: supR3HardenedWinVerifyCacheScheduleImports: Import todo: #0 'msvcrt.dll'.
2450.5ce4: supR3HardenedWinVerifyCacheScheduleImports: Import todo: #37 'user32.dll'.
2450.5ce4: supHardenedWinVerifyImageByHandle: -> 0 (\Device\HarddiskVolume3\Windows\System32\msctf.dll)
2450.5ce4: supR3HardenedWinVerifyCacheInsert: \Device\HarddiskVolume3\Windows\System32\msctf.dll
2450.5ce4: supR3HardenedWinVerifyCacheProcessImportTodos: Processing 'user32.dll'...
2450.5ce4: supR3HardenedWinVerifyCacheProcessImportTodos: 'user32.dll' -> '\Device\HarddiskVolume3\Windows\System32\user32.dll' [rcNtRedir=0xc0150008]
2450.5ce4: supR3HardenedScreenImage/Imports: cache hit (VINF_SUCCESS) on \Device\HarddiskVolume3\Windows\System32\user32.dll
2450.5ce4: supR3HardenedWinVerifyCacheProcessImportTodos: Processing 'msvcrt.dll'...
2450.5ce4: supR3HardenedWinVerifyCacheProcessImportTodos: 'msvcrt.dll' -> '\Device\HarddiskVolume3\Windows\System32\msvcrt.dll' [rcNtRedir=0xc0150008]
2450.5ce4: supR3HardenedMonitor_LdrLoadDll: returns rcNt=0x0 hMod=00007fff06220000 'C:\WINDOWS\system32\rsaenh.dll'
2450.5ce4: supR3HardenedMonitor_LdrLoadDll: returns rcNt=0x0 hMod=00007fff081d0000 'C:\WINDOWS\System32\crypt32.dll'
2450.5ce4: supR3HardenedWinVerifyCacheProcessWvtTodos: 0 (was 0) fWinVerifyTrust=1 for '\Device\HarddiskVolume3\Windows\System32\msctf.dll'
2450.5ce4: supR3HardenedMonitor_LdrLoadDll: returns rcNt=0x0 hMod=00007fff08d90000 'C:\WINDOWS\System32\USER32.dll'
2450.5ce4: supR3HardenedMonitor_LdrLoadDll: returns rcNt=0x0 hMod=00007fff06220000 'C:\WINDOWS\system32\rsaenh.dll'
2450.5ce4: supR3HardenedMonitor_LdrLoadDll: returns rcNt=0x0 hMod=00007fff081d0000 'C:\WINDOWS\System32\crypt32.dll'
2450.5ce4: supR3HardenedWinVerifyCacheScheduleImports: Import todo: #19 'cfgmgr32.dll'.
2450.5ce4: supHardenedWinVerifyImageByHandle: -> 0 (\Device\HarddiskVolume3\Windows\System32\devobj.dll) WinVerifyTrust
2450.5ce4: supR3HardenedWinVerifyCacheInsert: \Device\HarddiskVolume3\Windows\System32\devobj.dll
2450.5ce4: supR3HardenedWinVerifyCacheProcessImportTodos: Processing 'cfgmgr32.dll'...
2450.5ce4: supR3HardenedWinVerifyCacheProcessImportTodos: 'cfgmgr32.dll' -> '\Device\HarddiskVolume3\Windows\System32\cfgmgr32.dll' [rcNtRedir=0xc0150008]
2450.5ce4: supR3HardenedMonitor_LdrLoadDll: returns rcNt=0x0 hMod=00007fff06220000 'C:\WINDOWS\system32\rsaenh.dll'
2450.5ce4: supR3HardenedMonitor_LdrLoadDll: returns rcNt=0x0 hMod=00007fff081d0000 'C:\WINDOWS\System32\crypt32.dll'
2450.5ce4: supHardenedWinVerifyImageByHandle: -> 0 (\Device\HarddiskVolume3\Windows\System32\cfgmgr32.dll) WinVerifyTrust
2450.5ce4: supR3HardenedWinVerifyCacheInsert: \Device\HarddiskVolume3\Windows\System32\cfgmgr32.dll
2450.5ce4: supR3HardenedMonitor_LdrLoadDll: pName=C:\WINDOWS\System32\DEVOBJ.dll (Input=DEVOBJ.dll, rcNtResolve=0xc0150008) *pfFlags=0x0 pwszSearchPath=0000000000000001:<flags> [calling]
2450.5ce4: supR3HardenedScreenImage/NtCreateSection: cache hit (VINF_SUCCESS) on \Device\HarddiskVolume3\Windows\System32\devobj.dll
2450.5ce4: supR3HardenedScreenImage/NtCreateSection: cache hit (VINF_SUCCESS) on \Device\HarddiskVolume3\Windows\System32\cfgmgr32.dll
2450.5ce4: supR3HardenedDllNotificationCallback: load   00007fff070d0000 LB 0x00057000 C:\WINDOWS\SYSTEM32\cfgmgr32.dll [fFlags=0x0]
2450.5ce4: supR3HardenedScreenImage/LdrLoadDll: cache hit (VINF_SUCCESS) on \Device\HarddiskVolume3\Windows\System32\cfgmgr32.dll
2450.5ce4: supR3HardenedDllNotificationCallback: load   00007fff070a0000 LB 0x0002d000 C:\WINDOWS\System32\DEVOBJ.dll [fFlags=0x0]
2450.5ce4: supR3HardenedScreenImage/LdrLoadDll: cache hit (VINF_SUCCESS) on \Device\HarddiskVolume3\Windows\System32\devobj.dll
2450.5ce4: supR3HardenedMonitor_LdrLoadDll: returns rcNt=0x0 hMod=00007fff070a0000 'C:\WINDOWS\System32\DEVOBJ.dll'
2450.5ce4: supR3HardenedIsApiSetDll: ApiSetQueryApiSetPresence(api-ms-win-core-registry-l1-1-0.dll) -> 0x0, fPresent=1
2450.5ce4: supR3HardenedMonitor_LdrLoadDll: pName=api-ms-win-core-registry-l1-1-0.dll (rcNtResolve=0x0) *pfFlags=0x0 pwszSearchPath=0000000000000001:<flags> [calling]
2450.5ce4: supR3HardenedMonitor_LdrLoadDll: returns rcNt=0x0 hMod=00007fff07560000 'api-ms-win-core-registry-l1-1-0.dll'
2450.5ce4: supR3HardenedScreenImage/LdrLoadDll: cache hit (VINF_SUCCESS) on \Device\HarddiskVolume3\Windows\System32\wintrust.dll
2450.5ce4: supR3HardenedMonitor_LdrLoadDll: pName=C:\WINDOWS\System32\WINTRUST.dll (Input=WINTRUST.dll, rcNtResolve=0xc0150008) *pfFlags=0x0 pwszSearchPath=0000000000000001:<flags> [calling]
2450.5ce4: supR3HardenedMonitor_LdrLoadDll: returns rcNt=0x0 hMod=00007fff08350000 'C:\WINDOWS\System32\WINTRUST.dll'
2450.5ce4: supR3HardenedMonitor_LdrLoadDll: returns rcNt=0x0 hMod=00007fff06220000 'C:\WINDOWS\system32\rsaenh.dll'
2450.5ce4: supR3HardenedMonitor_LdrLoadDll: returns rcNt=0x0 hMod=00007fff081d0000 'C:\WINDOWS\System32\crypt32.dll'
2450.5ce4: supR3HardenedWinVerifyCacheScheduleImports: Import todo: #0 'gdi32.dll'.
2450.5ce4: supR3HardenedWinVerifyCacheScheduleImports: Import todo: #1 'user32.dll'.
2450.5ce4: supR3HardenedWinVerifyCacheScheduleImports: Import todo: #2 'uxtheme.dll'.
2450.5ce4: supR3HardenedWinVerifyCacheScheduleImports: Import todo: #3 'qt6widgetsvbox.dll'.
2450.5ce4: supR3HardenedWinVerifyCacheScheduleImports: Import todo: #4 'qt6guivbox.dll'.
2450.5ce4: supR3HardenedWinVerifyCacheScheduleImports: Import todo: #5 'qt6corevbox.dll'.
2450.5ce4: supR3HardenedWinVerifyCacheScheduleImports: Import todo: #7 'msvcp140.dll'.
2450.5ce4: supR3HardenedWinVerifyCacheScheduleImports: Import todo: #8 'vcruntime140.dll'.
2450.5ce4: supHardenedWinVerifyImageByHandle: -> 0 (\Device\HarddiskVolume3\Program Files\Oracle\VirtualBox\styles\qmodernwindowsstyleVBox.dll) WinVerifyTrust
2450.5ce4: supR3HardenedWinVerifyCacheInsert: \Device\HarddiskVolume3\Program Files\Oracle\VirtualBox\styles\qmodernwindowsstyleVBox.dll
2450.5ce4: supR3HardenedWinVerifyCacheProcessImportTodos: Processing 'vcruntime140.dll'...
2450.5ce4: supR3HardenedWinVerifyCacheProcessImportTodos: 'vcruntime140.dll' -> '\Device\HarddiskVolume3\Windows\System32\vcruntime140.dll' [rcNtRedir=0xc0150008]
2450.5ce4: supR3HardenedWinVerifyCacheProcessImportTodos: Processing 'msvcp140.dll'...
2450.5ce4: supR3HardenedWinVerifyCacheProcessImportTodos: 'msvcp140.dll' -> '\Device\HarddiskVolume3\Windows\System32\msvcp140.dll' [rcNtRedir=0xc0150008]
2450.5ce4: supR3HardenedWinVerifyCacheProcessImportTodos: Processing 'qt6corevbox.dll'...
2450.5ce4: supR3HardenedWinVerifyCacheProcessImportTodos: 'qt6corevbox.dll' -> '\Device\HarddiskVolume3\Program Files\Oracle\VirtualBox\qt6corevbox.dll' [rcNtRedir=0xc0150008]
2450.5ce4: supR3HardenedWinVerifyCacheProcessImportTodos: Processing 'qt6guivbox.dll'...
2450.5ce4: supR3HardenedWinVerifyCacheProcessImportTodos: 'qt6guivbox.dll' -> '\Device\HarddiskVolume3\Program Files\Oracle\VirtualBox\qt6guivbox.dll' [rcNtRedir=0xc0150008]
2450.5ce4: supR3HardenedScreenImage/Imports: cache hit (VINF_SUCCESS) on \Device\HarddiskVolume3\Program Files\Oracle\VirtualBox\Qt6GuiVBox.dll
2450.5ce4: supR3HardenedWinVerifyCacheProcessImportTodos: Processing 'qt6widgetsvbox.dll'...
2450.5ce4: supR3HardenedWinVerifyCacheProcessImportTodos: 'qt6widgetsvbox.dll' -> '\Device\HarddiskVolume3\Program Files\Oracle\VirtualBox\qt6widgetsvbox.dll' [rcNtRedir=0xc0150008]
2450.5ce4: supR3HardenedScreenImage/Imports: cache hit (VINF_SUCCESS) on \Device\HarddiskVolume3\Program Files\Oracle\VirtualBox\Qt6WidgetsVBox.dll
2450.5ce4: supR3HardenedWinVerifyCacheProcessImportTodos: Processing 'uxtheme.dll'...
2450.5ce4: supR3HardenedWinVerifyCacheProcessImportTodos: 'uxtheme.dll' -> '\Device\HarddiskVolume3\Windows\System32\uxtheme.dll' [rcNtRedir=0xc0150008]
2450.5ce4: supR3HardenedScreenImage/Imports: cache hit (VINF_SUCCESS) on \Device\HarddiskVolume3\Windows\System32\uxtheme.dll
2450.5ce4: supR3HardenedWinVerifyCacheProcessImportTodos: Processing 'user32.dll'...
2450.5ce4: supR3HardenedWinVerifyCacheProcessImportTodos: 'user32.dll' -> '\Device\HarddiskVolume3\Windows\System32\user32.dll' [rcNtRedir=0xc0150008]
2450.5ce4: supR3HardenedWinVerifyCacheProcessImportTodos: Processing 'gdi32.dll'...
2450.5ce4: supR3HardenedWinVerifyCacheProcessImportTodos: 'gdi32.dll' -> '\Device\HarddiskVolume3\Windows\System32\gdi32.dll' [rcNtRedir=0xc0150008]
2450.5ce4: supR3HardenedMonitor_LdrLoadDll: pName=C:\Program Files\Oracle\VirtualBox\styles\qmodernwindowsstyleVBox.dll (rcNtResolve=0xc0150008) *pfFlags=0x0 pwszSearchPath=0000000000000001:<flags> [calling]
2450.5ce4: supR3HardenedScreenImage/NtCreateSection: cache hit (VINF_SUCCESS) on \Device\HarddiskVolume3\Program Files\Oracle\VirtualBox\styles\qmodernwindowsstyleVBox.dll
2450.5ce4: supR3HardenedDllNotificationCallback: load   00007ffee9be0000 LB 0x00036000 C:\Program Files\Oracle\VirtualBox\styles\qmodernwindowsstyleVBox.dll [fFlags=0x0]
2450.5ce4: supR3HardenedScreenImage/LdrLoadDll: cache hit (VINF_SUCCESS) on \Device\HarddiskVolume3\Program Files\Oracle\VirtualBox\styles\qmodernwindowsstyleVBox.dll
2450.5ce4: supR3HardenedMonitor_LdrLoadDll: returns rcNt=0x0 hMod=00007ffee9be0000 'C:\Program Files\Oracle\VirtualBox\styles\qmodernwindowsstyleVBox.dll'
2450.5ce4: '\Device\HarddiskVolume3\Windows\System32\imageres.dll' has no imports
2450.5ce4: supHardenedWinVerifyImageByHandle: -> 22900 (\Device\HarddiskVolume3\Windows\System32\imageres.dll)
2450.5ce4: supR3HardenedWinVerifyCacheInsert: \Device\HarddiskVolume3\Windows\System32\imageres.dll
2450.5ce4: supR3HardenedMonitor_NtCreateSection: NtMapViewOfSection failed on 000000000000081c (hFile=0000000000000768) with 0xc0000022 -> STATUS_TRUST_FAILURE
2450.5ce4: supR3HardenedScreenImage/NtCreateSection: cache hit (22900) on \Device\HarddiskVolume3\Windows\System32\imageres.dll [avoiding WinVerifyTrust]
2450.5ce4: supR3HardenedMonitor_NtCreateSection: NtMapViewOfSection failed on 0000000000000768 (hFile=000000000000081c) with 0xc0000022 -> STATUS_TRUST_FAILURE
2450.5ce4: supR3HardNtViCallWinVerifyTrustCatFile: hFile=0000000000000818 pwszName=\Device\HarddiskVolume3\Windows\System32\imageres.dll
2450.5ce4: supR3HardNtViCallWinVerifyTrustCatFile: Cached context 000001bb7c198320
2450.5ce4: supR3HardNtViCallWinVerifyTrustCatFile: hCatAdmin=000001bb7c198320
2450.5ce4: supR3HardNtViCallWinVerifyTrustCatFile: cbHash=20 wszDigest=0EE2082FDAB9E64FDEB5A51961DE49D30EFA3625
2450.5ce4: supR3HardenedMonitor_LdrLoadDll: returns rcNt=0x0 hMod=00007fff06220000 'C:\WINDOWS\system32\rsaenh.dll'
2450.5ce4: supR3HardenedMonitor_LdrLoadDll: returns rcNt=0x0 hMod=00007fff081d0000 'C:\WINDOWS\System32\crypt32.dll'
2450.5ce4: supR3HardNtViCallWinVerifyTrustCatFile: WinVerifyTrust => 0x0; cat='C:\WINDOWS\system32\CatRoot\{F750E6C3-38EE-11D1-85E5-00C04FC295EE}\Microsoft-Windows-Client-Desktop-Required-Package02~31bf3856ad364e35~amd64~~10.0.26100.7840.cat'; file='\Device\HarddiskVolume3\Windows\System32\imageres.dll'
2450.5ce4: supR3HardNtViCallWinVerifyTrustCatFile -> 0 (org 22900)
2450.5ce4: supR3HardenedWinVerifyCacheProcessWvtTodos: 0 (was 22900) fWinVerifyTrust=1 for '\Device\HarddiskVolume3\Windows\System32\imageres.dll'
2450.5ce4: supR3HardenedMonitor_LdrLoadDll: returns rcNt=0x0 hMod=00007fff06220000 'C:\WINDOWS\system32\rsaenh.dll'
2450.5ce4: supR3HardenedMonitor_LdrLoadDll: returns rcNt=0x0 hMod=00007fff081d0000 'C:\WINDOWS\System32\crypt32.dll'
2450.5ce4: supR3HardenedWinVerifyCacheScheduleImports: Import todo: #0 'msvcrt.dll'.
2450.5ce4: supR3HardenedWinVerifyCacheScheduleImports: Import todo: #39 'gdi32.dll'.
2450.5ce4: supR3HardenedWinVerifyCacheScheduleImports: Import todo: #40 'user32.dll'.
2450.5ce4: supHardenedWinVerifyImageByHandle: -> 0 (\Device\HarddiskVolume3\Windows\WinSxS\amd64_microsoft.windows.common-controls_6595b64144ccf1df_6.0.26100.7824_none_3e0870b2e3345462\comctl32.dll) WinVerifyTrust
2450.5ce4: supR3HardenedWinVerifyCacheInsert: \Device\HarddiskVolume3\Windows\WinSxS\amd64_microsoft.windows.common-controls_6595b64144ccf1df_6.0.26100.7824_none_3e0870b2e3345462\comctl32.dll
2450.5ce4: supR3HardenedWinVerifyCacheProcessImportTodos: Processing 'user32.dll'...
2450.5ce4: supR3HardenedWinVerifyCacheProcessImportTodos: 'user32.dll' -> '\Device\HarddiskVolume3\Windows\System32\user32.dll' [rcNtRedir=0xc0150008]
2450.5ce4: supR3HardenedWinVerifyCacheProcessImportTodos: Processing 'gdi32.dll'...
2450.5ce4: supR3HardenedWinVerifyCacheProcessImportTodos: 'gdi32.dll' -> '\Device\HarddiskVolume3\Windows\System32\gdi32.dll' [rcNtRedir=0xc0150008]
2450.5ce4: supR3HardenedWinVerifyCacheProcessImportTodos: Processing 'msvcrt.dll'...
2450.5ce4: supR3HardenedWinVerifyCacheProcessImportTodos: 'msvcrt.dll' -> '\Device\HarddiskVolume3\Windows\System32\msvcrt.dll' [rcNtRedir=0xc0150008]
2450.5ce4: supR3HardenedMonitor_LdrLoadDll: pName=C:\WINDOWS\WinSxS\amd64_microsoft.windows.common-controls_6595b64144ccf1df_6.0.26100.7824_none_3e0870b2e3345462\comctl32.dll (Input=comctl32.dll, rcNtResolve=0x0) *pfFlags=0x0 pwszSearchPath=0000000000004001:<flags> [calling]
2450.5ce4: supR3HardenedScreenImage/NtCreateSection: cache hit (VINF_SUCCESS) on \Device\HarddiskVolume3\Windows\WinSxS\amd64_microsoft.windows.common-controls_6595b64144ccf1df_6.0.26100.7824_none_3e0870b2e3345462\comctl32.dll
2450.5ce4: supR3HardenedDllNotificationCallback: load   00007ffed9de0000 LB 0x00293000 C:\WINDOWS\WinSxS\amd64_microsoft.windows.common-controls_6595b64144ccf1df_6.0.26100.7824_none_3e0870b2e3345462\comctl32.dll [fFlags=0x0]
2450.5ce4: supR3HardenedScreenImage/LdrLoadDll: cache hit (VINF_SUCCESS) on \Device\HarddiskVolume3\Windows\WinSxS\amd64_microsoft.windows.common-controls_6595b64144ccf1df_6.0.26100.7824_none_3e0870b2e3345462\comctl32.dll
2450.5ce4: supR3HardenedMonitor_LdrLoadDll: returns rcNt=0x0 hMod=00007ffed9de0000 'C:\WINDOWS\WinSxS\amd64_microsoft.windows.common-controls_6595b64144ccf1df_6.0.26100.7824_none_3e0870b2e3345462\comctl32.dll'
2450.5ce4: supR3HardenedScreenImage/LdrLoadDll: cache hit (VINF_SUCCESS) on \Device\HarddiskVolume3\Windows\WinSxS\amd64_microsoft.windows.common-controls_6595b64144ccf1df_6.0.26100.7824_none_3e0870b2e3345462\comctl32.dll
2450.5ce4: supR3HardenedMonitor_LdrLoadDll: pName=C:\WINDOWS\WinSxS\amd64_microsoft.windows.common-controls_6595b64144ccf1df_6.0.26100.7824_none_3e0870b2e3345462\comctl32.dll (Input=comctl32.dll, rcNtResolve=0x0) *pfFlags=0x0 pwszSearchPath=0000000000004001:<flags> [calling]
2450.5ce4: supR3HardenedMonitor_LdrLoadDll: returns rcNt=0x0 hMod=00007ffed9de0000 'C:\WINDOWS\WinSxS\amd64_microsoft.windows.common-controls_6595b64144ccf1df_6.0.26100.7824_none_3e0870b2e3345462\comctl32.dll'
2450.5ce4: supHardenedWinVerifyImageByHandle: -> 0 (\Device\HarddiskVolume3\Windows\System32\WindowsCodecs.dll)
2450.5ce4: supR3HardenedWinVerifyCacheInsert: \Device\HarddiskVolume3\Windows\System32\WindowsCodecs.dll
2450.5ce4: supR3HardenedDllNotificationCallback: load   00007fff00990000 LB 0x0022f000 C:\WINDOWS\SYSTEM32\WindowsCodecs.dll [fFlags=0x0]
2450.5ce4: supR3HardenedScreenImage/LdrLoadDll: cache hit (VINF_SUCCESS) on \Device\HarddiskVolume3\Windows\System32\WindowsCodecs.dll [avoiding WinVerifyTrust]
2450.5ce4: supR3HardenedScreenImage/NtCreateSection: cache hit (VINF_SUCCESS) on \Device\HarddiskVolume3\Windows\System32\imageres.dll
2450.5ce4: supR3HardenedMonitor_NtCreateSection: NtMapViewOfSection failed on 0000000000000844 (hFile=0000000000000830) with 0xc0000022 -> STATUS_TRUST_FAILURE
2450.5ce4: supR3HardenedScreenImage/NtCreateSection: cache hit (VINF_SUCCESS) on \Device\HarddiskVolume3\Windows\System32\imageres.dll
2450.5ce4: supR3HardenedMonitor_NtCreateSection: NtMapViewOfSection failed on 0000000000000830 (hFile=0000000000000844) with 0xc0000022 -> STATUS_TRUST_FAILURE
2450.5ce4: supR3HardenedMonitor_LdrLoadDll: returns rcNt=0x0 hMod=00007fff06220000 'C:\WINDOWS\system32\rsaenh.dll'
2450.5ce4: supR3HardenedMonitor_LdrLoadDll: returns rcNt=0x0 hMod=00007fff081d0000 'C:\WINDOWS\System32\crypt32.dll'
2450.5ce4: supR3HardenedWinVerifyCacheProcessWvtTodos: 0 (was 0) fWinVerifyTrust=1 for '\Device\HarddiskVolume3\Windows\System32\WindowsCodecs.dll'
2450.5ce4: supR3HardNtViCallWinVerifyTrustCatFile: hFile=0000000000000858 pwszName=\Device\HarddiskVolume3\Windows\System32\IconCodecService.dll
2450.5ce4: supR3HardNtViCallWinVerifyTrustCatFile: Cached context 000001bb7c198320
2450.5ce4: supR3HardNtViCallWinVerifyTrustCatFile: hCatAdmin=000001bb7c198320
2450.5ce4: supR3HardNtViCallWinVerifyTrustCatFile: cbHash=20 wszDigest=6A94C939C9629E54D59EAB8EB41ACFCDF775AA8B
2450.5ce4: supR3HardenedMonitor_LdrLoadDll: returns rcNt=0x0 hMod=00007fff06220000 'C:\WINDOWS\system32\rsaenh.dll'
2450.5ce4: supR3HardenedMonitor_LdrLoadDll: returns rcNt=0x0 hMod=00007fff081d0000 'C:\WINDOWS\System32\crypt32.dll'
2450.5ce4: supR3HardNtViCallWinVerifyTrustCatFile: WinVerifyTrust => 0x0; cat='C:\WINDOWS\system32\CatRoot\{F750E6C3-38EE-11D1-85E5-00C04FC295EE}\Microsoft-Windows-Client-Desktop-Required-Package0417~31bf3856ad364e35~amd64~~10.0.26100.7840.cat'; file='\Device\HarddiskVolume3\Windows\System32\IconCodecService.dll'
2450.5ce4: supR3HardNtViCallWinVerifyTrustCatFile -> 0 (org 22900)
2450.5ce4: supR3HardenedWinVerifyCacheScheduleImports: Import todo: #0 'msvcrt.dll'.
2450.5ce4: supR3HardenedWinVerifyCacheScheduleImports: Import todo: #2 'user32.dll'.
2450.5ce4: supHardenedWinVerifyImageByHandle: -> 0 (\Device\HarddiskVolume3\Windows\System32\IconCodecService.dll) WinVerifyTrust
2450.5ce4: supR3HardenedWinVerifyCacheInsert: \Device\HarddiskVolume3\Windows\System32\IconCodecService.dll
2450.5ce4: supR3HardenedWinVerifyCacheProcessImportTodos: Processing 'user32.dll'...
2450.5ce4: supR3HardenedWinVerifyCacheProcessImportTodos: 'user32.dll' -> '\Device\HarddiskVolume3\Windows\System32\user32.dll' [rcNtRedir=0xc0150008]
2450.5ce4: supR3HardenedWinVerifyCacheProcessImportTodos: Processing 'msvcrt.dll'...
2450.5ce4: supR3HardenedWinVerifyCacheProcessImportTodos: 'msvcrt.dll' -> '\Device\HarddiskVolume3\Windows\System32\msvcrt.dll' [rcNtRedir=0xc0150008]
2450.5ce4: supR3HardenedMonitor_LdrLoadDll: pName=C:\WINDOWS\system32\IconCodecService.dll (rcNtResolve=0xc0150008) *pfFlags=0x0 pwszSearchPath=0000000000000001:<flags> [calling]
2450.5ce4: supR3HardenedScreenImage/NtCreateSection: cache hit (VINF_SUCCESS) on \Device\HarddiskVolume3\Windows\System32\IconCodecService.dll
2450.5ce4: supR3HardenedDllNotificationCallback: load   00007ffefa9b0000 LB 0x0000b000 C:\WINDOWS\system32\IconCodecService.dll [fFlags=0x0]
2450.5ce4: supR3HardenedScreenImage/LdrLoadDll: cache hit (VINF_SUCCESS) on \Device\HarddiskVolume3\Windows\System32\IconCodecService.dll
2450.5ce4: supR3HardenedMonitor_LdrLoadDll: returns rcNt=0x0 hMod=00007ffefa9b0000 'C:\WINDOWS\system32\IconCodecService.dll'
2450.5ce4: supR3HardenedScreenImage/NtCreateSection: cache hit (VINF_SUCCESS) on \Device\HarddiskVolume3\Windows\System32\imageres.dll
2450.5ce4: supR3HardenedMonitor_NtCreateSection: NtMapViewOfSection failed on 0000000000000844 (hFile=0000000000000830) with 0xc0000022 -> STATUS_TRUST_FAILURE
2450.5ce4: supR3HardenedScreenImage/NtCreateSection: cache hit (VINF_SUCCESS) on \Device\HarddiskVolume3\Windows\System32\imageres.dll
2450.5ce4: supR3HardenedMonitor_NtCreateSection: NtMapViewOfSection failed on 0000000000000830 (hFile=0000000000000844) with 0xc0000022 -> STATUS_TRUST_FAILURE
2450.5ce4: supR3HardenedScreenImage/NtCreateSection: cache hit (VINF_SUCCESS) on \Device\HarddiskVolume3\Windows\System32\imageres.dll
2450.5ce4: supR3HardenedMonitor_NtCreateSection: NtMapViewOfSection failed on 0000000000000844 (hFile=0000000000000830) with 0xc0000022 -> STATUS_TRUST_FAILURE
2450.5ce4: supR3HardenedScreenImage/NtCreateSection: cache hit (VINF_SUCCESS) on \Device\HarddiskVolume3\Windows\System32\imageres.dll
2450.5ce4: supR3HardenedMonitor_NtCreateSection: NtMapViewOfSection failed on 0000000000000864 (hFile=0000000000000844) with 0xc0000022 -> STATUS_TRUST_FAILURE
2450.5ce4: supR3HardenedScreenImage/NtCreateSection: cache hit (VINF_SUCCESS) on \Device\HarddiskVolume3\Windows\System32\imageres.dll
2450.5ce4: supR3HardenedMonitor_NtCreateSection: NtMapViewOfSection failed on 000000000000076c (hFile=000000000000085c) with 0xc0000022 -> STATUS_TRUST_FAILURE
2450.5ce4: supR3HardenedMonitor_NtCreateSection: NtMapViewOfSection failed on 000000000000085c (hFile=000000000000076c) with 0xc0000022 -> STATUS_TRUST_FAILURE
2450.5ce4: supR3HardenedMonitor_NtCreateSection: NtMapViewOfSection failed on 000000000000076c (hFile=000000000000085c) with 0xc0000022 -> STATUS_TRUST_FAILURE
2450.5ce4: supR3HardenedMonitor_NtCreateSection: NtMapViewOfSection failed on 000000000000085c (hFile=000000000000076c) with 0xc0000022 -> STATUS_TRUST_FAILURE
2450.5ce4: supR3HardenedMonitor_NtCreateSection: NtMapViewOfSection failed on 000000000000076c (hFile=000000000000085c) with 0xc0000022 -> STATUS_TRUST_FAILURE
2450.5ce4: supR3HardenedMonitor_NtCreateSection: NtMapViewOfSection failed on 000000000000085c (hFile=000000000000076c) with 0xc0000022 -> STATUS_TRUST_FAILURE
2450.5ce4: supR3HardenedDllNotificationCallback: load   00007fff096c0000 LB 0x000b0000 C:\WINDOWS\System32\clbcatq.dll [fFlags=0x0]
2450.5ce4: supR3HardenedWinVerifyCacheScheduleImports: Import todo: #0 'msvcrt.dll'.
2450.5ce4: supR3HardenedWinVerifyCacheScheduleImports: Import todo: #31 'rpcrt4.dll'.
2450.5ce4: supHardenedWinVerifyImageByHandle: -> 0 (\Device\HarddiskVolume3\Windows\System32\clbcatq.dll)
2450.5ce4: supR3HardenedWinVerifyCacheInsert: \Device\HarddiskVolume3\Windows\System32\clbcatq.dll
2450.5ce4: supR3HardenedScreenImage/NtCreateSection: cache hit (VINF_SUCCESS) on \Device\HarddiskVolume3\Windows\System32\rpcss.dll
2450.5ce4: supR3HardenedMonitor_NtCreateSection: NtMapViewOfSection failed on 000000000000086c (hFile=000000000000076c) with 0xc0000022 -> STATUS_TRUST_FAILURE
2450.5c30: supR3HardenedWinVerifyCacheProcessImportTodos: Processing 'rpcrt4.dll'...
2450.5c30: supR3HardenedWinVerifyCacheProcessImportTodos: 'rpcrt4.dll' -> '\Device\HarddiskVolume3\Windows\System32\rpcrt4.dll' [rcNtRedir=0xc0150008]
2450.5c30: supR3HardenedWinVerifyCacheProcessImportTodos: Processing 'msvcrt.dll'...
2450.5c30: supR3HardenedWinVerifyCacheProcessImportTodos: 'msvcrt.dll' -> '\Device\HarddiskVolume3\Windows\System32\msvcrt.dll' [rcNtRedir=0xc0150008]
2450.5c30: supR3HardenedMonitor_LdrLoadDll: returns rcNt=0x0 hMod=00007fff06220000 'C:\WINDOWS\system32\rsaenh.dll'
2450.5c30: supR3HardenedMonitor_LdrLoadDll: returns rcNt=0x0 hMod=00007fff081d0000 'C:\WINDOWS\System32\crypt32.dll'
2450.5c30: supR3HardenedWinVerifyCacheProcessWvtTodos: 0 (was 0) fWinVerifyTrust=1 for '\Device\HarddiskVolume3\Windows\System32\clbcatq.dll'
2450.5c30: supR3HardenedMonitor_LdrLoadDll: returns rcNt=0x0 hMod=00007fff06220000 'C:\WINDOWS\system32\rsaenh.dll'
2450.5c30: supR3HardenedMonitor_LdrLoadDll: returns rcNt=0x0 hMod=00007fff081d0000 'C:\WINDOWS\System32\crypt32.dll'
2450.5c30: supR3HardenedWinVerifyCacheScheduleImports: Import todo: #9 'advapi32.dll'.
2450.5c30: supR3HardenedWinVerifyCacheScheduleImports: Import todo: #10 'ole32.dll'.
2450.5c30: supR3HardenedWinVerifyCacheScheduleImports: Import todo: #11 'oleaut32.dll'.
2450.5c30: supR3HardenedWinVerifyCacheScheduleImports: Import todo: #12 'vcruntime140.dll'.
2450.5c30: supR3HardenedWinVerifyCacheScheduleImports: Import todo: #13 'vcruntime140_1.dll'.
2450.5c30: supR3HardenedWinVerifyCacheScheduleImports: Import todo: #14 'msvcp140.dll'.
2450.5c30: supR3HardenedWinVerifyCacheScheduleImports: Import todo: #15 'vboxrt.dll'.
2450.5c30: supHardenedWinVerifyImageByHandle: -> 0 (\Device\HarddiskVolume3\Program Files\Oracle\VirtualBox\VBoxC.dll) WinVerifyTrust
2450.5c30: supR3HardenedWinVerifyCacheInsert: \Device\HarddiskVolume3\Program Files\Oracle\VirtualBox\VBoxC.dll
2450.5c30: supR3HardenedWinVerifyCacheProcessImportTodos: Processing 'vboxrt.dll'...
2450.5c30: supR3HardenedWinVerifyCacheProcessImportTodos: 'vboxrt.dll' -> '\Device\HarddiskVolume3\Program Files\Oracle\VirtualBox\vboxrt.dll' [rcNtRedir=0xc0150008]
2450.5c30: supR3HardenedWinVerifyCacheProcessImportTodos: Processing 'msvcp140.dll'...
2450.5c30: supR3HardenedWinVerifyCacheProcessImportTodos: 'msvcp140.dll' -> '\Device\HarddiskVolume3\Windows\System32\msvcp140.dll' [rcNtRedir=0xc0150008]
2450.5c30: supR3HardenedWinVerifyCacheProcessImportTodos: Processing 'vcruntime140_1.dll'...
2450.5c30: supR3HardenedWinVerifyCacheProcessImportTodos: 'vcruntime140_1.dll' -> '\Device\HarddiskVolume3\Windows\System32\vcruntime140_1.dll' [rcNtRedir=0xc0150008]
2450.5c30: supR3HardenedWinVerifyCacheProcessImportTodos: Processing 'vcruntime140.dll'...
2450.5c30: supR3HardenedWinVerifyCacheProcessImportTodos: 'vcruntime140.dll' -> '\Device\HarddiskVolume3\Windows\System32\vcruntime140.dll' [rcNtRedir=0xc0150008]
2450.5c30: supR3HardenedWinVerifyCacheProcessImportTodos: Processing 'oleaut32.dll'...
2450.5c30: supR3HardenedWinVerifyCacheProcessImportTodos: 'oleaut32.dll' -> '\Device\HarddiskVolume3\Windows\System32\oleaut32.dll' [rcNtRedir=0xc0150008]
2450.5c30: supR3HardenedScreenImage/Imports: cache hit (VINF_SUCCESS) on \Device\HarddiskVolume3\Windows\System32\oleaut32.dll
2450.5c30: supR3HardenedWinVerifyCacheProcessImportTodos: Processing 'ole32.dll'...
2450.5c30: supR3HardenedWinVerifyCacheProcessImportTodos: 'ole32.dll' -> '\Device\HarddiskVolume3\Windows\System32\ole32.dll' [rcNtRedir=0xc0150008]
2450.5c30: supR3HardenedScreenImage/Imports: cache hit (VINF_SUCCESS) on \Device\HarddiskVolume3\Windows\System32\ole32.dll
2450.5c30: supR3HardenedWinVerifyCacheProcessImportTodos: Processing 'advapi32.dll'...
2450.5c30: supR3HardenedWinVerifyCacheProcessImportTodos: 'advapi32.dll' -> '\Device\HarddiskVolume3\Windows\System32\advapi32.dll' [rcNtRedir=0xc0150008]
2450.5c30: supR3HardenedScreenImage/Imports: cache hit (VINF_SUCCESS) on \Device\HarddiskVolume3\Windows\System32\advapi32.dll
2450.5c30: supR3HardenedMonitor_LdrLoadDll: pName=C:\Program Files\Oracle\VirtualBox\VBoxC.dll (rcNtResolve=0xc0150008) *pfFlags=0x0 pwszSearchPath=0000000000002009:<flags> [calling]
2450.5c30: supR3HardenedScreenImage/NtCreateSection: cache hit (VINF_SUCCESS) on \Device\HarddiskVolume3\Program Files\Oracle\VirtualBox\VBoxC.dll
2450.5c30: supR3HardenedDllNotificationCallback: load   00007ffe30f90000 LB 0x00420000 C:\Program Files\Oracle\VirtualBox\VBoxC.dll [fFlags=0x0]
2450.5c30: supR3HardenedScreenImage/LdrLoadDll: cache hit (VINF_SUCCESS) on \Device\HarddiskVolume3\Program Files\Oracle\VirtualBox\VBoxC.dll
2450.5c30: supR3HardenedMonitor_LdrLoadDll: returns rcNt=0x0 hMod=00007ffe30f90000 'C:\Program Files\Oracle\VirtualBox\VBoxC.dll'
2450.5c30: supR3HardenedMonitor_LdrLoadDll: returns rcNt=0x0 hMod=00007fff06220000 'C:\WINDOWS\system32\rsaenh.dll'
2450.5c30: supR3HardenedMonitor_LdrLoadDll: returns rcNt=0x0 hMod=00007fff081d0000 'C:\WINDOWS\System32\crypt32.dll'
2450.5c30: supR3HardenedWinVerifyCacheScheduleImports: Import todo: #4 'advapi32.dll'.
2450.5c30: supR3HardenedWinVerifyCacheScheduleImports: Import todo: #5 'shlwapi.dll'.
2450.5c30: supR3HardenedWinVerifyCacheScheduleImports: Import todo: #6 'ole32.dll'.
2450.5c30: supR3HardenedWinVerifyCacheScheduleImports: Import todo: #7 'oleaut32.dll'.
2450.5c30: supR3HardenedWinVerifyCacheScheduleImports: Import todo: #8 'rpcrt4.dll'.
2450.5c30: supR3HardenedWinVerifyCacheScheduleImports: Import todo: #9 'vcruntime140.dll'.
2450.5c30: supR3HardenedWinVerifyCacheScheduleImports: Import todo: #10 'vboxrt.dll'.
2450.5c30: supHardenedWinVerifyImageByHandle: -> 0 (\Device\HarddiskVolume3\Program Files\Oracle\VirtualBox\VBoxProxyStub.dll) WinVerifyTrust
2450.5c30: supR3HardenedWinVerifyCacheInsert: \Device\HarddiskVolume3\Program Files\Oracle\VirtualBox\VBoxProxyStub.dll
2450.5c30: supR3HardenedWinVerifyCacheProcessImportTodos: Processing 'vboxrt.dll'...
2450.5c30: supR3HardenedWinVerifyCacheProcessImportTodos: 'vboxrt.dll' -> '\Device\HarddiskVolume3\Program Files\Oracle\VirtualBox\vboxrt.dll' [rcNtRedir=0xc0150008]
2450.5c30: supR3HardenedWinVerifyCacheProcessImportTodos: Processing 'vcruntime140.dll'...
2450.5c30: supR3HardenedWinVerifyCacheProcessImportTodos: 'vcruntime140.dll' -> '\Device\HarddiskVolume3\Windows\System32\vcruntime140.dll' [rcNtRedir=0xc0150008]
2450.5c30: supR3HardenedWinVerifyCacheProcessImportTodos: Processing 'rpcrt4.dll'...
2450.5c30: supR3HardenedWinVerifyCacheProcessImportTodos: 'rpcrt4.dll' -> '\Device\HarddiskVolume3\Windows\System32\rpcrt4.dll' [rcNtRedir=0xc0150008]
2450.5c30: supR3HardenedWinVerifyCacheProcessImportTodos: Processing 'oleaut32.dll'...
2450.5c30: supR3HardenedWinVerifyCacheProcessImportTodos: 'oleaut32.dll' -> '\Device\HarddiskVolume3\Windows\System32\oleaut32.dll' [rcNtRedir=0xc0150008]
2450.5c30: supR3HardenedScreenImage/Imports: cache hit (VINF_SUCCESS) on \Device\HarddiskVolume3\Windows\System32\oleaut32.dll
2450.5c30: supR3HardenedWinVerifyCacheProcessImportTodos: Processing 'ole32.dll'...
2450.5c30: supR3HardenedWinVerifyCacheProcessImportTodos: 'ole32.dll' -> '\Device\HarddiskVolume3\Windows\System32\ole32.dll' [rcNtRedir=0xc0150008]
2450.5c30: supR3HardenedScreenImage/Imports: cache hit (VINF_SUCCESS) on \Device\HarddiskVolume3\Windows\System32\ole32.dll
2450.5c30: supR3HardenedWinVerifyCacheProcessImportTodos: Processing 'shlwapi.dll'...
2450.5c30: supR3HardenedWinVerifyCacheProcessImportTodos: 'shlwapi.dll' -> '\Device\HarddiskVolume3\Windows\System32\shlwapi.dll' [rcNtRedir=0xc0150008]
2450.5c30: supR3HardenedScreenImage/Imports: cache hit (VINF_SUCCESS) on \Device\HarddiskVolume3\Windows\System32\shlwapi.dll
2450.5c30: supR3HardenedWinVerifyCacheProcessImportTodos: Processing 'advapi32.dll'...
2450.5c30: supR3HardenedWinVerifyCacheProcessImportTodos: 'advapi32.dll' -> '\Device\HarddiskVolume3\Windows\System32\advapi32.dll' [rcNtRedir=0xc0150008]
2450.5c30: supR3HardenedScreenImage/Imports: cache hit (VINF_SUCCESS) on \Device\HarddiskVolume3\Windows\System32\advapi32.dll
2450.5c30: supR3HardenedMonitor_LdrLoadDll: pName=C:\Program Files\Oracle\VirtualBox\VBoxProxyStub.dll (rcNtResolve=0xc0150008) *pfFlags=0x0 pwszSearchPath=0000000000002009:<flags> [calling]
2450.5c30: supR3HardenedScreenImage/NtCreateSection: cache hit (VINF_SUCCESS) on \Device\HarddiskVolume3\Program Files\Oracle\VirtualBox\VBoxProxyStub.dll
2450.5c30: supR3HardenedDllNotificationCallback: load   00007ffecb350000 LB 0x000eb000 C:\Program Files\Oracle\VirtualBox\VBoxProxyStub.dll [fFlags=0x0]
2450.5c30: supR3HardenedScreenImage/LdrLoadDll: cache hit (VINF_SUCCESS) on \Device\HarddiskVolume3\Program Files\Oracle\VirtualBox\VBoxProxyStub.dll
2450.5c30: supR3HardenedMonitor_LdrLoadDll: returns rcNt=0x0 hMod=00007ffecb350000 'C:\Program Files\Oracle\VirtualBox\VBoxProxyStub.dll'
2450.5c30: supR3HardenedScreenImage/LdrLoadDll: cache hit (VINF_SUCCESS) on \Device\HarddiskVolume3\Windows\System32\oleaut32.dll
2450.5c30: supR3HardenedMonitor_LdrLoadDll: pName=C:\Windows\System32\oleaut32.dll (rcNtResolve=0xc0150008) *pfFlags=0x0 pwszSearchPath=0000000000002009:<flags> [calling]
2450.5c30: supR3HardenedMonitor_LdrLoadDll: returns rcNt=0x0 hMod=00007fff08cb0000 'C:\Windows\System32\oleaut32.dll'
2450.1434: supR3HardenedMonitor_LdrLoadDll: returns rcNt=0x0 hMod=00007fff06220000 'C:\WINDOWS\system32\rsaenh.dll'
2450.1434: supR3HardenedMonitor_LdrLoadDll: returns rcNt=0x0 hMod=00007fff081d0000 'C:\WINDOWS\System32\crypt32.dll'
2450.1434: supR3HardenedWinVerifyCacheScheduleImports: Import todo: #0 'vboxrt.dll'.
2450.1434: supR3HardenedWinVerifyCacheScheduleImports: Import todo: #5 'vcruntime140.dll'.
2450.1434: supR3HardenedWinVerifyCacheScheduleImports: Import todo: #6 'vcruntime140_1.dll'.
2450.1434: supHardenedWinVerifyImageByHandle: -> 0 (\Device\HarddiskVolume3\Program Files\Oracle\VirtualBox\VBoxVMM.dll) WinVerifyTrust
2450.1434: supR3HardenedWinVerifyCacheInsert: \Device\HarddiskVolume3\Program Files\Oracle\VirtualBox\VBoxVMM.dll
2450.1434: supR3HardenedWinVerifyCacheProcessImportTodos: Processing 'vcruntime140_1.dll'...
2450.1434: supR3HardenedWinVerifyCacheProcessImportTodos: 'vcruntime140_1.dll' -> '\Device\HarddiskVolume3\Windows\System32\vcruntime140_1.dll' [rcNtRedir=0xc0150008]
2450.1434: supR3HardenedWinVerifyCacheProcessImportTodos: Processing 'vcruntime140.dll'...
2450.1434: supR3HardenedWinVerifyCacheProcessImportTodos: 'vcruntime140.dll' -> '\Device\HarddiskVolume3\Windows\System32\vcruntime140.dll' [rcNtRedir=0xc0150008]
2450.1434: supR3HardenedWinVerifyCacheProcessImportTodos: Processing 'vboxrt.dll'...
2450.1434: supR3HardenedWinVerifyCacheProcessImportTodos: 'vboxrt.dll' -> '\Device\HarddiskVolume3\Program Files\Oracle\VirtualBox\vboxrt.dll' [rcNtRedir=0xc0150008]
2450.1434: supR3HardenedMonitor_LdrLoadDll: pName=C:\Program Files\Oracle\VirtualBox\VBoxVMM.DLL (rcNtResolve=0xc0150008) *pfFlags=0x0 pwszSearchPath=0000000000000001:<flags> [calling]
2450.1434: supR3HardenedScreenImage/NtCreateSection: cache hit (VINF_SUCCESS) on \Device\HarddiskVolume3\Program Files\Oracle\VirtualBox\VBoxVMM.dll
2450.1434: supR3HardenedDllNotificationCallback: load   00007ffe1ee90000 LB 0x005b0000 C:\Program Files\Oracle\VirtualBox\VBoxVMM.DLL [fFlags=0x0]
2450.1434: supR3HardenedScreenImage/LdrLoadDll: cache hit (VINF_SUCCESS) on \Device\HarddiskVolume3\Program Files\Oracle\VirtualBox\VBoxVMM.dll
2450.1434: supR3HardenedMonitor_LdrLoadDll: returns rcNt=0x0 hMod=00007ffe1ee90000 'C:\Program Files\Oracle\VirtualBox\VBoxVMM.DLL'
2450.5ce4: supR3HardenedMonitor_LdrLoadDll: returns rcNt=0x0 hMod=00007fff06220000 'C:\WINDOWS\system32\rsaenh.dll'
2450.5ce4: supR3HardenedMonitor_LdrLoadDll: returns rcNt=0x0 hMod=00007fff081d0000 'C:\WINDOWS\System32\crypt32.dll'
2450.5ce4: supR3HardenedWinVerifyCacheScheduleImports: Import todo: #1 'advapi32.dll'.
2450.5ce4: supR3HardenedWinVerifyCacheScheduleImports: Import todo: #2 'user32.dll'.
2450.5ce4: supR3HardenedWinVerifyCacheScheduleImports: Import todo: #3 'ole32.dll'.
2450.5ce4: supR3HardenedWinVerifyCacheScheduleImports: Import todo: #4 'shell32.dll'.
2450.5ce4: supHardenedWinVerifyImageByHandle: -> 0 (\Device\HarddiskVolume3\Windows\System32\DriverStore\FileRepository\iigd_dch.inf_amd64_e16847b202e73a31\igdumdim64.dll) WinVerifyTrust
2450.5ce4: supR3HardenedWinVerifyCacheInsert: \Device\HarddiskVolume3\Windows\System32\DriverStore\FileRepository\iigd_dch.inf_amd64_e16847b202e73a31\igdumdim64.dll
2450.5ce4: supR3HardenedWinVerifyCacheProcessImportTodos: Processing 'shell32.dll'...
2450.5ce4: supR3HardenedWinVerifyCacheProcessImportTodos: 'shell32.dll' -> '\Device\HarddiskVolume3\Windows\System32\shell32.dll' [rcNtRedir=0xc0150008]
2450.5ce4: supR3HardenedScreenImage/Imports: cache hit (VINF_SUCCESS) on \Device\HarddiskVolume3\Windows\System32\shell32.dll
2450.5ce4: supR3HardenedWinVerifyCacheProcessImportTodos: Processing 'ole32.dll'...
2450.5ce4: supR3HardenedWinVerifyCacheProcessImportTodos: 'ole32.dll' -> '\Device\HarddiskVolume3\Windows\System32\ole32.dll' [rcNtRedir=0xc0150008]
2450.5ce4: supR3HardenedWinVerifyCacheProcessImportTodos: Processing 'user32.dll'...
2450.5ce4: supR3HardenedWinVerifyCacheProcessImportTodos: 'user32.dll' -> '\Device\HarddiskVolume3\Windows\System32\user32.dll' [rcNtRedir=0xc0150008]
2450.5ce4: supR3HardenedWinVerifyCacheProcessImportTodos: Processing 'advapi32.dll'...
2450.5ce4: supR3HardenedWinVerifyCacheProcessImportTodos: 'advapi32.dll' -> '\Device\HarddiskVolume3\Windows\System32\advapi32.dll' [rcNtRedir=0xc0150008]
2450.5ce4: supR3HardenedMonitor_LdrLoadDll: pName=C:\WINDOWS\System32\DriverStore\FileRepository\iigd_dch.inf_amd64_e16847b202e73a31\igdumdim64.dll (rcNtResolve=0xc0150008) *pfFlags=0x0 pwszSearchPath=0000000000000009:<flags> [calling]
2450.5ce4: supR3HardenedScreenImage/NtCreateSection: cache hit (VINF_SUCCESS) on \Device\HarddiskVolume3\Windows\System32\DriverStore\FileRepository\iigd_dch.inf_amd64_e16847b202e73a31\igdumdim64.dll
2450.5ce4: supR3HardenedDllNotificationCallback: load   00007ffe99f20000 LB 0x00275000 C:\WINDOWS\System32\DriverStore\FileRepository\iigd_dch.inf_amd64_e16847b202e73a31\igdumdim64.dll [fFlags=0x0]
2450.5ce4: supR3HardenedScreenImage/LdrLoadDll: cache hit (VINF_SUCCESS) on \Device\HarddiskVolume3\Windows\System32\DriverStore\FileRepository\iigd_dch.inf_amd64_e16847b202e73a31\igdumdim64.dll
2450.5ce4: supR3HardenedIsApiSetDll: ApiSetQueryApiSetPresence(api-ms-win-core-fibers-l1-1-2) -> 0x0, fPresent=1
2450.5ce4: supR3HardenedMonitor_LdrLoadDll: pName=api-ms-win-core-fibers-l1-1-2 (rcNtResolve=0x0) *pfFlags=0x0 pwszSearchPath=0000000000000801:<flags> [calling]
2450.5ce4: supR3HardenedMonitor_LdrLoadDll: returns rcNt=0x0 hMod=00007fff07560000 'api-ms-win-core-fibers-l1-1-2'
2450.5ce4: supR3HardenedScreenImage/LdrLoadDll: cache hit (VINF_SUCCESS) on \Device\HarddiskVolume3\Windows\System32\kernel32.dll
2450.5ce4: supR3HardenedMonitor_LdrLoadDll: pName=C:\WINDOWS\System32\kernel32.dll (Input=kernel32, rcNtResolve=0xc0150008) *pfFlags=0x0 pwszSearchPath=0000000000000801:<flags> [calling]
2450.5ce4: supR3HardenedMonitor_LdrLoadDll: returns rcNt=0x0 hMod=00007fff09ca0000 'C:\WINDOWS\System32\kernel32.dll'
2450.5ce4: supR3HardenedScreenImage/LdrLoadDll: cache hit (VINF_SUCCESS) on \Device\HarddiskVolume3\Windows\System32\kernel32.dll
2450.5ce4: supR3HardenedMonitor_LdrLoadDll: pName=C:\WINDOWS\System32\kernel32.dll (Input=kernel32.dll, rcNtResolve=0xc0150008) *pfFlags=0x0 pwszSearchPath=0000000000000801:<flags> [calling]
2450.5ce4: supR3HardenedMonitor_LdrLoadDll: returns rcNt=0x0 hMod=00007fff09ca0000 'C:\WINDOWS\System32\kernel32.dll'
2450.5ce4: supR3HardenedScreenImage/LdrLoadDll: cache hit (VINF_SUCCESS) on \Device\HarddiskVolume3\Windows\System32\shell32.dll
2450.5ce4: supR3HardenedMonitor_LdrLoadDll: pName=C:\WINDOWS\System32\shell32.dll (Input=shell32.dll, rcNtResolve=0xc0150008) *pfFlags=0x0 pwszSearchPath=0000000000000801:<flags> [calling]
2450.5ce4: supR3HardenedMonitor_LdrLoadDll: returns rcNt=0x0 hMod=00007fff08f60000 'C:\WINDOWS\System32\shell32.dll'
2450.5ce4: supR3HardenedMonitor_LdrLoadDll: returns rcNt=0x0 hMod=00007fff08d90000 'C:\WINDOWS\System32\User32.dll'
2450.5ce4: supR3HardenedMonitor_LdrLoadDll: returns rcNt=0x0 hMod=00007ffe99f20000 'C:\WINDOWS\System32\DriverStore\FileRepository\iigd_dch.inf_amd64_e16847b202e73a31\igdumdim64.dll'
2450.5ce4: supR3HardenedMonitor_LdrLoadDll: returns rcNt=0x0 hMod=00007fff06220000 'C:\WINDOWS\system32\rsaenh.dll'
2450.5ce4: supR3HardenedMonitor_LdrLoadDll: returns rcNt=0x0 hMod=00007fff081d0000 'C:\WINDOWS\System32\crypt32.dll'
2450.5ce4: supR3HardenedWinVerifyCacheScheduleImports: Import todo: #0 'shlwapi.dll'.
2450.5ce4: supR3HardenedWinVerifyCacheScheduleImports: Import todo: #1 'advapi32.dll'.
2450.5ce4: supR3HardenedWinVerifyCacheScheduleImports: Import todo: #3 'ole32.dll'.
2450.5ce4: supR3HardenedWinVerifyCacheScheduleImports: Import todo: #4 'shell32.dll'.
2450.5ce4: supR3HardenedWinVerifyCacheScheduleImports: Import todo: #5 'oleaut32.dll'.
2450.5ce4: supHardenedWinVerifyImageByHandle: -> 0 (\Device\HarddiskVolume3\Windows\System32\DriverStore\FileRepository\iigd_dch.inf_amd64_e16847b202e73a31\igd9trinity64.dll) WinVerifyTrust
2450.5ce4: supR3HardenedWinVerifyCacheInsert: \Device\HarddiskVolume3\Windows\System32\DriverStore\FileRepository\iigd_dch.inf_amd64_e16847b202e73a31\igd9trinity64.dll
2450.5ce4: supR3HardenedWinVerifyCacheProcessImportTodos: Processing 'oleaut32.dll'...
2450.5ce4: supR3HardenedWinVerifyCacheProcessImportTodos: 'oleaut32.dll' -> '\Device\HarddiskVolume3\Windows\System32\oleaut32.dll' [rcNtRedir=0xc0150008]
2450.5ce4: supR3HardenedScreenImage/Imports: cache hit (VINF_SUCCESS) on \Device\HarddiskVolume3\Windows\System32\oleaut32.dll
2450.5ce4: supR3HardenedWinVerifyCacheProcessImportTodos: Processing 'shell32.dll'...
2450.5ce4: supR3HardenedWinVerifyCacheProcessImportTodos: 'shell32.dll' -> '\Device\HarddiskVolume3\Windows\System32\shell32.dll' [rcNtRedir=0xc0150008]
2450.5ce4: supR3HardenedScreenImage/Imports: cache hit (VINF_SUCCESS) on \Device\HarddiskVolume3\Windows\System32\shell32.dll
2450.5ce4: supR3HardenedWinVerifyCacheProcessImportTodos: Processing 'ole32.dll'...
2450.5ce4: supR3HardenedWinVerifyCacheProcessImportTodos: 'ole32.dll' -> '\Device\HarddiskVolume3\Windows\System32\ole32.dll' [rcNtRedir=0xc0150008]
2450.5ce4: supR3HardenedWinVerifyCacheProcessImportTodos: Processing 'advapi32.dll'...
2450.5ce4: supR3HardenedWinVerifyCacheProcessImportTodos: 'advapi32.dll' -> '\Device\HarddiskVolume3\Windows\System32\advapi32.dll' [rcNtRedir=0xc0150008]
2450.5ce4: supR3HardenedWinVerifyCacheProcessImportTodos: Processing 'shlwapi.dll'...
2450.5ce4: supR3HardenedWinVerifyCacheProcessImportTodos: 'shlwapi.dll' -> '\Device\HarddiskVolume3\Windows\System32\shlwapi.dll' [rcNtRedir=0xc0150008]
2450.5ce4: supR3HardenedScreenImage/Imports: cache hit (VINF_SUCCESS) on \Device\HarddiskVolume3\Windows\System32\shlwapi.dll
2450.5ce4: supR3HardenedMonitor_LdrLoadDll: pName=C:\WINDOWS\System32\DriverStore\FileRepository\iigd_dch.inf_amd64_e16847b202e73a31\igd9trinity64.dll (rcNtResolve=0xc0150008) *pfFlags=0x0 pwszSearchPath=0000000000000001:<flags> [calling]
2450.5ce4: supR3HardenedScreenImage/NtCreateSection: cache hit (VINF_SUCCESS) on \Device\HarddiskVolume3\Windows\System32\DriverStore\FileRepository\iigd_dch.inf_amd64_e16847b202e73a31\igd9trinity64.dll
2450.5ce4: supR3HardenedDllNotificationCallback: load   00007ffe840b0000 LB 0x01597000 C:\WINDOWS\System32\DriverStore\FileRepository\iigd_dch.inf_amd64_e16847b202e73a31\igd9trinity64.dll [fFlags=0x0]
2450.5ce4: supR3HardenedScreenImage/LdrLoadDll: cache hit (VINF_SUCCESS) on \Device\HarddiskVolume3\Windows\System32\DriverStore\FileRepository\iigd_dch.inf_amd64_e16847b202e73a31\igd9trinity64.dll
2450.5ce4: supR3HardenedIsApiSetDll: ApiSetQueryApiSetPresence(api-ms-win-core-fibers-l1-1-2) -> 0x0, fPresent=1
2450.5ce4: supR3HardenedMonitor_LdrLoadDll: pName=api-ms-win-core-fibers-l1-1-2 (rcNtResolve=0x0) *pfFlags=0x0 pwszSearchPath=0000000000000801:<flags> [calling]
2450.5ce4: supR3HardenedMonitor_LdrLoadDll: returns rcNt=0x0 hMod=00007fff07560000 'api-ms-win-core-fibers-l1-1-2'
2450.5ce4: supR3HardenedScreenImage/LdrLoadDll: cache hit (VINF_SUCCESS) on \Device\HarddiskVolume3\Windows\System32\kernel32.dll
2450.5ce4: supR3HardenedMonitor_LdrLoadDll: pName=C:\WINDOWS\System32\kernel32.dll (Input=kernel32, rcNtResolve=0xc0150008) *pfFlags=0x0 pwszSearchPath=0000000000000801:<flags> [calling]
2450.5ce4: supR3HardenedMonitor_LdrLoadDll: returns rcNt=0x0 hMod=00007fff09ca0000 'C:\WINDOWS\System32\kernel32.dll'
2450.5ce4: supR3HardenedIsApiSetDll: ApiSetQueryApiSetPresence(api-ms-win-core-string-l1-1-0) -> 0x0, fPresent=1
2450.5ce4: supR3HardenedMonitor_LdrLoadDll: pName=api-ms-win-core-string-l1-1-0 (rcNtResolve=0x0) *pfFlags=0x0 pwszSearchPath=0000000000000801:<flags> [calling]
2450.5ce4: supR3HardenedMonitor_LdrLoadDll: returns rcNt=0x0 hMod=00007fff07560000 'api-ms-win-core-string-l1-1-0'
2450.5ce4: supR3HardenedIsApiSetDll: ApiSetQueryApiSetPresence(api-ms-win-core-localization-l1-2-1) -> 0x0, fPresent=1
2450.5ce4: supR3HardenedMonitor_LdrLoadDll: pName=api-ms-win-core-localization-l1-2-1 (rcNtResolve=0x0) *pfFlags=0x0 pwszSearchPath=0000000000000801:<flags> [calling]
2450.5ce4: supR3HardenedMonitor_LdrLoadDll: returns rcNt=0x0 hMod=00007fff07560000 'api-ms-win-core-localization-l1-2-1'
2450.5ce4: supR3HardenedIsApiSetDll: ApiSetQueryApiSetPresence(api-ms-win-core-datetime-l1-1-1) -> 0x0, fPresent=1
2450.5ce4: supR3HardenedMonitor_LdrLoadDll: pName=api-ms-win-core-datetime-l1-1-1 (rcNtResolve=0x0) *pfFlags=0x0 pwszSearchPath=0000000000000801:<flags> [calling]
2450.5ce4: supR3HardenedMonitor_LdrLoadDll: returns rcNt=0x0 hMod=00007fff07560000 'api-ms-win-core-datetime-l1-1-1'
2450.5ce4: supR3HardenedIsApiSetDll: ApiSetQueryApiSetPresence(api-ms-win-core-localization-obsolete-l1-2-0) -> 0x0, fPresent=1
2450.5ce4: supR3HardenedMonitor_LdrLoadDll: pName=api-ms-win-core-localization-obsolete-l1-2-0 (rcNtResolve=0x0) *pfFlags=0x0 pwszSearchPath=0000000000000801:<flags> [calling]
2450.5ce4: supR3HardenedMonitor_LdrLoadDll: returns rcNt=0x0 hMod=00007fff07560000 'api-ms-win-core-localization-obsolete-l1-2-0'
2450.5ce4: supR3HardenedScreenImage/LdrLoadDll: cache hit (VINF_SUCCESS) on \Device\HarddiskVolume3\Windows\System32\kernel32.dll
2450.5ce4: supR3HardenedMonitor_LdrLoadDll: pName=C:\WINDOWS\System32\kernel32.dll (Input=kernel32.dll, rcNtResolve=0xc0150008) *pfFlags=0x0 pwszSearchPath=0000000000000801:<flags> [calling]
2450.5ce4: supR3HardenedMonitor_LdrLoadDll: returns rcNt=0x0 hMod=00007fff09ca0000 'C:\WINDOWS\System32\kernel32.dll'
2450.5ce4: supR3HardenedMonitor_LdrLoadDll: returns rcNt=0x0 hMod=00007fff08f60000 'C:\WINDOWS\System32\shell32.dll'
2450.5ce4: supR3HardenedMonitor_LdrLoadDll: returns rcNt=0x0 hMod=00007fff08d90000 'C:\WINDOWS\System32\User32.dll'
2450.5ce4: supR3HardenedMonitor_LdrLoadDll: returns rcNt=0x0 hMod=00007ffe840b0000 'C:\WINDOWS\System32\DriverStore\FileRepository\iigd_dch.inf_amd64_e16847b202e73a31\igd9trinity64.dll'
2450.5ce4: supR3HardenedMonitor_LdrLoadDll: error opening 'C:\WINDOWS\System32\wineopenxr.dll': 0 (NtPath=\??\C:\WINDOWS\System32\wineopenxr.dll; Input=wineopenxr.dll; rcNtGetDll=0xc0000135
2450.5ce4: supR3HardenedMonitor_LdrLoadDll: returns rcNt=0xc0000034 'C:\WINDOWS\System32\wineopenxr.dll'
2450.5ce4: supR3HardenedScreenImage/LdrLoadDll: cache hit (VINF_SUCCESS) on \Device\HarddiskVolume3\Windows\System32\dxgi.dll
2450.5ce4: supR3HardenedMonitor_LdrLoadDll: pName=C:\WINDOWS\system32\dxgi.dll (rcNtResolve=0xc0150008) *pfFlags=0x0 pwszSearchPath=0000000000000001:<flags> [calling]
2450.5ce4: supR3HardenedMonitor_LdrLoadDll: returns rcNt=0x0 hMod=00007fff02950000 'C:\WINDOWS\system32\dxgi.dll'
2450.5ce4: supR3HardenedMonitor_LdrLoadDll: returns rcNt=0x0 hMod=00007fff08d90000 'C:\WINDOWS\system32\user32.dll'
2450.5ce4: supR3HardenedMonitor_LdrLoadDll: returns rcNt=0x0 hMod=00007fff09e20000 'C:\WINDOWS\system32\gdi32.dll'
2450.5ce4: supR3HardenedMonitor_LdrLoadDll: returns rcNt=0x0 hMod=00007fff09e20000 'C:\WINDOWS\System32\gdi32.dll'
2450.5ce4: supR3HardenedMonitor_LdrLoadDll: returns rcNt=0x0 hMod=00007fff06220000 'C:\WINDOWS\system32\rsaenh.dll'
2450.5ce4: supR3HardenedMonitor_LdrLoadDll: returns rcNt=0x0 hMod=00007fff081d0000 'C:\WINDOWS\System32\crypt32.dll'
2450.5ce4: '\Device\HarddiskVolume3\Windows\System32\ntdll.dll' has no imports
2450.5ce4: supHardenedWinVerifyImageByHandle: -> 0 (\Device\HarddiskVolume3\Windows\System32\ntdll.dll) WinVerifyTrust
2450.5ce4: supR3HardenedWinVerifyCacheInsert: \Device\HarddiskVolume3\Windows\System32\ntdll.dll
2450.5ce4: supR3HardenedMonitor_LdrLoadDll: pName=C:\WINDOWS\system32\ntdll.dll (rcNtResolve=0xc0150008) *pfFlags=0x0 pwszSearchPath=0000000000000001:<flags> [calling]
2450.5ce4: supR3HardenedMonitor_LdrLoadDll: returns rcNt=0x0 hMod=00007fff0ac80000 'C:\WINDOWS\system32\ntdll.dll'
2450.5ce4: supR3HardenedScreenImage/LdrLoadDll: cache hit (VINF_SUCCESS) on \Device\HarddiskVolume3\Windows\System32\kernel32.dll
2450.5ce4: supR3HardenedMonitor_LdrLoadDll: pName=C:\WINDOWS\system32\kernel32.dll (rcNtResolve=0xc0150008) *pfFlags=0x0 pwszSearchPath=0000000000000001:<flags> [calling]
2450.5ce4: supR3HardenedMonitor_LdrLoadDll: returns rcNt=0x0 hMod=00007fff09ca0000 'C:\WINDOWS\system32\kernel32.dll'
2450.5ce4: supR3HardenedWinVerifyCacheScheduleImports: Import todo: #1 'advapi32.dll'.
2450.5ce4: supHardenedWinVerifyImageByHandle: -> 0 (\Device\HarddiskVolume3\Windows\System32\DriverStore\FileRepository\iigd_dch.inf_amd64_e16847b202e73a31\igdgmm64.dll)
2450.5ce4: supR3HardenedWinVerifyCacheInsert: \Device\HarddiskVolume3\Windows\System32\DriverStore\FileRepository\iigd_dch.inf_amd64_e16847b202e73a31\igdgmm64.dll
2450.5ce4: supR3HardenedMonitor_NtCreateSection: NtMapViewOfSection failed on 0000000000000c2c (hFile=0000000000000c34) with 0xc0000022 -> STATUS_TRUST_FAILURE
2450.5ce4: supR3HardenedWinVerifyCacheProcessImportTodos: Processing 'advapi32.dll'...
2450.5ce4: supR3HardenedWinVerifyCacheProcessImportTodos: 'advapi32.dll' -> '\Device\HarddiskVolume3\Windows\System32\advapi32.dll' [rcNtRedir=0xc0150008]
2450.5ce4: supR3HardenedMonitor_LdrLoadDll: returns rcNt=0x0 hMod=00007fff06220000 'C:\WINDOWS\system32\rsaenh.dll'
2450.5ce4: supR3HardenedMonitor_LdrLoadDll: returns rcNt=0x0 hMod=00007fff081d0000 'C:\WINDOWS\System32\crypt32.dll'
2450.5ce4: supR3HardenedWinVerifyCacheProcessWvtTodos: 0 (was 0) fWinVerifyTrust=1 for '\Device\HarddiskVolume3\Windows\System32\DriverStore\FileRepository\iigd_dch.inf_amd64_e16847b202e73a31\igdgmm64.dll'
2450.5ce4: supR3HardenedScreenImage/LdrLoadDll: cache hit (VINF_SUCCESS) on \Device\HarddiskVolume3\Windows\System32\DriverStore\FileRepository\iigd_dch.inf_amd64_e16847b202e73a31\igdgmm64.dll
2450.5ce4: supR3HardenedMonitor_LdrLoadDll: pName=C:\WINDOWS\System32\DriverStore\FileRepository\iigd_dch.inf_amd64_e16847b202e73a31\igdgmm64.dll (rcNtResolve=0xc0150008) *pfFlags=0x0 pwszSearchPath=0000000000000001:<flags> [calling]
2450.5ce4: supR3HardenedScreenImage/NtCreateSection: cache hit (VINF_SUCCESS) on \Device\HarddiskVolume3\Windows\System32\DriverStore\FileRepository\iigd_dch.inf_amd64_e16847b202e73a31\igdgmm64.dll
2450.5ce4: supR3HardenedDllNotificationCallback: load   00007ffefd510000 LB 0x00442000 C:\WINDOWS\System32\DriverStore\FileRepository\iigd_dch.inf_amd64_e16847b202e73a31\igdgmm64.dll [fFlags=0x0]
2450.5ce4: supR3HardenedScreenImage/LdrLoadDll: cache hit (VINF_SUCCESS) on \Device\HarddiskVolume3\Windows\System32\DriverStore\FileRepository\iigd_dch.inf_amd64_e16847b202e73a31\igdgmm64.dll
2450.5ce4: supR3HardenedIsApiSetDll: ApiSetQueryApiSetPresence(api-ms-win-core-fibers-l1-1-2) -> 0x0, fPresent=1
2450.5ce4: supR3HardenedMonitor_LdrLoadDll: pName=api-ms-win-core-fibers-l1-1-2 (rcNtResolve=0x0) *pfFlags=0x0 pwszSearchPath=0000000000000801:<flags> [calling]
2450.5ce4: supR3HardenedMonitor_LdrLoadDll: returns rcNt=0x0 hMod=00007fff07560000 'api-ms-win-core-fibers-l1-1-2'
2450.5ce4: supR3HardenedMonitor_LdrLoadDll: returns rcNt=0x0 hMod=00007fff09ca0000 'C:\WINDOWS\System32\kernel32.dll'
2450.5ce4: supR3HardenedMonitor_LdrLoadDll: returns rcNt=0x0 hMod=00007ffefd510000 'C:\WINDOWS\System32\DriverStore\FileRepository\iigd_dch.inf_amd64_e16847b202e73a31\igdgmm64.dll'
2450.5ce4: supHardenedWinVerifyImageByHandle: -> 0 (\Device\HarddiskVolume3\Windows\System32\DriverStore\FileRepository\iigd_dch.inf_amd64_e16847b202e73a31\igc64.dll)
2450.5ce4: supR3HardenedWinVerifyCacheInsert: \Device\HarddiskVolume3\Windows\System32\DriverStore\FileRepository\iigd_dch.inf_amd64_e16847b202e73a31\igc64.dll
2450.5ce4: supR3HardenedMonitor_NtCreateSection: NtMapViewOfSection failed on 0000000000000bf8 (hFile=0000000000000c34) with 0xc0000022 -> STATUS_TRUST_FAILURE
2450.5ce4: supR3HardenedMonitor_LdrLoadDll: returns rcNt=0x0 hMod=00007fff06220000 'C:\WINDOWS\system32\rsaenh.dll'
2450.5ce4: supR3HardenedMonitor_LdrLoadDll: returns rcNt=0x0 hMod=00007fff081d0000 'C:\WINDOWS\System32\crypt32.dll'
2450.5ce4: supR3HardenedWinVerifyCacheProcessWvtTodos: 0 (was 0) fWinVerifyTrust=1 for '\Device\HarddiskVolume3\Windows\System32\DriverStore\FileRepository\iigd_dch.inf_amd64_e16847b202e73a31\igc64.dll'
2450.5ce4: supR3HardenedScreenImage/LdrLoadDll: cache hit (VINF_SUCCESS) on \Device\HarddiskVolume3\Windows\System32\DriverStore\FileRepository\iigd_dch.inf_amd64_e16847b202e73a31\igc64.dll
2450.5ce4: supR3HardenedMonitor_LdrLoadDll: pName=C:\WINDOWS\System32\DriverStore\FileRepository\iigd_dch.inf_amd64_e16847b202e73a31\igc64.dll (rcNtResolve=0xc0150008) *pfFlags=0x0 pwszSearchPath=0000000000000001:<flags> [calling]
2450.5ce4: supR3HardenedScreenImage/NtCreateSection: cache hit (VINF_SUCCESS) on \Device\HarddiskVolume3\Windows\System32\DriverStore\FileRepository\iigd_dch.inf_amd64_e16847b202e73a31\igc64.dll
2450.5ce4: supR3HardenedDllNotificationCallback: load   00007ffefd4e0000 LB 0x00026000 C:\WINDOWS\System32\DriverStore\FileRepository\iigd_dch.inf_amd64_e16847b202e73a31\igc64.dll [fFlags=0x0]
2450.5ce4: supR3HardenedScreenImage/LdrLoadDll: cache hit (VINF_SUCCESS) on \Device\HarddiskVolume3\Windows\System32\DriverStore\FileRepository\iigd_dch.inf_amd64_e16847b202e73a31\igc64.dll
2450.5ce4: supR3HardenedIsApiSetDll: ApiSetQueryApiSetPresence(api-ms-win-core-synch-l1-2-0) -> 0x0, fPresent=1
2450.5ce4: supR3HardenedMonitor_LdrLoadDll: pName=api-ms-win-core-synch-l1-2-0 (rcNtResolve=0x0) *pfFlags=0x0 pwszSearchPath=0000000000000801:<flags> [calling]
2450.5ce4: supR3HardenedMonitor_LdrLoadDll: returns rcNt=0x0 hMod=00007fff07560000 'api-ms-win-core-synch-l1-2-0'
2450.5ce4: supR3HardenedIsApiSetDll: ApiSetQueryApiSetPresence(api-ms-win-core-fibers-l1-1-1) -> 0x0, fPresent=1
2450.5ce4: supR3HardenedMonitor_LdrLoadDll: pName=api-ms-win-core-fibers-l1-1-1 (rcNtResolve=0x0) *pfFlags=0x0 pwszSearchPath=0000000000000801:<flags> [calling]
2450.5ce4: supR3HardenedMonitor_LdrLoadDll: returns rcNt=0x0 hMod=00007fff07560000 'api-ms-win-core-fibers-l1-1-1'
2450.5ce4: supR3HardenedIsApiSetDll: ApiSetQueryApiSetPresence(api-ms-win-core-fibers-l1-1-2) -> 0x0, fPresent=1
2450.5ce4: supR3HardenedMonitor_LdrLoadDll: pName=api-ms-win-core-fibers-l1-1-2 (rcNtResolve=0x0) *pfFlags=0x0 pwszSearchPath=0000000000000801:<flags> [calling]
2450.5ce4: supR3HardenedMonitor_LdrLoadDll: returns rcNt=0x0 hMod=00007fff07560000 'api-ms-win-core-fibers-l1-1-2'
2450.5ce4: supR3HardenedMonitor_LdrLoadDll: returns rcNt=0x0 hMod=00007fff09ca0000 'C:\WINDOWS\System32\kernel32.dll'
2450.5ce4: supR3HardenedMonitor_LdrLoadDll: returns rcNt=0x0 hMod=00007ffefd4e0000 'C:\WINDOWS\System32\DriverStore\FileRepository\iigd_dch.inf_amd64_e16847b202e73a31\igc64.dll'
2450.5ce4: supR3HardenedScreenImage/LdrLoadDll: cache hit (VINF_SUCCESS) on \Device\HarddiskVolume3\Windows\System32\version.dll
2450.5ce4: supR3HardenedMonitor_LdrLoadDll: pName=C:\WINDOWS\system32\version.dll (rcNtResolve=0xc0150008) *pfFlags=0x0 pwszSearchPath=0000000000000001:<flags> [calling]
2450.5ce4: supR3HardenedMonitor_LdrLoadDll: returns rcNt=0x0 hMod=00007fff003a0000 'C:\WINDOWS\system32\version.dll'
2450.5ce4: supR3HardenedMonitor_LdrLoadDll: error opening 'C:\WINDOWS\System32\DriverStore\FileRepository\iigd_dch.inf_amd64_e16847b202e73a31\dxgi.dll': 0 (NtPath=\??\C:\WINDOWS\System32\DriverStore\FileRepository\iigd_dch.inf_amd64_e16847b202e73a31\dxgi.dll; Input=C:\WINDOWS\System32\DriverStore\FileRepository\iigd_dch.inf_amd64_e16847b202e73a31\dxgi.dll; rcNtGetDll=0x0
2450.5ce4: supR3HardenedMonitor_LdrLoadDll: returns rcNt=0xc0000034 'C:\WINDOWS\System32\DriverStore\FileRepository\iigd_dch.inf_amd64_e16847b202e73a31\dxgi.dll'
2450.5ce4: supR3HardenedMonitor_LdrLoadDll: error opening 'C:\WINDOWS\System32\DriverStore\FileRepository\iigd_dch.inf_amd64_e16847b202e73a31\dxgi.dll': 0 (NtPath=\??\C:\WINDOWS\System32\DriverStore\FileRepository\iigd_dch.inf_amd64_e16847b202e73a31\dxgi.dll; Input=C:\WINDOWS\System32\DriverStore\FileRepository\iigd_dch.inf_amd64_e16847b202e73a31\dxgi.dll; rcNtGetDll=0x0
2450.5ce4: supR3HardenedMonitor_LdrLoadDll: returns rcNt=0xc0000034 'C:\WINDOWS\System32\DriverStore\FileRepository\iigd_dch.inf_amd64_e16847b202e73a31\dxgi.dll'
2450.5ce4: supR3HardenedMonitor_LdrLoadDll: returns rcNt=0x0 hMod=00007fff06220000 'C:\WINDOWS\system32\rsaenh.dll'
2450.5ce4: supR3HardenedMonitor_LdrLoadDll: returns rcNt=0x0 hMod=00007fff081d0000 'C:\WINDOWS\System32\crypt32.dll'
2450.5ce4: supR3HardenedWinVerifyCacheScheduleImports: Import todo: #0 'cfgmgr32.dll'.
2450.5ce4: supR3HardenedWinVerifyCacheScheduleImports: Import todo: #2 'advapi32.dll'.
2450.5ce4: supR3HardenedWinVerifyCacheScheduleImports: Import todo: #3 'user32.dll'.
2450.5ce4: supHardenedWinVerifyImageByHandle: -> 0 (\Device\HarddiskVolume3\Windows\System32\ControlLib.dll) WinVerifyTrust
2450.5ce4: supR3HardenedWinVerifyCacheInsert: \Device\HarddiskVolume3\Windows\System32\ControlLib.dll
2450.5ce4: supR3HardenedWinVerifyCacheProcessImportTodos: Processing 'user32.dll'...
2450.5ce4: supR3HardenedWinVerifyCacheProcessImportTodos: 'user32.dll' -> '\Device\HarddiskVolume3\Windows\System32\user32.dll' [rcNtRedir=0xc0150008]
2450.5ce4: supR3HardenedWinVerifyCacheProcessImportTodos: Processing 'advapi32.dll'...
2450.5ce4: supR3HardenedWinVerifyCacheProcessImportTodos: 'advapi32.dll' -> '\Device\HarddiskVolume3\Windows\System32\advapi32.dll' [rcNtRedir=0xc0150008]
2450.5ce4: supR3HardenedWinVerifyCacheProcessImportTodos: Processing 'cfgmgr32.dll'...
2450.5ce4: supR3HardenedWinVerifyCacheProcessImportTodos: 'cfgmgr32.dll' -> '\Device\HarddiskVolume3\Windows\System32\cfgmgr32.dll' [rcNtRedir=0xc0150008]
2450.5ce4: supR3HardenedScreenImage/Imports: cache hit (VINF_SUCCESS) on \Device\HarddiskVolume3\Windows\System32\cfgmgr32.dll
2450.5ce4: supR3HardenedMonitor_LdrLoadDll: pName=C:\WINDOWS\System32\ControlLib.dll (Input=ControlLib.dll, rcNtResolve=0xc0150008) *pfFlags=0x0 pwszSearchPath=0000000000000801:<flags> [calling]
2450.5ce4: supR3HardenedScreenImage/NtCreateSection: cache hit (VINF_SUCCESS) on \Device\HarddiskVolume3\Windows\System32\ControlLib.dll
2450.5ce4: supR3HardenedDllNotificationCallback: load   00007ffefa390000 LB 0x0004d000 C:\WINDOWS\System32\ControlLib.dll [fFlags=0x0]
2450.5ce4: supR3HardenedScreenImage/LdrLoadDll: cache hit (VINF_SUCCESS) on \Device\HarddiskVolume3\Windows\System32\ControlLib.dll
2450.5ce4: supR3HardenedIsApiSetDll: ApiSetQueryApiSetPresence(api-ms-win-core-synch-l1-2-0) -> 0x0, fPresent=1
2450.5ce4: supR3HardenedMonitor_LdrLoadDll: pName=api-ms-win-core-synch-l1-2-0 (rcNtResolve=0x0) *pfFlags=0x0 pwszSearchPath=0000000000000801:<flags> [calling]
2450.5ce4: supR3HardenedMonitor_LdrLoadDll: returns rcNt=0x0 hMod=00007fff07560000 'api-ms-win-core-synch-l1-2-0'
2450.5ce4: supR3HardenedIsApiSetDll: ApiSetQueryApiSetPresence(api-ms-win-core-fibers-l1-1-1) -> 0x0, fPresent=1
2450.5ce4: supR3HardenedMonitor_LdrLoadDll: pName=api-ms-win-core-fibers-l1-1-1 (rcNtResolve=0x0) *pfFlags=0x0 pwszSearchPath=0000000000000801:<flags> [calling]
2450.5ce4: supR3HardenedMonitor_LdrLoadDll: returns rcNt=0x0 hMod=00007fff07560000 'api-ms-win-core-fibers-l1-1-1'
2450.5ce4: supR3HardenedIsApiSetDll: ApiSetQueryApiSetPresence(api-ms-win-core-fibers-l1-1-2) -> 0x0, fPresent=1
2450.5ce4: supR3HardenedMonitor_LdrLoadDll: pName=api-ms-win-core-fibers-l1-1-2 (rcNtResolve=0x0) *pfFlags=0x0 pwszSearchPath=0000000000000801:<flags> [calling]
2450.5ce4: supR3HardenedMonitor_LdrLoadDll: returns rcNt=0x0 hMod=00007fff07560000 'api-ms-win-core-fibers-l1-1-2'
2450.5ce4: supR3HardenedMonitor_LdrLoadDll: returns rcNt=0x0 hMod=00007fff09ca0000 'C:\WINDOWS\System32\kernel32.dll'
2450.5ce4: supR3HardenedMonitor_LdrLoadDll: returns rcNt=0x0 hMod=00007ffefa390000 'C:\WINDOWS\System32\ControlLib.dll'
2450.5ce4: supR3HardenedMonitor_LdrLoadDll: returns rcNt=0x0 hMod=00007fff06220000 'C:\WINDOWS\system32\rsaenh.dll'
2450.5ce4: supR3HardenedMonitor_LdrLoadDll: returns rcNt=0x0 hMod=00007fff081d0000 'C:\WINDOWS\System32\crypt32.dll'
2450.5ce4: supR3HardenedWinVerifyCacheScheduleImports: Import todo: #0 'cfgmgr32.dll'.
2450.5ce4: supR3HardenedWinVerifyCacheScheduleImports: Import todo: #1 'dxgi.dll'.
2450.5ce4: supR3HardenedWinVerifyCacheScheduleImports: Import todo: #2 'shell32.dll'.
2450.5ce4: supR3HardenedWinVerifyCacheScheduleImports: Import todo: #4 'advapi32.dll'.
2450.5ce4: supR3HardenedWinVerifyCacheScheduleImports: Import todo: #5 'user32.dll'.
2450.5ce4: supHardenedWinVerifyImageByHandle: -> 0 (\Device\HarddiskVolume3\Windows\System32\DriverStore\FileRepository\iigd_dch.inf_amd64_e16847b202e73a31\IntelControlLib.dll) WinVerifyTrust
2450.5ce4: supR3HardenedWinVerifyCacheInsert: \Device\HarddiskVolume3\Windows\System32\DriverStore\FileRepository\iigd_dch.inf_amd64_e16847b202e73a31\IntelControlLib.dll
2450.5ce4: supR3HardenedWinVerifyCacheProcessImportTodos: Processing 'user32.dll'...
2450.5ce4: supR3HardenedWinVerifyCacheProcessImportTodos: 'user32.dll' -> '\Device\HarddiskVolume3\Windows\System32\user32.dll' [rcNtRedir=0xc0150008]
2450.5ce4: supR3HardenedWinVerifyCacheProcessImportTodos: Processing 'advapi32.dll'...
2450.5ce4: supR3HardenedWinVerifyCacheProcessImportTodos: 'advapi32.dll' -> '\Device\HarddiskVolume3\Windows\System32\advapi32.dll' [rcNtRedir=0xc0150008]
2450.5ce4: supR3HardenedWinVerifyCacheProcessImportTodos: Processing 'shell32.dll'...
2450.5ce4: supR3HardenedWinVerifyCacheProcessImportTodos: 'shell32.dll' -> '\Device\HarddiskVolume3\Windows\System32\shell32.dll' [rcNtRedir=0xc0150008]
2450.5ce4: supR3HardenedWinVerifyCacheProcessImportTodos: Processing 'dxgi.dll'...
2450.5ce4: supR3HardenedWinVerifyCacheProcessImportTodos: 'dxgi.dll' -> '\Device\HarddiskVolume3\Windows\System32\dxgi.dll' [rcNtRedir=0xc0150008]
2450.5ce4: supR3HardenedScreenImage/Imports: cache hit (VINF_SUCCESS) on \Device\HarddiskVolume3\Windows\System32\dxgi.dll
2450.5ce4: supR3HardenedWinVerifyCacheProcessImportTodos: Processing 'cfgmgr32.dll'...
2450.5ce4: supR3HardenedWinVerifyCacheProcessImportTodos: 'cfgmgr32.dll' -> '\Device\HarddiskVolume3\Windows\System32\cfgmgr32.dll' [rcNtRedir=0xc0150008]
2450.5ce4: supR3HardenedScreenImage/Imports: cache hit (VINF_SUCCESS) on \Device\HarddiskVolume3\Windows\System32\cfgmgr32.dll
2450.5ce4: supR3HardenedMonitor_LdrLoadDll: pName=C:\WINDOWS\System32\DriverStore\FileRepository\iigd_dch.inf_amd64_e16847b202e73a31\IntelControlLib.dll (rcNtResolve=0xc0150008) *pfFlags=0x0 pwszSearchPath=0000000000000001:<flags> [calling]
2450.5ce4: supR3HardenedScreenImage/NtCreateSection: cache hit (VINF_SUCCESS) on \Device\HarddiskVolume3\Windows\System32\DriverStore\FileRepository\iigd_dch.inf_amd64_e16847b202e73a31\IntelControlLib.dll
2450.5ce4: supR3HardenedDllNotificationCallback: load   00007ffefd960000 LB 0x0009f000 C:\WINDOWS\System32\DriverStore\FileRepository\iigd_dch.inf_amd64_e16847b202e73a31\IntelControlLib.dll [fFlags=0x0]
2450.5ce4: supR3HardenedScreenImage/LdrLoadDll: cache hit (VINF_SUCCESS) on \Device\HarddiskVolume3\Windows\System32\DriverStore\FileRepository\iigd_dch.inf_amd64_e16847b202e73a31\IntelControlLib.dll
2450.5ce4: supR3HardenedIsApiSetDll: ApiSetQueryApiSetPresence(api-ms-win-core-synch-l1-2-0) -> 0x0, fPresent=1
2450.5ce4: supR3HardenedMonitor_LdrLoadDll: pName=api-ms-win-core-synch-l1-2-0 (rcNtResolve=0x0) *pfFlags=0x0 pwszSearchPath=0000000000000801:<flags> [calling]
2450.5ce4: supR3HardenedMonitor_LdrLoadDll: returns rcNt=0x0 hMod=00007fff07560000 'api-ms-win-core-synch-l1-2-0'
2450.5ce4: supR3HardenedIsApiSetDll: ApiSetQueryApiSetPresence(api-ms-win-core-fibers-l1-1-1) -> 0x0, fPresent=1
2450.5ce4: supR3HardenedMonitor_LdrLoadDll: pName=api-ms-win-core-fibers-l1-1-1 (rcNtResolve=0x0) *pfFlags=0x0 pwszSearchPath=0000000000000801:<flags> [calling]
2450.5ce4: supR3HardenedMonitor_LdrLoadDll: returns rcNt=0x0 hMod=00007fff07560000 'api-ms-win-core-fibers-l1-1-1'
2450.5ce4: supR3HardenedIsApiSetDll: ApiSetQueryApiSetPresence(api-ms-win-core-fibers-l1-1-2) -> 0x0, fPresent=1
2450.5ce4: supR3HardenedMonitor_LdrLoadDll: pName=api-ms-win-core-fibers-l1-1-2 (rcNtResolve=0x0) *pfFlags=0x0 pwszSearchPath=0000000000000801:<flags> [calling]
2450.5ce4: supR3HardenedMonitor_LdrLoadDll: returns rcNt=0x0 hMod=00007fff07560000 'api-ms-win-core-fibers-l1-1-2'
2450.5ce4: supR3HardenedMonitor_LdrLoadDll: returns rcNt=0x0 hMod=00007fff09ca0000 'C:\WINDOWS\System32\kernel32.dll'
2450.5ce4: supR3HardenedMonitor_LdrLoadDll: returns rcNt=0x0 hMod=00007fff09e20000 'C:\WINDOWS\System32\Gdi32.dll'
2450.5ce4: supR3HardenedMonitor_LdrLoadDll: returns rcNt=0x0 hMod=00007fff09ca0000 'C:\WINDOWS\System32\kernel32.dll'
2450.5ce4: supR3HardenedMonitor_LdrLoadDll: returns rcNt=0x0 hMod=00007ffefd960000 'C:\WINDOWS\System32\DriverStore\FileRepository\iigd_dch.inf_amd64_e16847b202e73a31\IntelControlLib.dll'
2450.5ce4: supR3HardenedIsApiSetDll: ApiSetQueryApiSetPresence(ext-ms-win-core-resourcepolicy-l1-1-0.dll) -> 0x0, fPresent=1
2450.5ce4: supR3HardenedMonitor_LdrLoadDll: pName=ext-ms-win-core-resourcepolicy-l1-1-0.dll (rcNtResolve=0x0) *pfFlags=0x0 pwszSearchPath=0000000000000001:<flags> [calling]
2450.5ce4: supR3HardenedWinVerifyCacheScheduleImports: Import todo: #0 'msvcrt.dll'.
2450.5ce4: supR3HardenedWinVerifyCacheScheduleImports: Import todo: #11 'rpcrt4.dll'.
2450.5ce4: supHardenedWinVerifyImageByHandle: -> 0 (\Device\HarddiskVolume3\Windows\System32\ResourcePolicyClient.dll)
2450.5ce4: supR3HardenedWinVerifyCacheInsert: \Device\HarddiskVolume3\Windows\System32\ResourcePolicyClient.dll
2450.5ce4: supR3HardenedDllNotificationCallback: load   00007fff00220000 LB 0x00014000 C:\WINDOWS\SYSTEM32\resourcepolicyclient.dll [fFlags=0x0]
2450.5ce4: supR3HardenedScreenImage/LdrLoadDll: cache hit (VINF_SUCCESS) on \Device\HarddiskVolume3\Windows\System32\ResourcePolicyClient.dll [avoiding WinVerifyTrust]
2450.5ce4: supR3HardenedMonitor_LdrLoadDll: returns rcNt=0x0 hMod=00007fff00220000 'ext-ms-win-core-resourcepolicy-l1-1-0.dll'
2450.5ce4: supR3HardenedWinVerifyCacheProcessImportTodos: Processing 'rpcrt4.dll'...
2450.5ce4: supR3HardenedWinVerifyCacheProcessImportTodos: 'rpcrt4.dll' -> '\Device\HarddiskVolume3\Windows\System32\rpcrt4.dll' [rcNtRedir=0xc0150008]
2450.5ce4: supR3HardenedWinVerifyCacheProcessImportTodos: Processing 'msvcrt.dll'...
2450.5ce4: supR3HardenedWinVerifyCacheProcessImportTodos: 'msvcrt.dll' -> '\Device\HarddiskVolume3\Windows\System32\msvcrt.dll' [rcNtRedir=0xc0150008]
2450.5ce4: supR3HardenedMonitor_LdrLoadDll: returns rcNt=0x0 hMod=00007fff06220000 'C:\WINDOWS\system32\rsaenh.dll'
2450.5ce4: supR3HardenedMonitor_LdrLoadDll: returns rcNt=0x0 hMod=00007fff081d0000 'C:\WINDOWS\System32\crypt32.dll'
2450.5ce4: supR3HardenedWinVerifyCacheProcessWvtTodos: 0 (was 0) fWinVerifyTrust=1 for '\Device\HarddiskVolume3\Windows\System32\ResourcePolicyClient.dll'
2450.5ce4: supR3HardenedDllNotificationCallback: Unload 00007fff00220000 LB 0x00014000 C:\WINDOWS\SYSTEM32\resourcepolicyclient.dll [flags=0x0]
2450.5ce4: supR3HardenedWinVerifyCacheScheduleImports: Import todo: #12 'msvcp_win.dll'.
2450.5ce4: supHardenedWinVerifyImageByHandle: -> 0 (\Device\HarddiskVolume3\Windows\System32\directxdatabasehelper.dll)
2450.5ce4: supR3HardenedWinVerifyCacheInsert: \Device\HarddiskVolume3\Windows\System32\directxdatabasehelper.dll
2450.5ce4: supR3HardenedDllNotificationCallback: load   00007ffeffd60000 LB 0x00063000 C:\WINDOWS\SYSTEM32\directxdatabasehelper.dll [fFlags=0x0]
2450.5ce4: supR3HardenedScreenImage/LdrLoadDll: cache hit (VINF_SUCCESS) on \Device\HarddiskVolume3\Windows\System32\directxdatabasehelper.dll [avoiding WinVerifyTrust]
2450.5ce4: supR3HardenedWinVerifyCacheProcessImportTodos: Processing 'msvcp_win.dll'...
2450.5ce4: supR3HardenedWinVerifyCacheProcessImportTodos: 'msvcp_win.dll' -> '\Device\HarddiskVolume3\Windows\System32\msvcp_win.dll' [rcNtRedir=0xc0150008]
2450.5ce4: supR3HardenedMonitor_LdrLoadDll: returns rcNt=0x0 hMod=00007fff06220000 'C:\WINDOWS\system32\rsaenh.dll'
2450.5ce4: supR3HardenedMonitor_LdrLoadDll: returns rcNt=0x0 hMod=00007fff081d0000 'C:\WINDOWS\System32\crypt32.dll'
2450.5ce4: supR3HardenedWinVerifyCacheProcessWvtTodos: 0 (was 0) fWinVerifyTrust=1 for '\Device\HarddiskVolume3\Windows\System32\directxdatabasehelper.dll'
2450.5ce4: supR3HardenedScreenImage/LdrLoadDll: cache hit (VINF_SUCCESS) on \Device\HarddiskVolume3\Windows\System32\DXCore.dll
2450.5ce4: supR3HardenedMonitor_LdrLoadDll: pName=C:\WINDOWS\System32\dxcore.dll (Input=dxcore.dll, rcNtResolve=0xc0150008) *pfFlags=0x0 pwszSearchPath=0000000000000001:<flags> [calling]
2450.5ce4: supR3HardenedMonitor_LdrLoadDll: returns rcNt=0x0 hMod=00007fff02900000 'C:\WINDOWS\System32\dxcore.dll'
2450.5ce4: supR3HardenedScreenImage/LdrLoadDll: cache hit (VINF_SUCCESS) on \Device\HarddiskVolume3\Windows\System32\DXCore.dll
2450.5ce4: supR3HardenedMonitor_LdrLoadDll: pName=C:\WINDOWS\System32\dxcore.dll (Input=dxcore.dll, rcNtResolve=0xc0150008) *pfFlags=0x0 pwszSearchPath=0000000000000001:<flags> [calling]
2450.5ce4: supR3HardenedMonitor_LdrLoadDll: returns rcNt=0x0 hMod=00007fff02900000 'C:\WINDOWS\System32\dxcore.dll'
2450.5ce4: supR3HardenedScreenImage/LdrLoadDll: cache hit (VINF_SUCCESS) on \Device\HarddiskVolume3\Windows\System32\ntdll.dll
2450.5ce4: supR3HardenedMonitor_LdrLoadDll: pName=C:\WINDOWS\System32\ntdll.dll (Input=ntdll.dll, rcNtResolve=0xc0150008) *pfFlags=0x0 pwszSearchPath=0000000000000801:<flags> [calling]
2450.5ce4: supR3HardenedMonitor_LdrLoadDll: returns rcNt=0x0 hMod=00007fff0ac80000 'C:\WINDOWS\System32\ntdll.dll'
2450.5ce4: supR3HardenedMonitor_LdrLoadDll: returns rcNt=0x0 hMod=00007fff09e20000 'C:\WINDOWS\System32\gdi32.dll'
2450.5ce4: supR3HardenedMonitor_LdrLoadDll: returns rcNt=0x0 hMod=00007fff09e20000 'C:\WINDOWS\System32\gdi32.dll'
2450.5ce4: supR3HardenedMonitor_LdrLoadDll: returns rcNt=0x0 hMod=00007fff09e20000 'C:\WINDOWS\System32\gdi32.dll'
2450.5ce4: supR3HardenedMonitor_LdrLoadDll: returns rcNt=0x0 hMod=00007fff09e20000 'C:\WINDOWS\System32\gdi32.dll'
2450.5ce4: supR3HardenedMonitor_LdrLoadDll: returns rcNt=0x0 hMod=00007fff09e20000 'C:\WINDOWS\System32\gdi32.dll'
2450.5ce4: supR3HardenedMonitor_LdrLoadDll: returns rcNt=0x0 hMod=00007fff09e20000 'C:\WINDOWS\System32\gdi32.dll'
2450.5ce4: supR3HardenedMonitor_LdrLoadDll: returns rcNt=0x0 hMod=00007fff09e20000 'C:\WINDOWS\System32\gdi32.dll'
2450.5ce4: supR3HardenedMonitor_LdrLoadDll: returns rcNt=0x0 hMod=00007fff09e20000 'C:\WINDOWS\System32\gdi32.dll'
2450.5ce4: supR3HardenedMonitor_LdrLoadDll: returns rcNt=0x0 hMod=00007fff06220000 'C:\WINDOWS\system32\rsaenh.dll'
2450.5ce4: supR3HardenedMonitor_LdrLoadDll: returns rcNt=0x0 hMod=00007fff081d0000 'C:\WINDOWS\System32\crypt32.dll'
2450.5ce4: supR3HardenedWinVerifyCacheScheduleImports: Import todo: #1 'advapi32.dll'.
2450.5ce4: supR3HardenedWinVerifyCacheScheduleImports: Import todo: #2 'ole32.dll'.
2450.5ce4: supR3HardenedWinVerifyCacheScheduleImports: Import todo: #3 'oleaut32.dll'.
2450.5ce4: supR3HardenedWinVerifyCacheScheduleImports: Import todo: #4 'setupapi.dll'.
2450.5ce4: supHardenedWinVerifyImageByHandle: -> 0 (\Device\HarddiskVolume3\Windows\System32\DriverStore\FileRepository\iigd_dch.inf_amd64_e16847b202e73a31\igd9dxva64.dll) WinVerifyTrust
2450.5ce4: supR3HardenedWinVerifyCacheInsert: \Device\HarddiskVolume3\Windows\System32\DriverStore\FileRepository\iigd_dch.inf_amd64_e16847b202e73a31\igd9dxva64.dll
2450.5ce4: supR3HardenedWinVerifyCacheProcessImportTodos: Processing 'setupapi.dll'...
2450.5ce4: supR3HardenedWinVerifyCacheProcessImportTodos: 'setupapi.dll' -> '\Device\HarddiskVolume3\Windows\System32\setupapi.dll' [rcNtRedir=0xc0150008]
2450.5ce4: supR3HardenedScreenImage/Imports: cache hit (VINF_SUCCESS) on \Device\HarddiskVolume3\Windows\System32\setupapi.dll
2450.5ce4: supR3HardenedWinVerifyCacheProcessImportTodos: Processing 'oleaut32.dll'...
2450.5ce4: supR3HardenedWinVerifyCacheProcessImportTodos: 'oleaut32.dll' -> '\Device\HarddiskVolume3\Windows\System32\oleaut32.dll' [rcNtRedir=0xc0150008]
2450.5ce4: supR3HardenedScreenImage/Imports: cache hit (VINF_SUCCESS) on \Device\HarddiskVolume3\Windows\System32\oleaut32.dll
2450.5ce4: supR3HardenedWinVerifyCacheProcessImportTodos: Processing 'ole32.dll'...
2450.5ce4: supR3HardenedWinVerifyCacheProcessImportTodos: 'ole32.dll' -> '\Device\HarddiskVolume3\Windows\System32\ole32.dll' [rcNtRedir=0xc0150008]
2450.5ce4: supR3HardenedWinVerifyCacheProcessImportTodos: Processing 'advapi32.dll'...
2450.5ce4: supR3HardenedWinVerifyCacheProcessImportTodos: 'advapi32.dll' -> '\Device\HarddiskVolume3\Windows\System32\advapi32.dll' [rcNtRedir=0xc0150008]
2450.5ce4: supR3HardenedMonitor_LdrLoadDll: pName=C:\WINDOWS\System32\DriverStore\FileRepository\iigd_dch.inf_amd64_e16847b202e73a31\igd9dxva64.dll (rcNtResolve=0xc0150008) *pfFlags=0x0 pwszSearchPath=0000000000000001:<flags> [calling]
2450.5ce4: supR3HardenedScreenImage/NtCreateSection: cache hit (VINF_SUCCESS) on \Device\HarddiskVolume3\Windows\System32\DriverStore\FileRepository\iigd_dch.inf_amd64_e16847b202e73a31\igd9dxva64.dll
2450.5ce4: supR3HardenedDllNotificationCallback: load   00007ffe82b70000 LB 0x01536000 C:\WINDOWS\System32\DriverStore\FileRepository\iigd_dch.inf_amd64_e16847b202e73a31\igd9dxva64.dll [fFlags=0x0]
2450.5ce4: supR3HardenedScreenImage/LdrLoadDll: cache hit (VINF_SUCCESS) on \Device\HarddiskVolume3\Windows\System32\DriverStore\FileRepository\iigd_dch.inf_amd64_e16847b202e73a31\igd9dxva64.dll
2450.5ce4: supR3HardenedIsApiSetDll: ApiSetQueryApiSetPresence(api-ms-win-core-fibers-l1-1-2) -> 0x0, fPresent=1
2450.5ce4: supR3HardenedMonitor_LdrLoadDll: pName=api-ms-win-core-fibers-l1-1-2 (rcNtResolve=0x0) *pfFlags=0x0 pwszSearchPath=0000000000000801:<flags> [calling]
2450.5ce4: supR3HardenedMonitor_LdrLoadDll: returns rcNt=0x0 hMod=00007fff07560000 'api-ms-win-core-fibers-l1-1-2'
2450.5ce4: supR3HardenedMonitor_LdrLoadDll: returns rcNt=0x0 hMod=00007fff09ca0000 'C:\WINDOWS\System32\kernel32.dll'
2450.5ce4: supR3HardenedIsApiSetDll: ApiSetQueryApiSetPresence(api-ms-win-core-string-l1-1-0) -> 0x0, fPresent=1
2450.5ce4: supR3HardenedMonitor_LdrLoadDll: pName=api-ms-win-core-string-l1-1-0 (rcNtResolve=0x0) *pfFlags=0x0 pwszSearchPath=0000000000000801:<flags> [calling]
2450.5ce4: supR3HardenedMonitor_LdrLoadDll: returns rcNt=0x0 hMod=00007fff07560000 'api-ms-win-core-string-l1-1-0'
2450.5ce4: supR3HardenedIsApiSetDll: ApiSetQueryApiSetPresence(api-ms-win-core-localization-l1-2-1) -> 0x0, fPresent=1
2450.5ce4: supR3HardenedMonitor_LdrLoadDll: pName=api-ms-win-core-localization-l1-2-1 (rcNtResolve=0x0) *pfFlags=0x0 pwszSearchPath=0000000000000801:<flags> [calling]
2450.5ce4: supR3HardenedMonitor_LdrLoadDll: returns rcNt=0x0 hMod=00007fff07560000 'api-ms-win-core-localization-l1-2-1'
2450.5ce4: supR3HardenedIsApiSetDll: ApiSetQueryApiSetPresence(api-ms-win-core-datetime-l1-1-1) -> 0x0, fPresent=1
2450.5ce4: supR3HardenedMonitor_LdrLoadDll: pName=api-ms-win-core-datetime-l1-1-1 (rcNtResolve=0x0) *pfFlags=0x0 pwszSearchPath=0000000000000801:<flags> [calling]
2450.5ce4: supR3HardenedMonitor_LdrLoadDll: returns rcNt=0x0 hMod=00007fff07560000 'api-ms-win-core-datetime-l1-1-1'
2450.5ce4: supR3HardenedIsApiSetDll: ApiSetQueryApiSetPresence(api-ms-win-core-localization-obsolete-l1-2-0) -> 0x0, fPresent=1
2450.5ce4: supR3HardenedMonitor_LdrLoadDll: pName=api-ms-win-core-localization-obsolete-l1-2-0 (rcNtResolve=0x0) *pfFlags=0x0 pwszSearchPath=0000000000000801:<flags> [calling]
2450.5ce4: supR3HardenedMonitor_LdrLoadDll: returns rcNt=0x0 hMod=00007fff07560000 'api-ms-win-core-localization-obsolete-l1-2-0'
2450.5ce4: supR3HardenedMonitor_LdrLoadDll: returns rcNt=0x0 hMod=00007ffe82b70000 'C:\WINDOWS\System32\DriverStore\FileRepository\iigd_dch.inf_amd64_e16847b202e73a31\igd9dxva64.dll'
2450.5ce4: supR3HardenedMonitor_LdrLoadDll: returns rcNt=0x0 hMod=00007fff06220000 'C:\WINDOWS\system32\rsaenh.dll'
2450.5ce4: supR3HardenedMonitor_LdrLoadDll: returns rcNt=0x0 hMod=00007fff081d0000 'C:\WINDOWS\System32\crypt32.dll'
2450.5ce4: supHardenedWinVerifyImageByHandle: -> 0 (\Device\HarddiskVolume3\Windows\System32\DriverStore\FileRepository\iigd_dch.inf_amd64_e16847b202e73a31\media_bin_64.dll) WinVerifyTrust
2450.5ce4: supR3HardenedWinVerifyCacheInsert: \Device\HarddiskVolume3\Windows\System32\DriverStore\FileRepository\iigd_dch.inf_amd64_e16847b202e73a31\media_bin_64.dll
2450.5ce4: supR3HardenedMonitor_LdrLoadDll: pName=C:\WINDOWS\System32\DriverStore\FileRepository\iigd_dch.inf_amd64_e16847b202e73a31\media_bin_64.dll (rcNtResolve=0xc0150008) *pfFlags=0x0 pwszSearchPath=0000000000000001:<flags> [calling]
2450.5ce4: supR3HardenedScreenImage/NtCreateSection: cache hit (VINF_SUCCESS) on \Device\HarddiskVolume3\Windows\System32\DriverStore\FileRepository\iigd_dch.inf_amd64_e16847b202e73a31\media_bin_64.dll
2450.5ce4: supR3HardenedDllNotificationCallback: load   00007ffef2de0000 LB 0x01d2e000 C:\WINDOWS\System32\DriverStore\FileRepository\iigd_dch.inf_amd64_e16847b202e73a31\media_bin_64.dll [fFlags=0x0]
2450.5ce4: supR3HardenedScreenImage/LdrLoadDll: cache hit (VINF_SUCCESS) on \Device\HarddiskVolume3\Windows\System32\DriverStore\FileRepository\iigd_dch.inf_amd64_e16847b202e73a31\media_bin_64.dll
2450.5ce4: supR3HardenedIsApiSetDll: ApiSetQueryApiSetPresence(api-ms-win-core-synch-l1-2-0) -> 0x0, fPresent=1
2450.5ce4: supR3HardenedMonitor_LdrLoadDll: pName=api-ms-win-core-synch-l1-2-0 (rcNtResolve=0x0) *pfFlags=0x0 pwszSearchPath=0000000000000801:<flags> [calling]
2450.5ce4: supR3HardenedMonitor_LdrLoadDll: returns rcNt=0x0 hMod=00007fff07560000 'api-ms-win-core-synch-l1-2-0'
2450.5ce4: supR3HardenedIsApiSetDll: ApiSetQueryApiSetPresence(api-ms-win-core-fibers-l1-1-1) -> 0x0, fPresent=1
2450.5ce4: supR3HardenedMonitor_LdrLoadDll: pName=api-ms-win-core-fibers-l1-1-1 (rcNtResolve=0x0) *pfFlags=0x0 pwszSearchPath=0000000000000801:<flags> [calling]
2450.5ce4: supR3HardenedMonitor_LdrLoadDll: returns rcNt=0x0 hMod=00007fff07560000 'api-ms-win-core-fibers-l1-1-1'
2450.5ce4: supR3HardenedIsApiSetDll: ApiSetQueryApiSetPresence(api-ms-win-core-fibers-l1-1-2) -> 0x0, fPresent=1
2450.5ce4: supR3HardenedMonitor_LdrLoadDll: pName=api-ms-win-core-fibers-l1-1-2 (rcNtResolve=0x0) *pfFlags=0x0 pwszSearchPath=0000000000000801:<flags> [calling]
2450.5ce4: supR3HardenedMonitor_LdrLoadDll: returns rcNt=0x0 hMod=00007fff07560000 'api-ms-win-core-fibers-l1-1-2'
2450.5ce4: supR3HardenedMonitor_LdrLoadDll: returns rcNt=0x0 hMod=00007fff09ca0000 'C:\WINDOWS\System32\kernel32.dll'
2450.5ce4: supR3HardenedMonitor_LdrLoadDll: returns rcNt=0x0 hMod=00007ffef2de0000 'C:\WINDOWS\System32\DriverStore\FileRepository\iigd_dch.inf_amd64_e16847b202e73a31\media_bin_64.dll'
2450.5ce4: supR3HardenedIsApiSetDll: ApiSetQueryApiSetPresence(ext-ms-win-core-resourcepolicy-l1-1-0.dll) -> 0x0, fPresent=1
2450.5ce4: supR3HardenedMonitor_LdrLoadDll: pName=ext-ms-win-core-resourcepolicy-l1-1-0.dll (rcNtResolve=0x0) *pfFlags=0x0 pwszSearchPath=0000000000000001:<flags> [calling]
2450.5ce4: supR3HardenedScreenImage/NtCreateSection: cache hit (VINF_SUCCESS) on \Device\HarddiskVolume3\Windows\System32\ResourcePolicyClient.dll
2450.5ce4: supR3HardenedDllNotificationCallback: load   00007fff00220000 LB 0x00014000 C:\WINDOWS\SYSTEM32\resourcepolicyclient.dll [fFlags=0x0]
2450.5ce4: supR3HardenedScreenImage/LdrLoadDll: cache hit (VINF_SUCCESS) on \Device\HarddiskVolume3\Windows\System32\ResourcePolicyClient.dll
2450.5ce4: supR3HardenedMonitor_LdrLoadDll: returns rcNt=0x0 hMod=00007fff00220000 'ext-ms-win-core-resourcepolicy-l1-1-0.dll'
2450.5ce4: supR3HardenedDllNotificationCallback: Unload 00007fff00220000 LB 0x00014000 C:\WINDOWS\SYSTEM32\resourcepolicyclient.dll [flags=0x0]
2450.5ce4: supR3HardenedMonitor_LdrLoadDll: returns rcNt=0x0 hMod=00007fff09e20000 'C:\WINDOWS\System32\gdi32.dll'
2450.5ce4: supR3HardenedDllNotificationCallback: Unload 00007ffef2de0000 LB 0x01d2e000 C:\WINDOWS\System32\DriverStore\FileRepository\iigd_dch.inf_amd64_e16847b202e73a31\media_bin_64.dll [flags=0x0]
2450.5ce4: supR3HardenedDllNotificationCallback: Unload 00007ffe82b70000 LB 0x01536000 C:\WINDOWS\System32\DriverStore\FileRepository\iigd_dch.inf_amd64_e16847b202e73a31\igd9dxva64.dll [flags=0x0]
2450.5ce4: supR3HardenedDllNotificationCallback: Unload 00007ffefd960000 LB 0x0009f000 C:\WINDOWS\System32\DriverStore\FileRepository\iigd_dch.inf_amd64_e16847b202e73a31\IntelControlLib.dll [flags=0x0]
2450.5ce4: supR3HardenedDllNotificationCallback: Unload 00007ffefa390000 LB 0x0004d000 C:\WINDOWS\System32\ControlLib.dll [flags=0x0]
2450.5ce4: supR3HardenedDllNotificationCallback: Unload 00007ffefd4e0000 LB 0x00026000 C:\WINDOWS\System32\DriverStore\FileRepository\iigd_dch.inf_amd64_e16847b202e73a31\igc64.dll [flags=0x0]
2450.5ce4: supR3HardenedDllNotificationCallback: Unload 00007ffefd510000 LB 0x00442000 C:\WINDOWS\System32\DriverStore\FileRepository\iigd_dch.inf_amd64_e16847b202e73a31\igdgmm64.dll [flags=0x0]
2450.5ce4: supR3HardenedDllNotificationCallback: Unload 00007ffe840b0000 LB 0x01597000 C:\WINDOWS\System32\DriverStore\FileRepository\iigd_dch.inf_amd64_e16847b202e73a31\igd9trinity64.dll [flags=0x0]
2450.5ce4: supR3HardenedDllNotificationCallback: Unload 00007ffe99f20000 LB 0x00275000 C:\WINDOWS\System32\DriverStore\FileRepository\iigd_dch.inf_amd64_e16847b202e73a31\igdumdim64.dll [flags=0x0]
2450.5ce4: supR3HardNtViCallWinVerifyTrustCatFile: hFile=0000000000000be8 pwszName=\Device\HarddiskVolume3\Windows\System32\DataExchange.dll
2450.5ce4: supR3HardNtViCallWinVerifyTrustCatFile: Cached context 000001bb7c198320
2450.5ce4: supR3HardNtViCallWinVerifyTrustCatFile: hCatAdmin=000001bb7c198320
2450.5ce4: supR3HardNtViCallWinVerifyTrustCatFile: cbHash=20 wszDigest=7CB65CD114ED7E0BA34D61E8D0CAFF90164AA1E9
2450.5ce4: supR3HardenedMonitor_LdrLoadDll: returns rcNt=0x0 hMod=00007fff06220000 'C:\WINDOWS\system32\rsaenh.dll'
2450.5ce4: supR3HardenedMonitor_LdrLoadDll: returns rcNt=0x0 hMod=00007fff081d0000 'C:\WINDOWS\System32\crypt32.dll'
2450.5ce4: supR3HardNtViCallWinVerifyTrustCatFile: WinVerifyTrust => 0x0; cat='C:\WINDOWS\system32\CatRoot\{F750E6C3-38EE-11D1-85E5-00C04FC295EE}\Microsoft-Windows-Client-Desktop-Required-Package041020~31bf3856ad364e35~amd64~~10.0.26100.7840.cat'; file='\Device\HarddiskVolume3\Windows\System32\DataExchange.dll'
2450.5ce4: supR3HardNtViCallWinVerifyTrustCatFile -> 0 (org 22900)
2450.5ce4: supR3HardenedWinVerifyCacheScheduleImports: Import todo: #28 'msvcp_win.dll'.
2450.5ce4: supHardenedWinVerifyImageByHandle: -> 0 (\Device\HarddiskVolume3\Windows\System32\DataExchange.dll) WinVerifyTrust
2450.5ce4: supR3HardenedWinVerifyCacheInsert: \Device\HarddiskVolume3\Windows\System32\DataExchange.dll
2450.5ce4: supR3HardenedWinVerifyCacheProcessImportTodos: Processing 'msvcp_win.dll'...
2450.5ce4: supR3HardenedWinVerifyCacheProcessImportTodos: 'msvcp_win.dll' -> '\Device\HarddiskVolume3\Windows\System32\msvcp_win.dll' [rcNtRedir=0xc0150008]
2450.5ce4: supR3HardenedScreenImage/Imports: cache hit (VINF_SUCCESS) on \Device\HarddiskVolume3\Windows\System32\msvcp_win.dll
2450.5ce4: supR3HardenedMonitor_LdrLoadDll: pName=C:\WINDOWS\system32\dataexchange.dll (rcNtResolve=0xc0150008) *pfFlags=0x0 pwszSearchPath=0000000000002009:<flags> [calling]
2450.5ce4: supR3HardenedScreenImage/NtCreateSection: cache hit (VINF_SUCCESS) on \Device\HarddiskVolume3\Windows\System32\DataExchange.dll
2450.5ce4: supR3HardenedDllNotificationCallback: load   00007ffee5510000 LB 0x0005a000 C:\WINDOWS\system32\dataexchange.dll [fFlags=0x0]
2450.5ce4: supR3HardenedScreenImage/LdrLoadDll: cache hit (VINF_SUCCESS) on \Device\HarddiskVolume3\Windows\System32\DataExchange.dll
2450.5ce4: supR3HardenedMonitor_LdrLoadDll: returns rcNt=0x0 hMod=00007ffee5510000 'C:\WINDOWS\system32\dataexchange.dll'
2450.5ce4: supR3HardenedWinVerifyCacheScheduleImports: Import todo: #39 'combase.dll'.
2450.5ce4: supR3HardenedWinVerifyCacheScheduleImports: Import todo: #41 'msvcp_win.dll'.
2450.5ce4: supHardenedWinVerifyImageByHandle: -> 0 (\Device\HarddiskVolume3\Windows\System32\twinapi.appcore.dll)
2450.5ce4: supR3HardenedWinVerifyCacheInsert: \Device\HarddiskVolume3\Windows\System32\twinapi.appcore.dll
2450.5ce4: supR3HardenedDllNotificationCallback: load   00007ffefd110000 LB 0x00244000 C:\WINDOWS\system32\twinapi.appcore.dll [fFlags=0x0]
2450.5ce4: supR3HardenedScreenImage/LdrLoadDll: cache hit (VINF_SUCCESS) on \Device\HarddiskVolume3\Windows\System32\twinapi.appcore.dll [avoiding WinVerifyTrust]
2450.5ce4: supR3HardenedWinVerifyCacheScheduleImports: Import todo: #0 'msvcrt.dll'.
2450.5ce4: supR3HardenedWinVerifyCacheScheduleImports: Import todo: #17 'oleaut32.dll'.
2450.5ce4: supR3HardenedWinVerifyCacheScheduleImports: Import todo: #18 'rpcrt4.dll'.
2450.5ce4: supHardenedWinVerifyImageByHandle: -> 0 (\Device\HarddiskVolume3\Windows\System32\TextInputFramework.dll)
2450.5ce4: supR3HardenedWinVerifyCacheInsert: \Device\HarddiskVolume3\Windows\System32\TextInputFramework.dll
2450.5ce4: supR3HardenedDllNotificationCallback: load   00007ffefa690000 LB 0x00149000 C:\WINDOWS\SYSTEM32\textinputframework.dll [fFlags=0x0]
2450.5ce4: supR3HardenedScreenImage/LdrLoadDll: cache hit (VINF_SUCCESS) on \Device\HarddiskVolume3\Windows\System32\TextInputFramework.dll [avoiding WinVerifyTrust]
2450.5ce4: supR3HardenedWinVerifyCacheProcessImportTodos: Processing 'rpcrt4.dll'...
2450.5ce4: supR3HardenedWinVerifyCacheProcessImportTodos: 'rpcrt4.dll' -> '\Device\HarddiskVolume3\Windows\System32\rpcrt4.dll' [rcNtRedir=0xc0150008]
2450.5ce4: supR3HardenedWinVerifyCacheProcessImportTodos: Processing 'oleaut32.dll'...
2450.5ce4: supR3HardenedWinVerifyCacheProcessImportTodos: 'oleaut32.dll' -> '\Device\HarddiskVolume3\Windows\System32\oleaut32.dll' [rcNtRedir=0xc0150008]
2450.5ce4: supR3HardenedWinVerifyCacheProcessImportTodos: Processing 'msvcrt.dll'...
2450.5ce4: supR3HardenedWinVerifyCacheProcessImportTodos: 'msvcrt.dll' -> '\Device\HarddiskVolume3\Windows\System32\msvcrt.dll' [rcNtRedir=0xc0150008]
2450.5ce4: supR3HardenedWinVerifyCacheProcessImportTodos: Processing 'msvcp_win.dll'...
2450.5ce4: supR3HardenedWinVerifyCacheProcessImportTodos: 'msvcp_win.dll' -> '\Device\HarddiskVolume3\Windows\System32\msvcp_win.dll' [rcNtRedir=0xc0150008]
2450.5ce4: supR3HardenedWinVerifyCacheProcessImportTodos: Processing 'combase.dll'...
2450.5ce4: supR3HardenedWinVerifyCacheProcessImportTodos: 'combase.dll' -> '\Device\HarddiskVolume3\Windows\System32\combase.dll' [rcNtRedir=0xc0150008]
2450.5ce4: supR3HardenedScreenImage/Imports: cache hit (VINF_SUCCESS) on \Device\HarddiskVolume3\Windows\System32\combase.dll
2450.5ce4: supR3HardenedMonitor_LdrLoadDll: returns rcNt=0x0 hMod=00007fff06220000 'C:\WINDOWS\system32\rsaenh.dll'
2450.5ce4: supR3HardenedMonitor_LdrLoadDll: returns rcNt=0x0 hMod=00007fff081d0000 'C:\WINDOWS\System32\crypt32.dll'
2450.5ce4: supR3HardenedWinVerifyCacheProcessWvtTodos: 0 (was 0) fWinVerifyTrust=1 for '\Device\HarddiskVolume3\Windows\System32\TextInputFramework.dll'
2450.5ce4: supR3HardenedMonitor_LdrLoadDll: returns rcNt=0x0 hMod=00007fff06220000 'C:\WINDOWS\system32\rsaenh.dll'
2450.5ce4: supR3HardenedMonitor_LdrLoadDll: returns rcNt=0x0 hMod=00007fff081d0000 'C:\WINDOWS\System32\crypt32.dll'
2450.5ce4: supR3HardenedWinVerifyCacheProcessWvtTodos: 0 (was 0) fWinVerifyTrust=1 for '\Device\HarddiskVolume3\Windows\System32\twinapi.appcore.dll'
2450.5ce4: supR3HardenedMonitor_LdrLoadDll: returns rcNt=0x0 hMod=00007fff08b50000 'C:\WINDOWS\System32\ADVAPI32.dll'
2450.5ce4: supR3HardenedMonitor_LdrLoadDll: returns rcNt=0x0 hMod=00007fff0aa20000 'C:\WINDOWS\System32\ole32.dll'
2450.5ce4: supR3HardenedMonitor_LdrLoadDll: returns rcNt=0x0 hMod=00007fff08cb0000 'C:\WINDOWS\System32\OLEAUT32.dll'
2450.5ce4: supR3HardNtViCallWinVerifyTrustCatFile: hFile=0000000000000d24 pwszName=\Device\HarddiskVolume3\Windows\System32\wbem\wbemprox.dll
2450.5ce4: supR3HardNtViCallWinVerifyTrustCatFile: Cached context 000001bb7c198320
2450.5ce4: supR3HardNtViCallWinVerifyTrustCatFile: hCatAdmin=000001bb7c198320
2450.5ce4: supR3HardNtViCallWinVerifyTrustCatFile: cbHash=20 wszDigest=42933EDAB98A095DF8CCB1CA23B4E426D86D185D
2450.5ce4: supR3HardenedMonitor_LdrLoadDll: returns rcNt=0x0 hMod=00007fff06220000 'C:\WINDOWS\system32\rsaenh.dll'
2450.5ce4: supR3HardenedMonitor_LdrLoadDll: returns rcNt=0x0 hMod=00007fff081d0000 'C:\WINDOWS\System32\crypt32.dll'
2450.5ce4: supR3HardNtViCallWinVerifyTrustCatFile: WinVerifyTrust => 0x0; cat='C:\WINDOWS\system32\CatRoot\{F750E6C3-38EE-11D1-85E5-00C04FC295EE}\Microsoft-Windows-Client-Desktop-Required-Package0012~31bf3856ad364e35~amd64~~10.0.26100.7840.cat'; file='\Device\HarddiskVolume3\Windows\System32\wbem\wbemprox.dll'
2450.5ce4: supR3HardNtViCallWinVerifyTrustCatFile -> 0 (org 22900)
2450.5ce4: supR3HardenedWinVerifyCacheScheduleImports: Import todo: #0 'msvcrt.dll'.
2450.5ce4: supR3HardenedWinVerifyCacheScheduleImports: Import todo: #16 'wbemcomn.dll'.
2450.5ce4: supHardenedWinVerifyImageByHandle: -> 0 (\Device\HarddiskVolume3\Windows\System32\wbem\wbemprox.dll) WinVerifyTrust
2450.5ce4: supR3HardenedWinVerifyCacheInsert: \Device\HarddiskVolume3\Windows\System32\wbem\wbemprox.dll
2450.5ce4: supR3HardenedWinVerifyCacheProcessImportTodos: Processing 'wbemcomn.dll'...
2450.5ce4: supR3HardenedWinVerifyCacheProcessImportTodos: 'wbemcomn.dll' -> '\Device\HarddiskVolume3\Windows\System32\wbemcomn.dll' [rcNtRedir=0xc0150008]
2450.5ce4: supR3HardNtViCallWinVerifyTrustCatFile: hFile=0000000000000c80 pwszName=\Device\HarddiskVolume3\Windows\System32\wbemcomn.dll
2450.5ce4: supR3HardNtViCallWinVerifyTrustCatFile: Cached context 000001bb7c198320
2450.5ce4: supR3HardNtViCallWinVerifyTrustCatFile: hCatAdmin=000001bb7c198320
2450.5ce4: supR3HardNtViCallWinVerifyTrustCatFile: cbHash=20 wszDigest=D426E85079FCA542424F0B81142ADF724CE27AFE
2450.5ce4: supR3HardenedMonitor_LdrLoadDll: returns rcNt=0x0 hMod=00007fff06220000 'C:\WINDOWS\system32\rsaenh.dll'
2450.5ce4: supR3HardenedMonitor_LdrLoadDll: returns rcNt=0x0 hMod=00007fff081d0000 'C:\WINDOWS\System32\crypt32.dll'
2450.5ce4: supR3HardNtViCallWinVerifyTrustCatFile: WinVerifyTrust => 0x0; cat='C:\WINDOWS\system32\CatRoot\{F750E6C3-38EE-11D1-85E5-00C04FC295EE}\Microsoft-Windows-Client-Desktop-Required-Package0012~31bf3856ad364e35~amd64~~10.0.26100.7840.cat'; file='\Device\HarddiskVolume3\Windows\System32\wbemcomn.dll'
2450.5ce4: supR3HardNtViCallWinVerifyTrustCatFile -> 0 (org 22900)
2450.5ce4: supR3HardenedWinVerifyCacheScheduleImports: Import todo: #0 'msvcrt.dll'.
2450.5ce4: supHardenedWinVerifyImageByHandle: -> 0 (\Device\HarddiskVolume3\Windows\System32\wbemcomn.dll) WinVerifyTrust
2450.5ce4: supR3HardenedWinVerifyCacheInsert: \Device\HarddiskVolume3\Windows\System32\wbemcomn.dll
2450.5ce4: supR3HardenedWinVerifyCacheProcessImportTodos: Processing 'msvcrt.dll'...
2450.5ce4: supR3HardenedWinVerifyCacheProcessImportTodos: 'msvcrt.dll' -> '\Device\HarddiskVolume3\Windows\System32\msvcrt.dll' [rcNtRedir=0xc0150008]
2450.5ce4: supR3HardenedScreenImage/Imports: cache hit (VINF_SUCCESS) on \Device\HarddiskVolume3\Windows\System32\msvcrt.dll
2450.5ce4: supR3HardenedWinVerifyCacheProcessImportTodos: Processing 'msvcrt.dll'...
2450.5ce4: supR3HardenedWinVerifyCacheProcessImportTodos: 'msvcrt.dll' -> '\Device\HarddiskVolume3\Windows\System32\msvcrt.dll' [rcNtRedir=0xc0150008]
2450.5ce4: supR3HardenedMonitor_LdrLoadDll: pName=C:\WINDOWS\system32\wbem\wbemprox.dll (rcNtResolve=0xc0150008) *pfFlags=0x0 pwszSearchPath=0000000000002009:<flags> [calling]
2450.5ce4: supR3HardenedScreenImage/NtCreateSection: cache hit (VINF_SUCCESS) on \Device\HarddiskVolume3\Windows\System32\wbem\wbemprox.dll
2450.5ce4: supR3HardenedScreenImage/NtCreateSection: cache hit (VINF_SUCCESS) on \Device\HarddiskVolume3\Windows\System32\wbemcomn.dll
2450.5ce4: supR3HardenedDllNotificationCallback: load   00007ffed8fa0000 LB 0x0007a000 C:\WINDOWS\SYSTEM32\wbemcomn.dll [fFlags=0x0]
2450.5ce4: supR3HardenedScreenImage/LdrLoadDll: cache hit (VINF_SUCCESS) on \Device\HarddiskVolume3\Windows\System32\wbemcomn.dll
2450.5ce4: supR3HardenedDllNotificationCallback: load   00007ffed8da0000 LB 0x00012000 C:\WINDOWS\system32\wbem\wbemprox.dll [fFlags=0x0]
2450.5ce4: supR3HardenedScreenImage/LdrLoadDll: cache hit (VINF_SUCCESS) on \Device\HarddiskVolume3\Windows\System32\wbem\wbemprox.dll
2450.5ce4: supR3HardenedIsApiSetDll: ApiSetQueryApiSetPresence(API-MS-Win-Core-LocalRegistry-L1-1-0.dll) -> 0x0, fPresent=1
2450.5ce4: supR3HardenedMonitor_LdrLoadDll: pName=API-MS-Win-Core-LocalRegistry-L1-1-0.dll (rcNtResolve=0x0) *pfFlags=0x0 pwszSearchPath=0000000000000009:<flags> [calling]
2450.5ce4: supR3HardenedMonitor_LdrLoadDll: returns rcNt=0x0 hMod=00007fff07560000 'API-MS-Win-Core-LocalRegistry-L1-1-0.dll'
2450.5ce4: supR3HardenedMonitor_LdrLoadDll: returns rcNt=0x0 hMod=00007ffed8da0000 'C:\WINDOWS\system32\wbem\wbemprox.dll'
2450.5ce4: supR3HardNtViCallWinVerifyTrustCatFile: hFile=0000000000000d40 pwszName=\Device\HarddiskVolume3\Windows\System32\wbem\wbemsvc.dll
2450.5ce4: supR3HardNtViCallWinVerifyTrustCatFile: Cached context 000001bb7c198320
2450.5ce4: supR3HardNtViCallWinVerifyTrustCatFile: hCatAdmin=000001bb7c198320
2450.5ce4: supR3HardNtViCallWinVerifyTrustCatFile: cbHash=20 wszDigest=490A1D302A1165545245C53953558246F0CFC4CB
2450.5ce4: supR3HardenedMonitor_LdrLoadDll: returns rcNt=0x0 hMod=00007fff06220000 'C:\WINDOWS\system32\rsaenh.dll'
2450.5ce4: supR3HardenedMonitor_LdrLoadDll: returns rcNt=0x0 hMod=00007fff081d0000 'C:\WINDOWS\System32\crypt32.dll'
2450.5ce4: supR3HardNtViCallWinVerifyTrustCatFile: WinVerifyTrust => 0x0; cat='C:\WINDOWS\system32\CatRoot\{F750E6C3-38EE-11D1-85E5-00C04FC295EE}\Microsoft-Windows-Client-Desktop-Required-Package0012~31bf3856ad364e35~amd64~~10.0.26100.7840.cat'; file='\Device\HarddiskVolume3\Windows\System32\wbem\wbemsvc.dll'
2450.5ce4: supR3HardNtViCallWinVerifyTrustCatFile -> 0 (org 22900)
2450.5ce4: supR3HardenedWinVerifyCacheScheduleImports: Import todo: #0 'msvcrt.dll'.
2450.5ce4: supR3HardenedWinVerifyCacheScheduleImports: Import todo: #1 'rpcrt4.dll'.
2450.5ce4: supHardenedWinVerifyImageByHandle: -> 0 (\Device\HarddiskVolume3\Windows\System32\wbem\wbemsvc.dll) WinVerifyTrust
2450.5ce4: supR3HardenedWinVerifyCacheInsert: \Device\HarddiskVolume3\Windows\System32\wbem\wbemsvc.dll
2450.5ce4: supR3HardenedWinVerifyCacheProcessImportTodos: Processing 'rpcrt4.dll'...
2450.5ce4: supR3HardenedWinVerifyCacheProcessImportTodos: 'rpcrt4.dll' -> '\Device\HarddiskVolume3\Windows\System32\rpcrt4.dll' [rcNtRedir=0xc0150008]
2450.5ce4: supR3HardenedWinVerifyCacheProcessImportTodos: Processing 'msvcrt.dll'...
2450.5ce4: supR3HardenedWinVerifyCacheProcessImportTodos: 'msvcrt.dll' -> '\Device\HarddiskVolume3\Windows\System32\msvcrt.dll' [rcNtRedir=0xc0150008]
2450.5ce4: supR3HardenedMonitor_LdrLoadDll: pName=C:\WINDOWS\system32\wbem\wbemsvc.dll (rcNtResolve=0xc0150008) *pfFlags=0x0 pwszSearchPath=0000000000002009:<flags> [calling]
2450.5ce4: supR3HardenedScreenImage/NtCreateSection: cache hit (VINF_SUCCESS) on \Device\HarddiskVolume3\Windows\System32\wbem\wbemsvc.dll
2450.5ce4: supR3HardenedDllNotificationCallback: load   00007ffed8210000 LB 0x00015000 C:\WINDOWS\system32\wbem\wbemsvc.dll [fFlags=0x0]
2450.5ce4: supR3HardenedScreenImage/LdrLoadDll: cache hit (VINF_SUCCESS) on \Device\HarddiskVolume3\Windows\System32\wbem\wbemsvc.dll
2450.5ce4: supR3HardenedMonitor_LdrLoadDll: returns rcNt=0x0 hMod=00007ffed8210000 'C:\WINDOWS\system32\wbem\wbemsvc.dll'
2450.5ce4: supR3HardenedIsApiSetDll: ApiSetQueryApiSetPresence(api-ms-win-core-localization-l1-2-0.dll) -> 0x0, fPresent=1
2450.5ce4: supR3HardenedMonitor_LdrLoadDll: pName=api-ms-win-core-localization-l1-2-0.dll (rcNtResolve=0x0) *pfFlags=0x0 pwszSearchPath=0000000000000009:<flags> [calling]
2450.5ce4: supR3HardenedMonitor_LdrLoadDll: returns rcNt=0x0 hMod=00007fff07560000 'api-ms-win-core-localization-l1-2-0.dll'
2450.5ce4: supR3HardenedIsApiSetDll: ApiSetQueryApiSetPresence(api-ms-win-core-localization-obsolete-l1-1-0.dll) -> 0x0, fPresent=1
2450.5ce4: supR3HardenedMonitor_LdrLoadDll: pName=api-ms-win-core-localization-obsolete-l1-1-0.dll (rcNtResolve=0x0) *pfFlags=0x0 pwszSearchPath=0000000000000009:<flags> [calling]
2450.5ce4: supR3HardenedMonitor_LdrLoadDll: returns rcNt=0x0 hMod=00007fff07560000 'api-ms-win-core-localization-obsolete-l1-1-0.dll'
2450.5ce4: supR3HardNtViCallWinVerifyTrustCatFile: hFile=0000000000000cbc pwszName=\Device\HarddiskVolume3\Windows\System32\wbem\fastprox.dll
2450.5ce4: supR3HardNtViCallWinVerifyTrustCatFile: Cached context 000001bb7c198320
2450.5ce4: supR3HardNtViCallWinVerifyTrustCatFile: hCatAdmin=000001bb7c198320
2450.5ce4: supR3HardNtViCallWinVerifyTrustCatFile: cbHash=20 wszDigest=1E7C377968D4D3581D4A673F337762C604A33880
2450.5ce4: supR3HardenedMonitor_LdrLoadDll: returns rcNt=0x0 hMod=00007fff06220000 'C:\WINDOWS\system32\rsaenh.dll'
2450.5ce4: supR3HardenedMonitor_LdrLoadDll: returns rcNt=0x0 hMod=00007fff081d0000 'C:\WINDOWS\System32\crypt32.dll'
2450.5ce4: supR3HardNtViCallWinVerifyTrustCatFile: WinVerifyTrust => 0x0; cat='C:\WINDOWS\system32\CatRoot\{F750E6C3-38EE-11D1-85E5-00C04FC295EE}\Microsoft-Windows-Client-Desktop-Required-Package0012~31bf3856ad364e35~amd64~~10.0.26100.7840.cat'; file='\Device\HarddiskVolume3\Windows\System32\wbem\fastprox.dll'
2450.5ce4: supR3HardNtViCallWinVerifyTrustCatFile -> 0 (org 22900)
2450.5ce4: supR3HardenedWinVerifyCacheScheduleImports: Import todo: #0 'msvcrt.dll'.
2450.5ce4: supR3HardenedWinVerifyCacheScheduleImports: Import todo: #20 'wbemcomn.dll'.
2450.5ce4: supHardenedWinVerifyImageByHandle: -> 0 (\Device\HarddiskVolume3\Windows\System32\wbem\fastprox.dll) WinVerifyTrust
2450.5ce4: supR3HardenedWinVerifyCacheInsert: \Device\HarddiskVolume3\Windows\System32\wbem\fastprox.dll
2450.5ce4: supR3HardenedWinVerifyCacheProcessImportTodos: Processing 'wbemcomn.dll'...
2450.5ce4: supR3HardenedWinVerifyCacheProcessImportTodos: 'wbemcomn.dll' -> '\Device\HarddiskVolume3\Windows\System32\wbemcomn.dll' [rcNtRedir=0xc0150008]
2450.5ce4: supR3HardenedScreenImage/Imports: cache hit (VINF_SUCCESS) on \Device\HarddiskVolume3\Windows\System32\wbemcomn.dll
2450.5ce4: supR3HardenedWinVerifyCacheProcessImportTodos: Processing 'msvcrt.dll'...
2450.5ce4: supR3HardenedWinVerifyCacheProcessImportTodos: 'msvcrt.dll' -> '\Device\HarddiskVolume3\Windows\System32\msvcrt.dll' [rcNtRedir=0xc0150008]
2450.5ce4: supR3HardenedMonitor_LdrLoadDll: pName=C:\WINDOWS\system32\wbem\fastprox.dll (rcNtResolve=0xc0150008) *pfFlags=0x0 pwszSearchPath=0000000000002009:<flags> [calling]
2450.5ce4: supR3HardenedScreenImage/NtCreateSection: cache hit (VINF_SUCCESS) on \Device\HarddiskVolume3\Windows\System32\wbem\fastprox.dll
2450.5ce4: supR3HardenedDllNotificationCallback: load   00007ffed82e0000 LB 0x000f1000 C:\WINDOWS\system32\wbem\fastprox.dll [fFlags=0x0]
2450.5ce4: supR3HardenedScreenImage/LdrLoadDll: cache hit (VINF_SUCCESS) on \Device\HarddiskVolume3\Windows\System32\wbem\fastprox.dll
2450.5ce4: supR3HardenedMonitor_LdrLoadDll: returns rcNt=0x0 hMod=00007ffed82e0000 'C:\WINDOWS\system32\wbem\fastprox.dll'
2450.5ce4: supR3HardNtViCallWinVerifyTrustCatFile: hFile=0000000000000d90 pwszName=\Device\HarddiskVolume3\Windows\System32\amsi.dll
2450.5ce4: supR3HardNtViCallWinVerifyTrustCatFile: Cached context 000001bb7c198320
2450.5ce4: supR3HardNtViCallWinVerifyTrustCatFile: hCatAdmin=000001bb7c198320
2450.5ce4: supR3HardNtViCallWinVerifyTrustCatFile: cbHash=20 wszDigest=184D676080373693A88754BAB4C700D01D774483
2450.5ce4: supR3HardenedMonitor_LdrLoadDll: returns rcNt=0x0 hMod=00007fff06220000 'C:\WINDOWS\system32\rsaenh.dll'
2450.5ce4: supR3HardenedMonitor_LdrLoadDll: returns rcNt=0x0 hMod=00007fff081d0000 'C:\WINDOWS\System32\crypt32.dll'
2450.5ce4: supR3HardNtViCallWinVerifyTrustCatFile: WinVerifyTrust => 0x0; cat='C:\WINDOWS\system32\CatRoot\{F750E6C3-38EE-11D1-85E5-00C04FC295EE}\Microsoft-Windows-Client-Desktop-Required-Package04~31bf3856ad364e35~amd64~~10.0.26100.7840.cat'; file='\Device\HarddiskVolume3\Windows\System32\amsi.dll'
2450.5ce4: supR3HardNtViCallWinVerifyTrustCatFile -> 0 (org 22900)
2450.5ce4: supR3HardenedWinVerifyCacheScheduleImports: Import todo: #0 'msvcrt.dll'.
2450.5ce4: supR3HardenedWinVerifyCacheScheduleImports: Import todo: #15 'rpcrt4.dll'.
2450.5ce4: supHardenedWinVerifyImageByHandle: -> 0 (\Device\HarddiskVolume3\Windows\System32\amsi.dll) WinVerifyTrust
2450.5ce4: supR3HardenedWinVerifyCacheInsert: \Device\HarddiskVolume3\Windows\System32\amsi.dll
2450.5ce4: supR3HardenedWinVerifyCacheProcessImportTodos: Processing 'rpcrt4.dll'...
2450.5ce4: supR3HardenedWinVerifyCacheProcessImportTodos: 'rpcrt4.dll' -> '\Device\HarddiskVolume3\Windows\System32\rpcrt4.dll' [rcNtRedir=0xc0150008]
2450.5ce4: supR3HardenedWinVerifyCacheProcessImportTodos: Processing 'msvcrt.dll'...
2450.5ce4: supR3HardenedWinVerifyCacheProcessImportTodos: 'msvcrt.dll' -> '\Device\HarddiskVolume3\Windows\System32\msvcrt.dll' [rcNtRedir=0xc0150008]
2450.5ce4: supR3HardenedMonitor_LdrLoadDll: pName=C:\WINDOWS\System32\amsi.dll (Input=amsi.dll, rcNtResolve=0xc0150008) *pfFlags=0x0 pwszSearchPath=0000000000000801:<flags> [calling]
2450.5ce4: supR3HardenedScreenImage/NtCreateSection: cache hit (VINF_SUCCESS) on \Device\HarddiskVolume3\Windows\System32\amsi.dll
2450.5ce4: supR3HardenedDllNotificationCallback: load   00007ffed7830000 LB 0x0001d000 C:\WINDOWS\System32\amsi.dll [fFlags=0x0]
2450.5ce4: supR3HardenedScreenImage/LdrLoadDll: cache hit (VINF_SUCCESS) on \Device\HarddiskVolume3\Windows\System32\amsi.dll
2450.5ce4: supR3HardenedMonitor_LdrLoadDll: returns rcNt=0x0 hMod=00007ffed7830000 'C:\WINDOWS\System32\amsi.dll'
2450.5ce4: \Device\HarddiskVolume3\Program Files\McAfee\wps\1.36.182.1\mc-sec-plugin-x64.dll: Owner is administrators group.
2450.5ce4: \Device\HarddiskVolume3\Program Files\McAfee\wps\1.36.182.1\mc-sec-plugin-x64.dll: Signature #2/2: VERR_CR_X509_CPV_NO_TRUSTED_PATHS (-23021) w/ timestamp=0x696a6fa5/link.
2450.5ce4: supR3HardenedMonitor_LdrLoadDll: returns rcNt=0x0 hMod=00007fff06220000 'C:\WINDOWS\system32\rsaenh.dll'
2450.5ce4: supR3HardenedMonitor_LdrLoadDll: returns rcNt=0x0 hMod=00007fff081d0000 'C:\WINDOWS\System32\crypt32.dll'
2450.5ce4: supR3HardenedWinVerifyCacheScheduleImports: Import todo: #0 'wintrust.dll'.
2450.5ce4: supR3HardenedWinVerifyCacheScheduleImports: Import todo: #2 'oleaut32.dll'.
2450.5ce4: supR3HardenedWinVerifyCacheScheduleImports: Import todo: #3 'ole32.dll'.
2450.5ce4: supR3HardenedWinVerifyCacheScheduleImports: Import todo: #4 'user32.dll'.
2450.5ce4: supR3HardenedWinVerifyCacheScheduleImports: Import todo: #5 'advapi32.dll'.
2450.5ce4: supR3HardenedWinVerifyCacheScheduleImports: Import todo: #6 'version.dll'.
2450.5ce4: supR3HardenedWinVerifyCacheScheduleImports: Import todo: #7 'bcrypt.dll'.
2450.5ce4: supR3HardenedWinVerifyCacheScheduleImports: Import todo: #8 'crypt32.dll'.
2450.5ce4: supHardenedWinVerifyImageByHandle: -> 0 (\Device\HarddiskVolume3\Program Files\McAfee\wps\1.36.182.1\mc-sec-plugin-x64.dll) WinVerifyTrust
2450.5ce4: supR3HardenedWinVerifyCacheInsert: \Device\HarddiskVolume3\Program Files\McAfee\wps\1.36.182.1\mc-sec-plugin-x64.dll
2450.5ce4: supR3HardenedWinVerifyCacheProcessImportTodos: Processing 'crypt32.dll'...
2450.5ce4: supR3HardenedWinVerifyCacheProcessImportTodos: 'crypt32.dll' -> '\Device\HarddiskVolume3\Windows\System32\crypt32.dll' [rcNtRedir=0xc0150008]
2450.5ce4: supR3HardenedWinVerifyCacheProcessImportTodos: Processing 'bcrypt.dll'...
2450.5ce4: supR3HardenedWinVerifyCacheProcessImportTodos: 'bcrypt.dll' -> '\Device\HarddiskVolume3\Windows\System32\bcrypt.dll' [rcNtRedir=0xc0150008]
2450.5ce4: supR3HardenedScreenImage/Imports: cache hit (VINF_SUCCESS) on \Device\HarddiskVolume3\Windows\System32\bcrypt.dll
2450.5ce4: supR3HardenedWinVerifyCacheProcessImportTodos: Processing 'version.dll'...
2450.5ce4: supR3HardenedWinVerifyCacheProcessImportTodos: 'version.dll' -> '\Device\HarddiskVolume3\Windows\System32\version.dll' [rcNtRedir=0xc0150008]
2450.5ce4: supR3HardenedScreenImage/Imports: cache hit (VINF_SUCCESS) on \Device\HarddiskVolume3\Windows\System32\version.dll
2450.5ce4: supR3HardenedWinVerifyCacheProcessImportTodos: Processing 'advapi32.dll'...
2450.5ce4: supR3HardenedWinVerifyCacheProcessImportTodos: 'advapi32.dll' -> '\Device\HarddiskVolume3\Windows\System32\advapi32.dll' [rcNtRedir=0xc0150008]
2450.5ce4: supR3HardenedScreenImage/Imports: cache hit (VINF_SUCCESS) on \Device\HarddiskVolume3\Windows\System32\advapi32.dll
2450.5ce4: supR3HardenedWinVerifyCacheProcessImportTodos: Processing 'user32.dll'...
2450.5ce4: supR3HardenedWinVerifyCacheProcessImportTodos: 'user32.dll' -> '\Device\HarddiskVolume3\Windows\System32\user32.dll' [rcNtRedir=0xc0150008]
2450.5ce4: supR3HardenedWinVerifyCacheProcessImportTodos: Processing 'ole32.dll'...
2450.5ce4: supR3HardenedWinVerifyCacheProcessImportTodos: 'ole32.dll' -> '\Device\HarddiskVolume3\Windows\System32\ole32.dll' [rcNtRedir=0xc0150008]
2450.5ce4: supR3HardenedWinVerifyCacheProcessImportTodos: Processing 'oleaut32.dll'...
2450.5ce4: supR3HardenedWinVerifyCacheProcessImportTodos: 'oleaut32.dll' -> '\Device\HarddiskVolume3\Windows\System32\oleaut32.dll' [rcNtRedir=0xc0150008]
2450.5ce4: supR3HardenedWinVerifyCacheProcessImportTodos: Processing 'wintrust.dll'...
2450.5ce4: supR3HardenedWinVerifyCacheProcessImportTodos: 'wintrust.dll' -> '\Device\HarddiskVolume3\Windows\System32\wintrust.dll' [rcNtRedir=0xc0150008]
2450.5ce4: supR3HardenedScreenImage/Imports: cache hit (VINF_SUCCESS) on \Device\HarddiskVolume3\Windows\System32\wintrust.dll
2450.5ce4: supR3HardenedMonitor_LdrLoadDll: pName=C:\Program Files\McAfee\wps\1.36.182.1\mc-sec-plugin-x64.dll (rcNtResolve=0xc0150008) *pfFlags=0x0 pwszSearchPath=0000000000000001:<flags> [calling]
2450.5ce4: supR3HardenedScreenImage/NtCreateSection: cache hit (VINF_SUCCESS) on \Device\HarddiskVolume3\Program Files\McAfee\wps\1.36.182.1\mc-sec-plugin-x64.dll
2450.5ce4: supR3HardenedDllNotificationCallback: load   00007ffecd3d0000 LB 0x00118000 C:\Program Files\McAfee\wps\1.36.182.1\mc-sec-plugin-x64.dll [fFlags=0x0]
2450.5ce4: supR3HardenedScreenImage/LdrLoadDll: cache hit (VINF_SUCCESS) on \Device\HarddiskVolume3\Program Files\McAfee\wps\1.36.182.1\mc-sec-plugin-x64.dll
2450.5ce4: supR3HardenedIsApiSetDll: ApiSetQueryApiSetPresence(api-ms-win-core-synch-l1-2-0) -> 0x0, fPresent=1
2450.5ce4: supR3HardenedMonitor_LdrLoadDll: pName=api-ms-win-core-synch-l1-2-0 (rcNtResolve=0x0) *pfFlags=0x0 pwszSearchPath=0000000000000801:<flags> [calling]
2450.5ce4: supR3HardenedMonitor_LdrLoadDll: returns rcNt=0x0 hMod=00007fff07560000 'api-ms-win-core-synch-l1-2-0'
2450.5ce4: supR3HardenedIsApiSetDll: ApiSetQueryApiSetPresence(api-ms-win-core-fibers-l1-1-1) -> 0x0, fPresent=1
2450.5ce4: supR3HardenedMonitor_LdrLoadDll: pName=api-ms-win-core-fibers-l1-1-1 (rcNtResolve=0x0) *pfFlags=0x0 pwszSearchPath=0000000000000801:<flags> [calling]
2450.5ce4: supR3HardenedMonitor_LdrLoadDll: returns rcNt=0x0 hMod=00007fff07560000 'api-ms-win-core-fibers-l1-1-1'
2450.5ce4: supR3HardenedIsApiSetDll: ApiSetQueryApiSetPresence(api-ms-win-core-fibers-l1-1-2) -> 0x0, fPresent=1
2450.5ce4: supR3HardenedMonitor_LdrLoadDll: pName=api-ms-win-core-fibers-l1-1-2 (rcNtResolve=0x0) *pfFlags=0x0 pwszSearchPath=0000000000000801:<flags> [calling]
2450.5ce4: supR3HardenedMonitor_LdrLoadDll: returns rcNt=0x0 hMod=00007fff07560000 'api-ms-win-core-fibers-l1-1-2'
2450.5ce4: supR3HardenedScreenImage/LdrLoadDll: cache hit (VINF_SUCCESS) on \Device\HarddiskVolume3\Windows\System32\kernel32.dll
2450.5ce4: supR3HardenedMonitor_LdrLoadDll: pName=C:\WINDOWS\System32\kernel32.dll (Input=kernel32, rcNtResolve=0xc0150008) *pfFlags=0x0 pwszSearchPath=0000000000000801:<flags> [calling]
2450.5ce4: supR3HardenedMonitor_LdrLoadDll: returns rcNt=0x0 hMod=00007fff09ca0000 'C:\WINDOWS\System32\kernel32.dll'
2450.5ce4: supR3HardenedMonitor_LdrLoadDll: returns rcNt=0x0 hMod=00007ffecd3d0000 'C:\Program Files\McAfee\wps\1.36.182.1\mc-sec-plugin-x64.dll'
2450.5ce4: supR3HardenedScreenImage/NtCreateSection: cache hit (VINF_SUCCESS) on \Device\HarddiskVolume3\Program Files\McAfee\wps\1.36.182.1\mc-sec-plugin-x64.dll
2450.5ce4: supR3HardenedMonitor_NtCreateSection: NtMapViewOfSection failed on 0000000000000cc0 (hFile=0000000000000d7c) with 0xc0000022 -> STATUS_TRUST_FAILURE
2450.5ce4: supR3HardenedScreenImage/NtCreateSection: cache hit (VINF_SUCCESS) on \Device\HarddiskVolume3\Program Files\McAfee\wps\1.36.182.1\mc-sec-plugin-x64.dll
2450.5ce4: supR3HardenedMonitor_NtCreateSection: NtMapViewOfSection failed on 0000000000000cc0 (hFile=0000000000000d7c) with 0xc0000022 -> STATUS_TRUST_FAILURE
2450.5ce4: supR3HardenedScreenImage/NtCreateSection: cache hit (VINF_SUCCESS) on \Device\HarddiskVolume3\Program Files\McAfee\wps\1.36.182.1\mc-sec-plugin-x64.dll
2450.5ce4: supR3HardenedMonitor_NtCreateSection: NtMapViewOfSection failed on 0000000000000cc0 (hFile=0000000000000d7c) with 0xc0000022 -> STATUS_TRUST_FAILURE
2450.5ce4: supR3HardenedScreenImage/NtCreateSection: cache hit (VINF_SUCCESS) on \Device\HarddiskVolume3\Program Files\McAfee\wps\1.36.182.1\mc-sec-plugin-x64.dll
2450.5ce4: supR3HardenedMonitor_NtCreateSection: NtMapViewOfSection failed on 0000000000000cc0 (hFile=0000000000000d7c) with 0xc0000022 -> STATUS_TRUST_FAILURE
2450.5ce4: \Device\HarddiskVolume3\Program Files\Avast Software\Avast\aswAMSI.dll: Owner is administrators group.
2450.5ce4: supR3HardenedMonitor_LdrLoadDll: returns rcNt=0x0 hMod=00007fff06220000 'C:\WINDOWS\system32\rsaenh.dll'
2450.5ce4: supR3HardenedMonitor_LdrLoadDll: returns rcNt=0x0 hMod=00007fff081d0000 'C:\WINDOWS\System32\crypt32.dll'
2450.5ce4: supR3HardenedWinVerifyCacheScheduleImports: Import todo: #0 'shell32.dll'.
2450.5ce4: supR3HardenedWinVerifyCacheScheduleImports: Import todo: #3 'user32.dll'.
2450.5ce4: supR3HardenedWinVerifyCacheScheduleImports: Import todo: #4 'advapi32.dll'.
2450.5ce4: supR3HardenedWinVerifyCacheScheduleImports: Import todo: #5 'ole32.dll'.
2450.5ce4: supR3HardenedWinVerifyCacheScheduleImports: Import todo: #6 'oleaut32.dll'.
2450.5ce4: supR3HardenedWinVerifyCacheScheduleImports: Import todo: #7 'rpcrt4.dll'.
2450.5ce4: supHardenedWinVerifyImageByHandle: -> 0 (\Device\HarddiskVolume3\Program Files\Avast Software\Avast\aswAMSI.dll) WinVerifyTrust
2450.5ce4: supR3HardenedWinVerifyCacheInsert: \Device\HarddiskVolume3\Program Files\Avast Software\Avast\aswAMSI.dll
2450.5ce4: supR3HardenedWinVerifyCacheProcessImportTodos: Processing 'rpcrt4.dll'...
2450.5ce4: supR3HardenedWinVerifyCacheProcessImportTodos: 'rpcrt4.dll' -> '\Device\HarddiskVolume3\Windows\System32\rpcrt4.dll' [rcNtRedir=0xc0150008]
2450.5ce4: supR3HardenedWinVerifyCacheProcessImportTodos: Processing 'oleaut32.dll'...
2450.5ce4: supR3HardenedWinVerifyCacheProcessImportTodos: 'oleaut32.dll' -> '\Device\HarddiskVolume3\Windows\System32\oleaut32.dll' [rcNtRedir=0xc0150008]
2450.5ce4: supR3HardenedWinVerifyCacheProcessImportTodos: Processing 'ole32.dll'...
2450.5ce4: supR3HardenedWinVerifyCacheProcessImportTodos: 'ole32.dll' -> '\Device\HarddiskVolume3\Windows\System32\ole32.dll' [rcNtRedir=0xc0150008]
2450.5ce4: supR3HardenedWinVerifyCacheProcessImportTodos: Processing 'advapi32.dll'...
2450.5ce4: supR3HardenedWinVerifyCacheProcessImportTodos: 'advapi32.dll' -> '\Device\HarddiskVolume3\Windows\System32\advapi32.dll' [rcNtRedir=0xc0150008]
2450.5ce4: supR3HardenedWinVerifyCacheProcessImportTodos: Processing 'user32.dll'...
2450.5ce4: supR3HardenedWinVerifyCacheProcessImportTodos: 'user32.dll' -> '\Device\HarddiskVolume3\Windows\System32\user32.dll' [rcNtRedir=0xc0150008]
2450.5ce4: supR3HardenedWinVerifyCacheProcessImportTodos: Processing 'shell32.dll'...
2450.5ce4: supR3HardenedWinVerifyCacheProcessImportTodos: 'shell32.dll' -> '\Device\HarddiskVolume3\Windows\System32\shell32.dll' [rcNtRedir=0xc0150008]
2450.5ce4: supR3HardenedMonitor_LdrLoadDll: pName=C:\Program Files\Avast Software\Avast\aswAMSI.dll (rcNtResolve=0xc0150008) *pfFlags=0x0 pwszSearchPath=0000000000000001:<flags> [calling]
2450.5ce4: supR3HardenedScreenImage/NtCreateSection: cache hit (VINF_SUCCESS) on \Device\HarddiskVolume3\Program Files\Avast Software\Avast\aswAMSI.dll
2450.5ce4: supR3HardenedDllNotificationCallback: load   00007ffecd290000 LB 0x00100000 C:\Program Files\Avast Software\Avast\aswAMSI.dll [fFlags=0x0]
2450.5ce4: supR3HardenedScreenImage/LdrLoadDll: cache hit (VINF_SUCCESS) on \Device\HarddiskVolume3\Program Files\Avast Software\Avast\aswAMSI.dll
2450.5ce4: supR3HardenedIsApiSetDll: ApiSetQueryApiSetPresence(api-ms-win-core-synch-l1-2-0) -> 0x0, fPresent=1
2450.5ce4: supR3HardenedMonitor_LdrLoadDll: pName=api-ms-win-core-synch-l1-2-0 (rcNtResolve=0x0) *pfFlags=0x0 pwszSearchPath=0000000000000801:<flags> [calling]
2450.5ce4: supR3HardenedMonitor_LdrLoadDll: returns rcNt=0x0 hMod=00007fff07560000 'api-ms-win-core-synch-l1-2-0'
2450.5ce4: supR3HardenedIsApiSetDll: ApiSetQueryApiSetPresence(api-ms-win-core-fibers-l1-1-1) -> 0x0, fPresent=1
2450.5ce4: supR3HardenedMonitor_LdrLoadDll: pName=api-ms-win-core-fibers-l1-1-1 (rcNtResolve=0x0) *pfFlags=0x0 pwszSearchPath=0000000000000801:<flags> [calling]
2450.5ce4: supR3HardenedMonitor_LdrLoadDll: returns rcNt=0x0 hMod=00007fff07560000 'api-ms-win-core-fibers-l1-1-1'
2450.5ce4: supR3HardenedIsApiSetDll: ApiSetQueryApiSetPresence(api-ms-win-core-fibers-l1-1-2) -> 0x0, fPresent=1
2450.5ce4: supR3HardenedMonitor_LdrLoadDll: pName=api-ms-win-core-fibers-l1-1-2 (rcNtResolve=0x0) *pfFlags=0x0 pwszSearchPath=0000000000000801:<flags> [calling]
2450.5ce4: supR3HardenedMonitor_LdrLoadDll: returns rcNt=0x0 hMod=00007fff07560000 'api-ms-win-core-fibers-l1-1-2'
2450.5ce4: supR3HardenedMonitor_LdrLoadDll: returns rcNt=0x0 hMod=00007fff09ca0000 'C:\WINDOWS\System32\kernel32.dll'
2450.5ce4: supR3HardenedIsApiSetDll: ApiSetQueryApiSetPresence(api-ms-win-core-string-l1-1-0) -> 0x0, fPresent=1
2450.5ce4: supR3HardenedMonitor_LdrLoadDll: pName=api-ms-win-core-string-l1-1-0 (rcNtResolve=0x0) *pfFlags=0x0 pwszSearchPath=0000000000000801:<flags> [calling]
2450.5ce4: supR3HardenedMonitor_LdrLoadDll: returns rcNt=0x0 hMod=00007fff07560000 'api-ms-win-core-string-l1-1-0'
2450.5ce4: supR3HardenedIsApiSetDll: ApiSetQueryApiSetPresence(api-ms-win-core-localization-l1-2-1) -> 0x0, fPresent=1
2450.5ce4: supR3HardenedMonitor_LdrLoadDll: pName=api-ms-win-core-localization-l1-2-1 (rcNtResolve=0x0) *pfFlags=0x0 pwszSearchPath=0000000000000801:<flags> [calling]
2450.5ce4: supR3HardenedMonitor_LdrLoadDll: returns rcNt=0x0 hMod=00007fff07560000 'api-ms-win-core-localization-l1-2-1'
2450.5ce4: supR3HardenedIsApiSetDll: ApiSetQueryApiSetPresence(api-ms-win-core-datetime-l1-1-1) -> 0x0, fPresent=1
2450.5ce4: supR3HardenedMonitor_LdrLoadDll: pName=api-ms-win-core-datetime-l1-1-1 (rcNtResolve=0x0) *pfFlags=0x0 pwszSearchPath=0000000000000801:<flags> [calling]
2450.5ce4: supR3HardenedMonitor_LdrLoadDll: returns rcNt=0x0 hMod=00007fff07560000 'api-ms-win-core-datetime-l1-1-1'
2450.5ce4: supR3HardenedIsApiSetDll: ApiSetQueryApiSetPresence(api-ms-win-core-localization-obsolete-l1-2-0) -> 0x0, fPresent=1
2450.5ce4: supR3HardenedMonitor_LdrLoadDll: pName=api-ms-win-core-localization-obsolete-l1-2-0 (rcNtResolve=0x0) *pfFlags=0x0 pwszSearchPath=0000000000000801:<flags> [calling]
2450.5ce4: supR3HardenedMonitor_LdrLoadDll: returns rcNt=0x0 hMod=00007fff07560000 'api-ms-win-core-localization-obsolete-l1-2-0'
2450.5ce4: supR3HardenedMonitor_LdrLoadDll: returns rcNt=0x0 hMod=00007ffecd290000 'C:\Program Files\Avast Software\Avast\aswAMSI.dll'
2450.5b44: supR3HardenedMonitor_LdrLoadDll: returns rcNt=0x0 hMod=00007fff0aa20000 'C:\WINDOWS\system32\ole32.dll'
2450.5b44: supR3HardenedMonitor_LdrLoadDll: returns rcNt=0x0 hMod=00007fff06220000 'C:\WINDOWS\system32\rsaenh.dll'
2450.5b44: supR3HardenedMonitor_LdrLoadDll: returns rcNt=0x0 hMod=00007fff081d0000 'C:\WINDOWS\System32\crypt32.dll'
2450.4f24: supR3HardenedMonitor_LdrLoadDll: returns rcNt=0x0 hMod=00007fff06220000 'C:\WINDOWS\system32\rsaenh.dll'
2450.4f24: supR3HardenedScreenImage/LdrLoadDll: cache hit (VINF_SUCCESS) on \Device\HarddiskVolume3\Windows\System32\crypt32.dll
2450.4f24: supR3HardenedMonitor_LdrLoadDll: pName=C:\WINDOWS\System32\crypt32.dll (Input=crypt32.dll, rcNtResolve=0xc0150008) *pfFlags=0x0 pwszSearchPath=0000000000000001:<flags> [calling]
2450.4f24: supR3HardenedMonitor_LdrLoadDll: returns rcNt=0x0 hMod=00007fff081d0000 'C:\WINDOWS\System32\crypt32.dll'
2450.4f24: supR3HardenedWinVerifyCacheScheduleImports: Import todo: #0 'vboxrt.dll'.
2450.4f24: supR3HardenedWinVerifyCacheScheduleImports: Import todo: #3 'user32.dll'.
2450.4f24: supR3HardenedWinVerifyCacheScheduleImports: Import todo: #4 'shell32.dll'.
2450.4f24: supR3HardenedWinVerifyCacheScheduleImports: Import todo: #5 'ole32.dll'.
2450.4f24: supR3HardenedWinVerifyCacheScheduleImports: Import todo: #6 'vcruntime140.dll'.
2450.4f24: supR3HardenedWinVerifyCacheScheduleImports: Import todo: #7 'vcruntime140_1.dll'.
2450.4f24: supR3HardenedWinVerifyCacheScheduleImports: Import todo: #8 'msvcp140.dll'.
2450.4f24: supHardenedWinVerifyImageByHandle: -> 0 (\Device\HarddiskVolume3\Program Files\Oracle\VirtualBox\VBoxSharedClipboard.dll) WinVerifyTrust
2450.4f24: supR3HardenedWinVerifyCacheInsert: \Device\HarddiskVolume3\Program Files\Oracle\VirtualBox\VBoxSharedClipboard.dll
2450.4f24: supR3HardenedWinVerifyCacheProcessImportTodos: Processing 'msvcp140.dll'...
2450.4f24: supR3HardenedWinVerifyCacheProcessImportTodos: 'msvcp140.dll' -> '\Device\HarddiskVolume3\Windows\System32\msvcp140.dll' [rcNtRedir=0xc0150008]
2450.4f24: supR3HardenedScreenImage/Imports: cache hit (VINF_SUCCESS) on \Device\HarddiskVolume3\Windows\System32\msvcp140.dll
2450.4f24: supR3HardenedWinVerifyCacheProcessImportTodos: Processing 'vcruntime140_1.dll'...
2450.4f24: supR3HardenedWinVerifyCacheProcessImportTodos: 'vcruntime140_1.dll' -> '\Device\HarddiskVolume3\Windows\System32\vcruntime140_1.dll' [rcNtRedir=0xc0150008]
2450.4f24: supR3HardenedWinVerifyCacheProcessImportTodos: Processing 'vcruntime140.dll'...
2450.4f24: supR3HardenedWinVerifyCacheProcessImportTodos: 'vcruntime140.dll' -> '\Device\HarddiskVolume3\Windows\System32\vcruntime140.dll' [rcNtRedir=0xc0150008]
2450.4f24: supR3HardenedWinVerifyCacheProcessImportTodos: Processing 'ole32.dll'...
2450.4f24: supR3HardenedWinVerifyCacheProcessImportTodos: 'ole32.dll' -> '\Device\HarddiskVolume3\Windows\System32\ole32.dll' [rcNtRedir=0xc0150008]
2450.4f24: supR3HardenedScreenImage/Imports: cache hit (VINF_SUCCESS) on \Device\HarddiskVolume3\Windows\System32\ole32.dll
2450.4f24: supR3HardenedWinVerifyCacheProcessImportTodos: Processing 'shell32.dll'...
2450.4f24: supR3HardenedWinVerifyCacheProcessImportTodos: 'shell32.dll' -> '\Device\HarddiskVolume3\Windows\System32\shell32.dll' [rcNtRedir=0xc0150008]
2450.4f24: supR3HardenedWinVerifyCacheProcessImportTodos: Processing 'user32.dll'...
2450.4f24: supR3HardenedWinVerifyCacheProcessImportTodos: 'user32.dll' -> '\Device\HarddiskVolume3\Windows\System32\user32.dll' [rcNtRedir=0xc0150008]
2450.4f24: supR3HardenedWinVerifyCacheProcessImportTodos: Processing 'vboxrt.dll'...
2450.4f24: supR3HardenedWinVerifyCacheProcessImportTodos: 'vboxrt.dll' -> '\Device\HarddiskVolume3\Program Files\Oracle\VirtualBox\vboxrt.dll' [rcNtRedir=0xc0150008]
2450.4f24: supR3HardenedMonitor_LdrLoadDll: pName=C:\Program Files\Oracle\VirtualBox\VBoxSharedClipboard.DLL (rcNtResolve=0xc0150008) *pfFlags=0x0 pwszSearchPath=0000000000000001:<flags> [calling]
2450.4f24: supR3HardenedScreenImage/NtCreateSection: cache hit (VINF_SUCCESS) on \Device\HarddiskVolume3\Program Files\Oracle\VirtualBox\VBoxSharedClipboard.dll
2450.4f24: supR3HardenedDllNotificationCallback: load   00007ffeee330000 LB 0x00022000 C:\Program Files\Oracle\VirtualBox\VBoxSharedClipboard.DLL [fFlags=0x0]
2450.4f24: supR3HardenedScreenImage/LdrLoadDll: cache hit (VINF_SUCCESS) on \Device\HarddiskVolume3\Program Files\Oracle\VirtualBox\VBoxSharedClipboard.dll
2450.4f24: supR3HardenedMonitor_LdrLoadDll: returns rcNt=0x0 hMod=00007ffeee330000 'C:\Program Files\Oracle\VirtualBox\VBoxSharedClipboard.DLL'
2450.5f50: supR3HardenedMonitor_LdrLoadDll: returns rcNt=0x0 hMod=00007fff06220000 'C:\WINDOWS\system32\rsaenh.dll'
2450.5f50: supR3HardenedMonitor_LdrLoadDll: returns rcNt=0x0 hMod=00007fff081d0000 'C:\WINDOWS\System32\crypt32.dll'
2450.5f50: supR3HardenedWinVerifyCacheScheduleImports: Import todo: #0 'vboxrt.dll'.
2450.5f50: supR3HardenedWinVerifyCacheScheduleImports: Import todo: #2 'vcruntime140.dll'.
2450.5f50: supR3HardenedWinVerifyCacheScheduleImports: Import todo: #3 'vcruntime140_1.dll'.
2450.5f50: supR3HardenedWinVerifyCacheScheduleImports: Import todo: #4 'msvcp140.dll'.
2450.5f50: supHardenedWinVerifyImageByHandle: -> 0 (\Device\HarddiskVolume3\Program Files\Oracle\VirtualBox\VBoxDragAndDropSvc.dll) WinVerifyTrust
2450.5f50: supR3HardenedWinVerifyCacheInsert: \Device\HarddiskVolume3\Program Files\Oracle\VirtualBox\VBoxDragAndDropSvc.dll
2450.5f50: supR3HardenedWinVerifyCacheProcessImportTodos: Processing 'msvcp140.dll'...
2450.5f50: supR3HardenedWinVerifyCacheProcessImportTodos: 'msvcp140.dll' -> '\Device\HarddiskVolume3\Windows\System32\msvcp140.dll' [rcNtRedir=0xc0150008]
2450.5f50: supR3HardenedWinVerifyCacheProcessImportTodos: Processing 'vcruntime140_1.dll'...
2450.5f50: supR3HardenedWinVerifyCacheProcessImportTodos: 'vcruntime140_1.dll' -> '\Device\HarddiskVolume3\Windows\System32\vcruntime140_1.dll' [rcNtRedir=0xc0150008]
2450.5f50: supR3HardenedScreenImage/Imports: cache hit (VINF_SUCCESS) on \Device\HarddiskVolume3\Windows\System32\vcruntime140_1.dll
2450.5f50: supR3HardenedWinVerifyCacheProcessImportTodos: Processing 'vcruntime140.dll'...
2450.5f50: supR3HardenedWinVerifyCacheProcessImportTodos: 'vcruntime140.dll' -> '\Device\HarddiskVolume3\Windows\System32\vcruntime140.dll' [rcNtRedir=0xc0150008]
2450.5f50: supR3HardenedWinVerifyCacheProcessImportTodos: Processing 'vboxrt.dll'...
2450.5f50: supR3HardenedWinVerifyCacheProcessImportTodos: 'vboxrt.dll' -> '\Device\HarddiskVolume3\Program Files\Oracle\VirtualBox\vboxrt.dll' [rcNtRedir=0xc0150008]
2450.5f50: supR3HardenedMonitor_LdrLoadDll: pName=C:\Program Files\Oracle\VirtualBox\VBoxDragAndDropSvc.DLL (rcNtResolve=0xc0150008) *pfFlags=0x0 pwszSearchPath=0000000000000001:<flags> [calling]
2450.5f50: supR3HardenedScreenImage/NtCreateSection: cache hit (VINF_SUCCESS) on \Device\HarddiskVolume3\Program Files\Oracle\VirtualBox\VBoxDragAndDropSvc.dll
2450.5f50: supR3HardenedDllNotificationCallback: load   00007ffeeffc0000 LB 0x0000d000 C:\Program Files\Oracle\VirtualBox\VBoxDragAndDropSvc.DLL [fFlags=0x0]
2450.5f50: supR3HardenedScreenImage/LdrLoadDll: cache hit (VINF_SUCCESS) on \Device\HarddiskVolume3\Program Files\Oracle\VirtualBox\VBoxDragAndDropSvc.dll
2450.5f50: supR3HardenedMonitor_LdrLoadDll: returns rcNt=0x0 hMod=00007ffeeffc0000 'C:\Program Files\Oracle\VirtualBox\VBoxDragAndDropSvc.DLL'
2450.5b44: supR3HardenedMonitor_LdrLoadDll: returns rcNt=0x0 hMod=00007fff08f60000 'C:\WINDOWS\system32\Shell32.dll'
2450.5b44: supR3HardNtViCallWinVerifyTrustCatFile: hFile=0000000000000fc4 pwszName=\Device\HarddiskVolume3\Windows\System32\WinHvPlatform.dll
2450.5b44: supR3HardNtViCallWinVerifyTrustCatFile: Cached context 000001bb7c198320
2450.5b44: supR3HardNtViCallWinVerifyTrustCatFile: hCatAdmin=000001bb7c198320
2450.5b44: supR3HardNtViCallWinVerifyTrustCatFile: cbHash=20 wszDigest=DA05BE3F0407A730926917FA50A1A2B090121292
2450.5b44: supR3HardenedMonitor_LdrLoadDll: returns rcNt=0x0 hMod=00007fff06220000 'C:\WINDOWS\system32\rsaenh.dll'
2450.5b44: supR3HardenedMonitor_LdrLoadDll: returns rcNt=0x0 hMod=00007fff081d0000 'C:\WINDOWS\System32\crypt32.dll'
2450.5b44: supR3HardNtViCallWinVerifyTrustCatFile: WinVerifyTrust => 0x0; cat='C:\WINDOWS\system32\CatRoot\{F750E6C3-38EE-11D1-85E5-00C04FC295EE}\Microsoft-Windows-Client-Features-Package~31bf3856ad364e35~amd64~~10.0.26100.7840.cat'; file='\Device\HarddiskVolume3\Windows\System32\WinHvPlatform.dll'
2450.5b44: supR3HardNtViCallWinVerifyTrustCatFile -> 0 (org 22900)
2450.5b44: supR3HardenedWinVerifyCacheScheduleImports: Import todo: #27 'devobj.dll'.
2450.5b44: supHardenedWinVerifyImageByHandle: -> 0 (\Device\HarddiskVolume3\Windows\System32\WinHvPlatform.dll) WinVerifyTrust
2450.5b44: supR3HardenedWinVerifyCacheInsert: \Device\HarddiskVolume3\Windows\System32\WinHvPlatform.dll
2450.5b44: supR3HardenedWinVerifyCacheProcessImportTodos: Processing 'devobj.dll'...
2450.5b44: supR3HardenedWinVerifyCacheProcessImportTodos: 'devobj.dll' -> '\Device\HarddiskVolume3\Windows\System32\devobj.dll' [rcNtRedir=0xc0150008]
2450.5b44: supR3HardenedScreenImage/Imports: cache hit (VINF_SUCCESS) on \Device\HarddiskVolume3\Windows\System32\devobj.dll
2450.5b44: supR3HardenedMonitor_LdrLoadDll: pName=C:\WINDOWS\system32\WinHvPlatform.dll (rcNtResolve=0xc0150008) *pfFlags=0x0 pwszSearchPath=0000000000000001:<flags> [calling]
2450.5b44: supR3HardenedScreenImage/NtCreateSection: cache hit (VINF_SUCCESS) on \Device\HarddiskVolume3\Windows\System32\WinHvPlatform.dll
2450.5b44: supR3HardenedDllNotificationCallback: load   00007ffecb2e0000 LB 0x00060000 C:\WINDOWS\system32\WinHvPlatform.dll [fFlags=0x0]
2450.5b44: supR3HardenedScreenImage/LdrLoadDll: cache hit (VINF_SUCCESS) on \Device\HarddiskVolume3\Windows\System32\WinHvPlatform.dll
2450.5b44: supR3HardenedMonitor_LdrLoadDll: returns rcNt=0x0 hMod=00007ffecb2e0000 'C:\WINDOWS\system32\WinHvPlatform.dll'
2450.5b44: supR3HardenedMonitor_LdrLoadDll: returns rcNt=0x0 hMod=00007fff06220000 'C:\WINDOWS\system32\rsaenh.dll'
2450.5b44: supR3HardenedMonitor_LdrLoadDll: returns rcNt=0x0 hMod=00007fff081d0000 'C:\WINDOWS\System32\crypt32.dll'
2450.5b44: supHardenedWinVerifyImageByHandle: -> 0 (\Device\HarddiskVolume3\Windows\System32\vid.dll) WinVerifyTrust
2450.5b44: supR3HardenedWinVerifyCacheInsert: \Device\HarddiskVolume3\Windows\System32\vid.dll
2450.5b44: supR3HardenedMonitor_LdrLoadDll: pName=C:\WINDOWS\system32\vid.dll (rcNtResolve=0xc0150008) *pfFlags=0x0 pwszSearchPath=0000000000000001:<flags> [calling]
2450.5b44: supR3HardenedScreenImage/NtCreateSection: cache hit (VINF_SUCCESS) on \Device\HarddiskVolume3\Windows\System32\vid.dll
2450.5b44: supR3HardenedDllNotificationCallback: load   00007ffee9010000 LB 0x0003e000 C:\WINDOWS\system32\vid.dll [fFlags=0x0]
2450.5b44: supR3HardenedScreenImage/LdrLoadDll: cache hit (VINF_SUCCESS) on \Device\HarddiskVolume3\Windows\System32\vid.dll
2450.5b44: supR3HardenedMonitor_LdrLoadDll: returns rcNt=0x0 hMod=00007ffee9010000 'C:\WINDOWS\system32\vid.dll'
2450.5b44: supR3HardenedScreenImage/LdrLoadDll: cache hit (VINF_SUCCESS) on \Device\HarddiskVolume3\Windows\System32\ntdll.dll
2450.5b44: supR3HardenedMonitor_LdrLoadDll: pName=C:\WINDOWS\system32\NTDLL.DLL (rcNtResolve=0xc0150008) *pfFlags=0x0 pwszSearchPath=0000000000000001:<flags> [calling]
2450.5b44: supR3HardenedMonitor_LdrLoadDll: returns rcNt=0x0 hMod=00007fff0ac80000 'C:\WINDOWS\system32\NTDLL.DLL'
2450.5b44: supR3HardenedMonitor_LdrLoadDll: returns rcNt=0x0 hMod=00007fff06220000 'C:\WINDOWS\system32\rsaenh.dll'
2450.5b44: supR3HardenedMonitor_LdrLoadDll: returns rcNt=0x0 hMod=00007fff081d0000 'C:\WINDOWS\System32\crypt32.dll'
2450.5b44: supR3HardenedScreenImage/LdrLoadDll: cache hit (VINF_SUCCESS) on \Device\HarddiskVolume3\Windows\System32\rsaenh.dll
2450.5b44: supR3HardenedMonitor_LdrLoadDll: pName=C:\WINDOWS\system32\rsaenh.dll (rcNtResolve=0xc0150008) *pfFlags=0x0 pwszSearchPath=0000000000000001:<flags> [calling]
2450.5b44: supR3HardenedMonitor_LdrLoadDll: returns rcNt=0x0 hMod=00007fff06220000 'C:\WINDOWS\system32\rsaenh.dll'
2450.5b44: supR3HardenedMonitor_LdrLoadDll: returns rcNt=0x0 hMod=00007fff081d0000 'C:\WINDOWS\System32\crypt32.dll'
2450.5b44: supR3HardenedWinVerifyCacheScheduleImports: Import todo: #0 'vboxrt.dll'.
2450.5b44: supR3HardenedWinVerifyCacheScheduleImports: Import todo: #1 'vboxddu.dll'.
2450.5b44: supR3HardenedWinVerifyCacheScheduleImports: Import todo: #2 'vboxdd2.dll'.
2450.5b44: supR3HardenedWinVerifyCacheScheduleImports: Import todo: #4 'user32.dll'.
2450.5b44: supR3HardenedWinVerifyCacheScheduleImports: Import todo: #5 'setupapi.dll'.
2450.5b44: supR3HardenedWinVerifyCacheScheduleImports: Import todo: #6 'ws2_32.dll'.
2450.5b44: supR3HardenedWinVerifyCacheScheduleImports: Import todo: #7 'ole32.dll'.
2450.5b44: supR3HardenedWinVerifyCacheScheduleImports: Import todo: #8 'oleaut32.dll'.
2450.5b44: supR3HardenedWinVerifyCacheScheduleImports: Import todo: #9 'iphlpapi.dll'.
2450.5b44: supR3HardenedWinVerifyCacheScheduleImports: Import todo: #21 'vcruntime140.dll'.
2450.5b44: supR3HardenedWinVerifyCacheScheduleImports: Import todo: #22 'vcruntime140_1.dll'.
2450.5b44: supHardenedWinVerifyImageByHandle: -> 0 (\Device\HarddiskVolume3\Program Files\Oracle\VirtualBox\VBoxDD.dll) WinVerifyTrust
2450.5b44: supR3HardenedWinVerifyCacheInsert: \Device\HarddiskVolume3\Program Files\Oracle\VirtualBox\VBoxDD.dll
2450.5b44: supR3HardenedWinVerifyCacheProcessImportTodos: Processing 'vcruntime140_1.dll'...
2450.5b44: supR3HardenedWinVerifyCacheProcessImportTodos: 'vcruntime140_1.dll' -> '\Device\HarddiskVolume3\Windows\System32\vcruntime140_1.dll' [rcNtRedir=0xc0150008]
2450.5b44: supR3HardenedWinVerifyCacheProcessImportTodos: Processing 'vcruntime140.dll'...
2450.5b44: supR3HardenedWinVerifyCacheProcessImportTodos: 'vcruntime140.dll' -> '\Device\HarddiskVolume3\Windows\System32\vcruntime140.dll' [rcNtRedir=0xc0150008]
2450.5b44: supR3HardenedWinVerifyCacheProcessImportTodos: Processing 'iphlpapi.dll'...
2450.5b44: supR3HardenedWinVerifyCacheProcessImportTodos: 'iphlpapi.dll' -> '\Device\HarddiskVolume3\Windows\System32\iphlpapi.dll' [rcNtRedir=0xc0150008]
2450.5b44: supR3HardenedMonitor_LdrLoadDll: returns rcNt=0x0 hMod=00007fff06220000 'C:\WINDOWS\system32\rsaenh.dll'
2450.5b44: supR3HardenedMonitor_LdrLoadDll: returns rcNt=0x0 hMod=00007fff081d0000 'C:\WINDOWS\System32\crypt32.dll'
2450.5b44: supHardenedWinVerifyImageByHandle: -> 0 (\Device\HarddiskVolume3\Windows\System32\IPHLPAPI.DLL) WinVerifyTrust
2450.5b44: supR3HardenedWinVerifyCacheInsert: \Device\HarddiskVolume3\Windows\System32\IPHLPAPI.DLL
2450.5b44: supR3HardenedWinVerifyCacheProcessImportTodos: Processing 'oleaut32.dll'...
2450.5b44: supR3HardenedWinVerifyCacheProcessImportTodos: 'oleaut32.dll' -> '\Device\HarddiskVolume3\Windows\System32\oleaut32.dll' [rcNtRedir=0xc0150008]
2450.5b44: supR3HardenedWinVerifyCacheProcessImportTodos: Processing 'ole32.dll'...
2450.5b44: supR3HardenedWinVerifyCacheProcessImportTodos: 'ole32.dll' -> '\Device\HarddiskVolume3\Windows\System32\ole32.dll' [rcNtRedir=0xc0150008]
2450.5b44: supR3HardenedWinVerifyCacheProcessImportTodos: Processing 'ws2_32.dll'...
2450.5b44: supR3HardenedWinVerifyCacheProcessImportTodos: 'ws2_32.dll' -> '\Device\HarddiskVolume3\Windows\System32\ws2_32.dll' [rcNtRedir=0xc0150008]
2450.5b44: supR3HardenedScreenImage/Imports: cache hit (VINF_SUCCESS) on \Device\HarddiskVolume3\Windows\System32\ws2_32.dll
2450.5b44: supR3HardenedWinVerifyCacheProcessImportTodos: Processing 'setupapi.dll'...
2450.5b44: supR3HardenedWinVerifyCacheProcessImportTodos: 'setupapi.dll' -> '\Device\HarddiskVolume3\Windows\System32\setupapi.dll' [rcNtRedir=0xc0150008]
2450.5b44: supR3HardenedScreenImage/Imports: cache hit (VINF_SUCCESS) on \Device\HarddiskVolume3\Windows\System32\setupapi.dll
2450.5b44: supR3HardenedWinVerifyCacheProcessImportTodos: Processing 'user32.dll'...
2450.5b44: supR3HardenedWinVerifyCacheProcessImportTodos: 'user32.dll' -> '\Device\HarddiskVolume3\Windows\System32\user32.dll' [rcNtRedir=0xc0150008]
2450.5b44: supR3HardenedWinVerifyCacheProcessImportTodos: Processing 'vboxdd2.dll'...
2450.5b44: supR3HardenedWinVerifyCacheProcessImportTodos: 'vboxdd2.dll' -> '\Device\HarddiskVolume3\Program Files\Oracle\VirtualBox\vboxdd2.dll' [rcNtRedir=0xc0150008]
2450.5b44: supR3HardenedMonitor_LdrLoadDll: returns rcNt=0x0 hMod=00007fff06220000 'C:\WINDOWS\system32\rsaenh.dll'
2450.5b44: supR3HardenedMonitor_LdrLoadDll: returns rcNt=0x0 hMod=00007fff081d0000 'C:\WINDOWS\System32\crypt32.dll'
2450.5b44: supR3HardenedWinVerifyCacheScheduleImports: Import todo: #0 'vboxrt.dll'.
2450.5b44: supR3HardenedWinVerifyCacheScheduleImports: Import todo: #3 'vcruntime140.dll'.
2450.5b44: supHardenedWinVerifyImageByHandle: -> 0 (\Device\HarddiskVolume3\Program Files\Oracle\VirtualBox\VBoxDD2.dll) WinVerifyTrust
2450.5b44: supR3HardenedWinVerifyCacheInsert: \Device\HarddiskVolume3\Program Files\Oracle\VirtualBox\VBoxDD2.dll
2450.5b44: supR3HardenedWinVerifyCacheProcessImportTodos: Processing 'vboxddu.dll'...
2450.5b44: supR3HardenedWinVerifyCacheProcessImportTodos: 'vboxddu.dll' -> '\Device\HarddiskVolume3\Program Files\Oracle\VirtualBox\vboxddu.dll' [rcNtRedir=0xc0150008]
2450.5b44: supR3HardenedWinVerifyCacheProcessImportTodos: Processing 'vcruntime140.dll'...
2450.5b44: supR3HardenedWinVerifyCacheProcessImportTodos: 'vcruntime140.dll' -> '\Device\HarddiskVolume3\Windows\System32\vcruntime140.dll' [rcNtRedir=0xc0150008]
2450.5b44: supR3HardenedWinVerifyCacheProcessImportTodos: Processing 'vboxrt.dll'...
2450.5b44: supR3HardenedWinVerifyCacheProcessImportTodos: 'vboxrt.dll' -> '\Device\HarddiskVolume3\Program Files\Oracle\VirtualBox\vboxrt.dll' [rcNtRedir=0xc0150008]
2450.5b44: supR3HardenedMonitor_LdrLoadDll: returns rcNt=0x0 hMod=00007fff06220000 'C:\WINDOWS\system32\rsaenh.dll'
2450.5b44: supR3HardenedMonitor_LdrLoadDll: returns rcNt=0x0 hMod=00007fff081d0000 'C:\WINDOWS\System32\crypt32.dll'
2450.5b44: supR3HardenedWinVerifyCacheScheduleImports: Import todo: #0 'vboxrt.dll'.
2450.5b44: supR3HardenedWinVerifyCacheScheduleImports: Import todo: #2 'user32.dll'.
2450.5b44: supR3HardenedWinVerifyCacheScheduleImports: Import todo: #3 'setupapi.dll'.
2450.5b44: supR3HardenedWinVerifyCacheScheduleImports: Import todo: #5 'vcruntime140.dll'.
2450.5b44: supR3HardenedWinVerifyCacheScheduleImports: Import todo: #6 'advapi32.dll'.
2450.5b44: supHardenedWinVerifyImageByHandle: -> 0 (\Device\HarddiskVolume3\Program Files\Oracle\VirtualBox\VBoxDDU.dll) WinVerifyTrust
2450.5b44: supR3HardenedWinVerifyCacheInsert: \Device\HarddiskVolume3\Program Files\Oracle\VirtualBox\VBoxDDU.dll
2450.5b44: supR3HardenedWinVerifyCacheProcessImportTodos: Processing 'vboxrt.dll'...
2450.5b44: supR3HardenedWinVerifyCacheProcessImportTodos: 'vboxrt.dll' -> '\Device\HarddiskVolume3\Program Files\Oracle\VirtualBox\vboxrt.dll' [rcNtRedir=0xc0150008]
2450.5b44: supR3HardenedWinVerifyCacheProcessImportTodos: Processing 'advapi32.dll'...
2450.5b44: supR3HardenedWinVerifyCacheProcessImportTodos: 'advapi32.dll' -> '\Device\HarddiskVolume3\Windows\System32\advapi32.dll' [rcNtRedir=0xc0150008]
2450.5b44: supR3HardenedWinVerifyCacheProcessImportTodos: Processing 'vcruntime140.dll'...
2450.5b44: supR3HardenedWinVerifyCacheProcessImportTodos: 'vcruntime140.dll' -> '\Device\HarddiskVolume3\Windows\System32\vcruntime140.dll' [rcNtRedir=0xc0150008]
2450.5b44: supR3HardenedWinVerifyCacheProcessImportTodos: Processing 'setupapi.dll'...
2450.5b44: supR3HardenedWinVerifyCacheProcessImportTodos: 'setupapi.dll' -> '\Device\HarddiskVolume3\Windows\System32\setupapi.dll' [rcNtRedir=0xc0150008]
2450.5b44: supR3HardenedScreenImage/Imports: cache hit (VINF_SUCCESS) on \Device\HarddiskVolume3\Windows\System32\setupapi.dll
2450.5b44: supR3HardenedWinVerifyCacheProcessImportTodos: Processing 'user32.dll'...
2450.5b44: supR3HardenedWinVerifyCacheProcessImportTodos: 'user32.dll' -> '\Device\HarddiskVolume3\Windows\System32\user32.dll' [rcNtRedir=0xc0150008]
2450.5b44: supR3HardenedWinVerifyCacheProcessImportTodos: Processing 'vboxrt.dll'...
2450.5b44: supR3HardenedWinVerifyCacheProcessImportTodos: 'vboxrt.dll' -> '\Device\HarddiskVolume3\Program Files\Oracle\VirtualBox\vboxrt.dll' [rcNtRedir=0xc0150008]
2450.5b44: supR3HardenedMonitor_LdrLoadDll: pName=C:\Program Files\Oracle\VirtualBox\VBoxDD.DLL (rcNtResolve=0xc0150008) *pfFlags=0x0 pwszSearchPath=0000000000000001:<flags> [calling]
2450.5b44: supR3HardenedScreenImage/NtCreateSection: cache hit (VINF_SUCCESS) on \Device\HarddiskVolume3\Program Files\Oracle\VirtualBox\VBoxDD.dll
2450.5b44: supR3HardenedScreenImage/NtCreateSection: cache hit (VINF_SUCCESS) on \Device\HarddiskVolume3\Program Files\Oracle\VirtualBox\VBoxDDU.dll
2450.5b44: supR3HardenedScreenImage/NtCreateSection: cache hit (VINF_SUCCESS) on \Device\HarddiskVolume3\Program Files\Oracle\VirtualBox\VBoxDD2.dll
2450.5b44: supR3HardenedScreenImage/NtCreateSection: cache hit (VINF_SUCCESS) on \Device\HarddiskVolume3\Windows\System32\IPHLPAPI.DLL
2450.5b44: supR3HardenedDllNotificationCallback: load   00007ffecb5a0000 LB 0x00075000 C:\Program Files\Oracle\VirtualBox\VBoxDDU.dll [fFlags=0x0]
2450.5b44: supR3HardenedScreenImage/LdrLoadDll: cache hit (VINF_SUCCESS) on \Device\HarddiskVolume3\Program Files\Oracle\VirtualBox\VBoxDDU.dll
2450.5b44: supR3HardenedDllNotificationCallback: load   00007ffe1d530000 LB 0x00e5e000 C:\Program Files\Oracle\VirtualBox\VBoxDD2.dll [fFlags=0x0]
2450.5b44: supR3HardenedScreenImage/LdrLoadDll: cache hit (VINF_SUCCESS) on \Device\HarddiskVolume3\Program Files\Oracle\VirtualBox\VBoxDD2.dll
2450.5b44: supR3HardenedDllNotificationCallback: load   00007fff05cc0000 LB 0x00034000 C:\WINDOWS\SYSTEM32\IPHLPAPI.DLL [fFlags=0x0]
2450.5b44: supR3HardenedScreenImage/LdrLoadDll: cache hit (VINF_SUCCESS) on \Device\HarddiskVolume3\Windows\System32\IPHLPAPI.DLL
2450.5b44: supR3HardenedDllNotificationCallback: load   00007ffe1e390000 LB 0x00af1000 C:\Program Files\Oracle\VirtualBox\VBoxDD.DLL [fFlags=0x0]
2450.5b44: supR3HardenedScreenImage/LdrLoadDll: cache hit (VINF_SUCCESS) on \Device\HarddiskVolume3\Program Files\Oracle\VirtualBox\VBoxDD.dll
2450.5b44: supR3HardenedMonitor_LdrLoadDll: returns rcNt=0x0 hMod=00007ffe1e390000 'C:\Program Files\Oracle\VirtualBox\VBoxDD.DLL'
2450.5b44: supR3HardenedMonitor_LdrLoadDll: returns rcNt=0x0 hMod=00007fff06220000 'C:\WINDOWS\system32\rsaenh.dll'
2450.5b44: supR3HardenedMonitor_LdrLoadDll: returns rcNt=0x0 hMod=00007fff081d0000 'C:\WINDOWS\System32\crypt32.dll'
2450.5b44: supR3HardenedScreenImage/LdrLoadDll: cache hit (VINF_SUCCESS) on \Device\HarddiskVolume3\Program Files\Oracle\VirtualBox\VBoxC.dll
2450.5b44: supR3HardenedMonitor_LdrLoadDll: pName=C:\Program Files\Oracle\VirtualBox\VBoxC.DLL (rcNtResolve=0xc0150008) *pfFlags=0x0 pwszSearchPath=0000000000000001:<flags> [calling]
2450.5b44: supR3HardenedMonitor_LdrLoadDll: returns rcNt=0x0 hMod=00007ffe30f90000 'C:\Program Files\Oracle\VirtualBox\VBoxC.DLL'
2450.5b44: supR3HardenedMonitor_LdrLoadDll: returns rcNt=0x0 hMod=00007fff06220000 'C:\WINDOWS\system32\rsaenh.dll'
2450.5b44: supR3HardenedMonitor_LdrLoadDll: returns rcNt=0x0 hMod=00007fff081d0000 'C:\WINDOWS\System32\crypt32.dll'
2450.5b44: supR3HardenedScreenImage/LdrLoadDll: cache hit (VINF_SUCCESS) on \Device\HarddiskVolume3\Program Files\Oracle\VirtualBox\VBoxDD2.dll
2450.5b44: supR3HardenedMonitor_LdrLoadDll: pName=C:\Program Files\Oracle\VirtualBox\VBoxDD2.DLL (rcNtResolve=0xc0150008) *pfFlags=0x0 pwszSearchPath=0000000000000001:<flags> [calling]
2450.5b44: supR3HardenedMonitor_LdrLoadDll: returns rcNt=0x0 hMod=00007ffe1d530000 'C:\Program Files\Oracle\VirtualBox\VBoxDD2.DLL'
2450.c10: supR3HardenedMonitor_LdrLoadDll: returns rcNt=0x0 hMod=00007fff06220000 'C:\WINDOWS\system32\rsaenh.dll'
2450.c10: supR3HardenedMonitor_LdrLoadDll: returns rcNt=0x0 hMod=00007fff081d0000 'C:\WINDOWS\System32\crypt32.dll'
2450.c10: supR3HardenedWinVerifyCacheScheduleImports: Import todo: #0 'vboxrt.dll'.
2450.c10: supR3HardenedWinVerifyCacheScheduleImports: Import todo: #1 'vcruntime140.dll'.
2450.c10: supHardenedWinVerifyImageByHandle: -> 0 (\Device\HarddiskVolume3\Program Files\Oracle\VirtualBox\VBoxSharedFolders.dll) WinVerifyTrust
2450.c10: supR3HardenedWinVerifyCacheInsert: \Device\HarddiskVolume3\Program Files\Oracle\VirtualBox\VBoxSharedFolders.dll
2450.c10: supR3HardenedWinVerifyCacheProcessImportTodos: Processing 'vcruntime140.dll'...
2450.c10: supR3HardenedWinVerifyCacheProcessImportTodos: 'vcruntime140.dll' -> '\Device\HarddiskVolume3\Windows\System32\vcruntime140.dll' [rcNtRedir=0xc0150008]
2450.c10: supR3HardenedWinVerifyCacheProcessImportTodos: Processing 'vboxrt.dll'...
2450.c10: supR3HardenedWinVerifyCacheProcessImportTodos: 'vboxrt.dll' -> '\Device\HarddiskVolume3\Program Files\Oracle\VirtualBox\vboxrt.dll' [rcNtRedir=0xc0150008]
2450.c10: supR3HardenedMonitor_LdrLoadDll: pName=C:\Program Files\Oracle\VirtualBox\VBoxSharedFolders.DLL (rcNtResolve=0xc0150008) *pfFlags=0x0 pwszSearchPath=0000000000000001:<flags> [calling]
2450.c10: supR3HardenedScreenImage/NtCreateSection: cache hit (VINF_SUCCESS) on \Device\HarddiskVolume3\Program Files\Oracle\VirtualBox\VBoxSharedFolders.dll
2450.c10: supR3HardenedDllNotificationCallback: load   00007ffee8260000 LB 0x00016000 C:\Program Files\Oracle\VirtualBox\VBoxSharedFolders.DLL [fFlags=0x0]
2450.c10: supR3HardenedScreenImage/LdrLoadDll: cache hit (VINF_SUCCESS) on \Device\HarddiskVolume3\Program Files\Oracle\VirtualBox\VBoxSharedFolders.dll
2450.c10: supR3HardenedMonitor_LdrLoadDll: returns rcNt=0x0 hMod=00007ffee8260000 'C:\Program Files\Oracle\VirtualBox\VBoxSharedFolders.DLL'
2450.41bc: supR3HardenedMonitor_LdrLoadDll: returns rcNt=0x0 hMod=00007fff06220000 'C:\WINDOWS\system32\rsaenh.dll'
2450.41bc: supR3HardenedMonitor_LdrLoadDll: returns rcNt=0x0 hMod=00007fff081d0000 'C:\WINDOWS\System32\crypt32.dll'
2450.41bc: supR3HardenedWinVerifyCacheScheduleImports: Import todo: #0 'vboxrt.dll'.
2450.41bc: supR3HardenedWinVerifyCacheScheduleImports: Import todo: #2 'vcruntime140.dll'.
2450.41bc: supR3HardenedWinVerifyCacheScheduleImports: Import todo: #3 'vcruntime140_1.dll'.
2450.41bc: supR3HardenedWinVerifyCacheScheduleImports: Import todo: #4 'msvcp140.dll'.
2450.41bc: supHardenedWinVerifyImageByHandle: -> 0 (\Device\HarddiskVolume3\Program Files\Oracle\VirtualBox\VBoxGuestControlSvc.dll) WinVerifyTrust
2450.41bc: supR3HardenedWinVerifyCacheInsert: \Device\HarddiskVolume3\Program Files\Oracle\VirtualBox\VBoxGuestControlSvc.dll
2450.41bc: supR3HardenedWinVerifyCacheProcessImportTodos: Processing 'msvcp140.dll'...
2450.41bc: supR3HardenedWinVerifyCacheProcessImportTodos: 'msvcp140.dll' -> '\Device\HarddiskVolume3\Windows\System32\msvcp140.dll' [rcNtRedir=0xc0150008]
2450.41bc: supR3HardenedWinVerifyCacheProcessImportTodos: Processing 'vcruntime140_1.dll'...
2450.41bc: supR3HardenedWinVerifyCacheProcessImportTodos: 'vcruntime140_1.dll' -> '\Device\HarddiskVolume3\Windows\System32\vcruntime140_1.dll' [rcNtRedir=0xc0150008]
2450.41bc: supR3HardenedWinVerifyCacheProcessImportTodos: Processing 'vcruntime140.dll'...
2450.41bc: supR3HardenedWinVerifyCacheProcessImportTodos: 'vcruntime140.dll' -> '\Device\HarddiskVolume3\Windows\System32\vcruntime140.dll' [rcNtRedir=0xc0150008]
2450.41bc: supR3HardenedWinVerifyCacheProcessImportTodos: Processing 'vboxrt.dll'...
2450.41bc: supR3HardenedWinVerifyCacheProcessImportTodos: 'vboxrt.dll' -> '\Device\HarddiskVolume3\Program Files\Oracle\VirtualBox\vboxrt.dll' [rcNtRedir=0xc0150008]
2450.41bc: supR3HardenedMonitor_LdrLoadDll: pName=C:\Program Files\Oracle\VirtualBox\VBoxGuestControlSvc.DLL (rcNtResolve=0xc0150008) *pfFlags=0x0 pwszSearchPath=0000000000000001:<flags> [calling]
2450.41bc: supR3HardenedScreenImage/NtCreateSection: cache hit (VINF_SUCCESS) on \Device\HarddiskVolume3\Program Files\Oracle\VirtualBox\VBoxGuestControlSvc.dll
2450.41bc: supR3HardenedDllNotificationCallback: load   00007ffeefc70000 LB 0x0000c000 C:\Program Files\Oracle\VirtualBox\VBoxGuestControlSvc.DLL [fFlags=0x0]
2450.41bc: supR3HardenedScreenImage/LdrLoadDll: cache hit (VINF_SUCCESS) on \Device\HarddiskVolume3\Program Files\Oracle\VirtualBox\VBoxGuestControlSvc.dll
2450.41bc: supR3HardenedMonitor_LdrLoadDll: returns rcNt=0x0 hMod=00007ffeefc70000 'C:\Program Files\Oracle\VirtualBox\VBoxGuestControlSvc.DLL'
2450.42e0: supR3HardenedMonitor_LdrLoadDll: returns rcNt=0x0 hMod=00007fff06220000 'C:\WINDOWS\system32\rsaenh.dll'
2450.42e0: supR3HardenedMonitor_LdrLoadDll: returns rcNt=0x0 hMod=00007fff081d0000 'C:\WINDOWS\System32\crypt32.dll'
2450.42e0: supR3HardenedWinVerifyCacheScheduleImports: Import todo: #0 'vboxrt.dll'.
2450.42e0: supR3HardenedWinVerifyCacheScheduleImports: Import todo: #2 'vcruntime140.dll'.
2450.42e0: supR3HardenedWinVerifyCacheScheduleImports: Import todo: #3 'vcruntime140_1.dll'.
2450.42e0: supR3HardenedWinVerifyCacheScheduleImports: Import todo: #4 'msvcp140.dll'.
2450.42e0: supHardenedWinVerifyImageByHandle: -> 0 (\Device\HarddiskVolume3\Program Files\Oracle\VirtualBox\VBoxGuestPropSvc.dll) WinVerifyTrust
2450.42e0: supR3HardenedWinVerifyCacheInsert: \Device\HarddiskVolume3\Program Files\Oracle\VirtualBox\VBoxGuestPropSvc.dll
2450.42e0: supR3HardenedWinVerifyCacheProcessImportTodos: Processing 'msvcp140.dll'...
2450.42e0: supR3HardenedWinVerifyCacheProcessImportTodos: 'msvcp140.dll' -> '\Device\HarddiskVolume3\Windows\System32\msvcp140.dll' [rcNtRedir=0xc0150008]
2450.42e0: supR3HardenedWinVerifyCacheProcessImportTodos: Processing 'vcruntime140_1.dll'...
2450.42e0: supR3HardenedWinVerifyCacheProcessImportTodos: 'vcruntime140_1.dll' -> '\Device\HarddiskVolume3\Windows\System32\vcruntime140_1.dll' [rcNtRedir=0xc0150008]
2450.42e0: supR3HardenedWinVerifyCacheProcessImportTodos: Processing 'vcruntime140.dll'...
2450.42e0: supR3HardenedWinVerifyCacheProcessImportTodos: 'vcruntime140.dll' -> '\Device\HarddiskVolume3\Windows\System32\vcruntime140.dll' [rcNtRedir=0xc0150008]
2450.42e0: supR3HardenedWinVerifyCacheProcessImportTodos: Processing 'vboxrt.dll'...
2450.42e0: supR3HardenedWinVerifyCacheProcessImportTodos: 'vboxrt.dll' -> '\Device\HarddiskVolume3\Program Files\Oracle\VirtualBox\vboxrt.dll' [rcNtRedir=0xc0150008]
2450.42e0: supR3HardenedMonitor_LdrLoadDll: pName=C:\Program Files\Oracle\VirtualBox\VBoxGuestPropSvc.DLL (rcNtResolve=0xc0150008) *pfFlags=0x0 pwszSearchPath=0000000000000001:<flags> [calling]
2450.42e0: supR3HardenedScreenImage/NtCreateSection: cache hit (VINF_SUCCESS) on \Device\HarddiskVolume3\Program Files\Oracle\VirtualBox\VBoxGuestPropSvc.dll
2450.42e0: supR3HardenedDllNotificationCallback: load   00007ffeeefe0000 LB 0x0000d000 C:\Program Files\Oracle\VirtualBox\VBoxGuestPropSvc.DLL [fFlags=0x0]
2450.42e0: supR3HardenedScreenImage/LdrLoadDll: cache hit (VINF_SUCCESS) on \Device\HarddiskVolume3\Program Files\Oracle\VirtualBox\VBoxGuestPropSvc.dll
2450.42e0: supR3HardenedMonitor_LdrLoadDll: returns rcNt=0x0 hMod=00007ffeeefe0000 'C:\Program Files\Oracle\VirtualBox\VBoxGuestPropSvc.DLL'
2450.5b44: supR3HardenedMonitor_LdrLoadDll: returns rcNt=0x0 hMod=00007fff06220000 'C:\WINDOWS\system32\rsaenh.dll'
2450.5b44: supR3HardenedMonitor_LdrLoadDll: returns rcNt=0x0 hMod=00007fff081d0000 'C:\WINDOWS\System32\crypt32.dll'
2450.5b44: supR3HardenedWinVerifyCacheScheduleImports: Import todo: #15 'ws2_32.dll'.
2450.5b44: supR3HardenedWinVerifyCacheScheduleImports: Import todo: #23 'rpcrt4.dll'.
2450.5b44: supHardenedWinVerifyImageByHandle: -> 0 (\Device\HarddiskVolume3\Windows\System32\mswsock.dll) WinVerifyTrust
2450.5b44: supR3HardenedWinVerifyCacheInsert: \Device\HarddiskVolume3\Windows\System32\mswsock.dll
2450.5b44: supR3HardenedWinVerifyCacheProcessImportTodos: Processing 'rpcrt4.dll'...
2450.5b44: supR3HardenedWinVerifyCacheProcessImportTodos: 'rpcrt4.dll' -> '\Device\HarddiskVolume3\Windows\System32\rpcrt4.dll' [rcNtRedir=0xc0150008]
2450.5b44: supR3HardenedWinVerifyCacheProcessImportTodos: Processing 'ws2_32.dll'...
2450.5b44: supR3HardenedWinVerifyCacheProcessImportTodos: 'ws2_32.dll' -> '\Device\HarddiskVolume3\Windows\System32\ws2_32.dll' [rcNtRedir=0xc0150008]
2450.5b44: supR3HardenedScreenImage/Imports: cache hit (VINF_SUCCESS) on \Device\HarddiskVolume3\Windows\System32\ws2_32.dll
2450.5b44: supR3HardenedMonitor_LdrLoadDll: pName=C:\WINDOWS\system32\mswsock.dll (rcNtResolve=0xc0150008) *pfFlags=0x0 pwszSearchPath=0000000000000001:<flags> [calling]
2450.5b44: supR3HardenedScreenImage/NtCreateSection: cache hit (VINF_SUCCESS) on \Device\HarddiskVolume3\Windows\System32\mswsock.dll
2450.5b44: supR3HardenedDllNotificationCallback: load   00007fff06810000 LB 0x0006b000 C:\WINDOWS\system32\mswsock.dll [fFlags=0x0]
2450.5b44: supR3HardenedScreenImage/LdrLoadDll: cache hit (VINF_SUCCESS) on \Device\HarddiskVolume3\Windows\System32\mswsock.dll
2450.5b44: supR3HardenedMonitor_LdrLoadDll: returns rcNt=0x0 hMod=00007fff06810000 'C:\WINDOWS\system32\mswsock.dll'
2450.5b44: supR3HardenedMonitor_LdrLoadDll: returns rcNt=0x0 hMod=00007fff06220000 'C:\WINDOWS\system32\rsaenh.dll'
2450.5b44: supR3HardenedMonitor_LdrLoadDll: returns rcNt=0x0 hMod=00007fff081d0000 'C:\WINDOWS\System32\crypt32.dll'
2450.5b44: supR3HardenedWinVerifyCacheScheduleImports: Import todo: #0 'msvcp_win.dll'.
2450.5b44: supHardenedWinVerifyImageByHandle: -> 0 (\Device\HarddiskVolume3\Windows\System32\MMDevAPI.dll) WinVerifyTrust
2450.5b44: supR3HardenedWinVerifyCacheInsert: \Device\HarddiskVolume3\Windows\System32\MMDevAPI.dll
2450.5b44: supR3HardenedWinVerifyCacheProcessImportTodos: Processing 'msvcp_win.dll'...
2450.5b44: supR3HardenedWinVerifyCacheProcessImportTodos: 'msvcp_win.dll' -> '\Device\HarddiskVolume3\Windows\System32\msvcp_win.dll' [rcNtRedir=0xc0150008]
2450.5b44: supR3HardenedMonitor_LdrLoadDll: pName=C:\WINDOWS\System32\MMDevApi.dll (rcNtResolve=0xc0150008) *pfFlags=0x0 pwszSearchPath=0000000000002009:<flags> [calling]
2450.5b44: supR3HardenedScreenImage/NtCreateSection: cache hit (VINF_SUCCESS) on \Device\HarddiskVolume3\Windows\System32\MMDevAPI.dll
2450.5b44: supR3HardenedDllNotificationCallback: load   00007ffef0db0000 LB 0x00098000 C:\WINDOWS\System32\MMDevApi.dll [fFlags=0x0]
2450.5b44: supR3HardenedScreenImage/LdrLoadDll: cache hit (VINF_SUCCESS) on \Device\HarddiskVolume3\Windows\System32\MMDevAPI.dll
2450.5b44: supR3HardenedMonitor_LdrLoadDll: returns rcNt=0x0 hMod=00007ffef0db0000 'C:\WINDOWS\System32\MMDevApi.dll'
2450.5b44: supR3HardenedScreenImage/LdrLoadDll: cache hit (VINF_SUCCESS) on \Device\HarddiskVolume3\Windows\System32\MMDevAPI.dll
2450.5b44: supR3HardenedMonitor_LdrLoadDll: pName=C:\WINDOWS\System32\MMDEVAPI.DLL (Input=MMDEVAPI.DLL, rcNtResolve=0xc0150008) *pfFlags=0x0 pwszSearchPath=0000000000000001:<flags> [calling]
2450.5b44: supR3HardenedMonitor_LdrLoadDll: returns rcNt=0x0 hMod=00007ffef0db0000 'C:\WINDOWS\System32\MMDEVAPI.DLL'
2450.5ce4: supR3HardenedMonitor_NtCreateSection: NtMapViewOfSection failed on 0000000000001344 (hFile=0000000000001348) with 0xc0000022 -> STATUS_TRUST_FAILURE
2450.5ce4: supR3HardenedMonitor_NtCreateSection: NtMapViewOfSection failed on 0000000000001348 (hFile=0000000000001344) with 0xc0000022 -> STATUS_TRUST_FAILURE
2450.5ce4: supR3HardenedScreenImage/NtCreateSection: cache hit (VINF_SUCCESS) on \Device\HarddiskVolume3\Windows\System32\imageres.dll
2450.5ce4: supR3HardenedMonitor_NtCreateSection: NtMapViewOfSection failed on 0000000000000e54 (hFile=0000000000001394) with 0xc0000022 -> STATUS_TRUST_FAILURE
2450.5ce4: supR3HardenedMonitor_NtCreateSection: NtMapViewOfSection failed on 0000000000001394 (hFile=0000000000000e54) with 0xc0000022 -> STATUS_TRUST_FAILURE
2450.5ce4: supR3HardenedMonitor_NtCreateSection: NtMapViewOfSection failed on 0000000000001344 (hFile=0000000000001348) with 0xc0000022 -> STATUS_TRUST_FAILURE
2450.5ce4: supR3HardenedMonitor_NtCreateSection: NtMapViewOfSection failed on 0000000000001348 (hFile=0000000000001344) with 0xc0000022 -> STATUS_TRUST_FAILURE
2450.5ce4: supR3HardenedMonitor_NtCreateSection: NtMapViewOfSection failed on 0000000000001344 (hFile=0000000000001348) with 0xc0000022 -> STATUS_TRUST_FAILURE
2450.5ce4: supR3HardenedScreenImage/LdrLoadDll: cache hit (VINF_SUCCESS) on \Device\HarddiskVolume3\Windows\System32\msctf.dll
2450.5ce4: supR3HardenedMonitor_LdrLoadDll: pName=C:\WINDOWS\System32\MSCTF.dll (rcNtResolve=0xc0150008) *pfFlags=0x0 pwszSearchPath=0000000000000009:<flags> [calling]
2450.5ce4: supR3HardenedMonitor_LdrLoadDll: returns rcNt=0x0 hMod=00007fff0a670000 'C:\WINDOWS\System32\MSCTF.dll'
2450.5ce4: supR3HardenedWinVerifyCacheScheduleImports: Import todo: #18 'msvcp_win.dll'.
2450.5ce4: supHardenedWinVerifyImageByHandle: -> 0 (\Device\HarddiskVolume3\Windows\System32\CoreMessaging.dll)
2450.5ce4: supR3HardenedWinVerifyCacheInsert: \Device\HarddiskVolume3\Windows\System32\CoreMessaging.dll
2450.5ce4: supR3HardenedDllNotificationCallback: load   00007fff01d90000 LB 0x00127000 C:\WINDOWS\SYSTEM32\CoreMessaging.dll [fFlags=0x0]
2450.5ce4: supR3HardenedScreenImage/LdrLoadDll: cache hit (VINF_SUCCESS) on \Device\HarddiskVolume3\Windows\System32\CoreMessaging.dll [avoiding WinVerifyTrust]
2450.5ce4: supR3HardenedWinVerifyCacheProcessImportTodos: Processing 'msvcp_win.dll'...
2450.5ce4: supR3HardenedWinVerifyCacheProcessImportTodos: 'msvcp_win.dll' -> '\Device\HarddiskVolume3\Windows\System32\msvcp_win.dll' [rcNtRedir=0xc0150008]
2450.5ce4: supR3HardenedMonitor_LdrLoadDll: returns rcNt=0x0 hMod=00007fff06220000 'C:\WINDOWS\system32\rsaenh.dll'
2450.5ce4: supR3HardenedMonitor_LdrLoadDll: returns rcNt=0x0 hMod=00007fff081d0000 'C:\WINDOWS\System32\crypt32.dll'
2450.5ce4: supR3HardenedWinVerifyCacheProcessWvtTodos: 0 (was 0) fWinVerifyTrust=1 for '\Device\HarddiskVolume3\Windows\System32\CoreMessaging.dll'
2450.5ce4: supR3HardenedIsApiSetDll: ApiSetQueryApiSetPresence(api-ms-win-security-sddl-l1-1-0.dll) -> 0x0, fPresent=1
2450.5ce4: supR3HardenedMonitor_LdrLoadDll: pName=api-ms-win-security-sddl-l1-1-0.dll (rcNtResolve=0x0) *pfFlags=0x0 pwszSearchPath=0000000000000001:<flags> [calling]
2450.5ce4: supR3HardenedMonitor_LdrLoadDll: returns rcNt=0x0 hMod=00007fff08a20000 'api-ms-win-security-sddl-l1-1-0.dll'
2450.5ce4: supR3HardenedIsApiSetDll: ApiSetQueryApiSetPresence(ext-ms-win-rtcore-ntuser-window-ext-l1-1-0.dll) -> 0x0, fPresent=1
2450.5ce4: supR3HardenedMonitor_LdrLoadDll: pName=ext-ms-win-rtcore-ntuser-window-ext-l1-1-0.dll (rcNtResolve=0x0) *pfFlags=0x0 pwszSearchPath=0000000000000001:<flags> [calling]
2450.5ce4: supR3HardenedMonitor_LdrLoadDll: returns rcNt=0x0 hMod=00007fff08d90000 'ext-ms-win-rtcore-ntuser-window-ext-l1-1-0.dll'
2450.5ce4: supR3HardenedIsApiSetDll: ApiSetQueryApiSetPresence(ext-ms-win-rtcore-ntuser-integration-l1-1-0.dll) -> 0x0, fPresent=1
2450.5ce4: supR3HardenedMonitor_LdrLoadDll: pName=ext-ms-win-rtcore-ntuser-integration-l1-1-0.dll (rcNtResolve=0x0) *pfFlags=0x0 pwszSearchPath=0000000000000001:<flags> [calling]
2450.5ce4: supR3HardenedMonitor_LdrLoadDll: returns rcNt=0x0 hMod=00007fff08d90000 'ext-ms-win-rtcore-ntuser-integration-l1-1-0.dll'
2450.5ce4: supR3HardenedWinVerifyCacheScheduleImports: Import todo: #0 'msvcrt.dll'.
2450.5ce4: supR3HardenedWinVerifyCacheScheduleImports: Import todo: #33 'coremessaging.dll'.
2450.5ce4: supHardenedWinVerifyImageByHandle: -> 0 (\Device\HarddiskVolume3\Windows\System32\CoreUIComponents.dll)
2450.5ce4: supR3HardenedWinVerifyCacheInsert: \Device\HarddiskVolume3\Windows\System32\CoreUIComponents.dll
2450.5ce4: supR3HardenedDllNotificationCallback: load   00007ffeff3a0000 LB 0x002e2000 C:\WINDOWS\SYSTEM32\CoreUIComponents.dll [fFlags=0x0]
2450.5ce4: supR3HardenedScreenImage/LdrLoadDll: cache hit (VINF_SUCCESS) on \Device\HarddiskVolume3\Windows\System32\CoreUIComponents.dll [avoiding WinVerifyTrust]
2450.5ce4: supR3HardenedWinVerifyCacheProcessImportTodos: Processing 'coremessaging.dll'...
2450.5ce4: supR3HardenedWinVerifyCacheProcessImportTodos: 'coremessaging.dll' -> '\Device\HarddiskVolume3\Windows\System32\coremessaging.dll' [rcNtRedir=0xc0150008]
2450.5ce4: supR3HardenedScreenImage/Imports: cache hit (VINF_SUCCESS) on \Device\HarddiskVolume3\Windows\System32\CoreMessaging.dll
2450.5ce4: supR3HardenedWinVerifyCacheProcessImportTodos: Processing 'msvcrt.dll'...
2450.5ce4: supR3HardenedWinVerifyCacheProcessImportTodos: 'msvcrt.dll' -> '\Device\HarddiskVolume3\Windows\System32\msvcrt.dll' [rcNtRedir=0xc0150008]
2450.5ce4: supR3HardenedMonitor_LdrLoadDll: returns rcNt=0x0 hMod=00007fff06220000 'C:\WINDOWS\system32\rsaenh.dll'
2450.5ce4: supR3HardenedMonitor_LdrLoadDll: returns rcNt=0x0 hMod=00007fff081d0000 'C:\WINDOWS\System32\crypt32.dll'
2450.5ce4: supR3HardenedWinVerifyCacheProcessWvtTodos: 0 (was 0) fWinVerifyTrust=1 for '\Device\HarddiskVolume3\Windows\System32\CoreUIComponents.dll'
2450.5ce4: supR3HardenedMonitor_LdrLoadDll: returns rcNt=0x0 hMod=00007fff0a900000 'C:\WINDOWS\System32\RPCRT4.dll'
2450.5ce4: supR3HardenedIsApiSetDll: ApiSetQueryApiSetPresence(api-ms-win-security-systemfunctions-l1-1-0) -> 0x0, fPresent=1
2450.5ce4: supR3HardenedMonitor_LdrLoadDll: pName=api-ms-win-security-systemfunctions-l1-1-0 (rcNtResolve=0x0) *pfFlags=0x0 pwszSearchPath=0000000000000801:<flags> [calling]
2450.5ce4: supR3HardenedMonitor_LdrLoadDll: returns rcNt=0x0 hMod=00007fff08b50000 'api-ms-win-security-systemfunctions-l1-1-0'
2450.42e0: supR3HardenedDllNotificationCallback: Unload 00007ffeeefe0000 LB 0x0000d000 C:\Program Files\Oracle\VirtualBox\VBoxGuestPropSvc.DLL [flags=0x0]
2450.41bc: supR3HardenedDllNotificationCallback: Unload 00007ffeefc70000 LB 0x0000c000 C:\Program Files\Oracle\VirtualBox\VBoxGuestControlSvc.DLL [flags=0x0]
2450.c10: supR3HardenedDllNotificationCallback: Unload 00007ffee8260000 LB 0x00016000 C:\Program Files\Oracle\VirtualBox\VBoxSharedFolders.DLL [flags=0x0]
2450.5f50: supR3HardenedDllNotificationCallback: Unload 00007ffeeffc0000 LB 0x0000d000 C:\Program Files\Oracle\VirtualBox\VBoxDragAndDropSvc.DLL [flags=0x0]
2450.4f24: supR3HardenedWinVerifyCacheScheduleImports: Import todo: #0 'msvcrt.dll'.
2450.4f24: supHardenedWinVerifyImageByHandle: -> 22900 (\Device\HarddiskVolume3\Windows\System32\edputil.dll)
2450.4f24: supR3HardenedWinVerifyCacheInsert: \Device\HarddiskVolume3\Windows\System32\edputil.dll
2450.4f24: supR3HardenedDllNotificationCallback: load   00007ffed5980000 LB 0x00029000 C:\WINDOWS\SYSTEM32\edputil.dll [fFlags=0x0]
2450.4f24: supR3HardenedScreenImage/LdrLoadDll: cache hit (22900) on \Device\HarddiskVolume3\Windows\System32\edputil.dll [avoiding WinVerifyTrust]
2450.4f24: supR3HardenedDllNotificationCallback: Unload 00007ffeee330000 LB 0x00022000 C:\Program Files\Oracle\VirtualBox\VBoxSharedClipboard.DLL [flags=0x0]
2450.5b44: supR3HardenedDllNotificationCallback: Unload 00007ffe1e390000 LB 0x00af1000 C:\Program Files\Oracle\VirtualBox\VBoxDD.DLL [flags=0x0]
2450.5b44: supR3HardenedDllNotificationCallback: Unload 00007ffecb5a0000 LB 0x00075000 C:\Program Files\Oracle\VirtualBox\VBoxDDU.dll [flags=0x0]
2450.5b44: supR3HardenedDllNotificationCallback: Unload 00007ffe1d530000 LB 0x00e5e000 C:\Program Files\Oracle\VirtualBox\VBoxDD2.dll [flags=0x0]
2450.5b44: supR3HardenedDllNotificationCallback: Unload 00007fff05cc0000 LB 0x00034000 C:\WINDOWS\SYSTEM32\IPHLPAPI.DLL [flags=0x0]
2450.5ce4: supR3HardenedDllNotificationCallback: Unload 00007ffe1ee90000 LB 0x005b0000 C:\Program Files\Oracle\VirtualBox\VBoxVMM.DLL [flags=0x0]
2450.5ce4: supR3HardenedDllNotificationCallback: Unload 00007ffed8210000 LB 0x00015000 C:\WINDOWS\system32\wbem\wbemsvc.dll [flags=0x0]
2450.5ce4: supR3HardenedDllNotificationCallback: Unload 00007ffee5510000 LB 0x0005a000 C:\WINDOWS\system32\dataexchange.dll [flags=0x0]
2450.5ce4: supR3HardenedDllNotificationCallback: Unload 00007ffefd110000 LB 0x00244000 C:\WINDOWS\system32\twinapi.appcore.dll [flags=0x0]
2450.5ce4: supR3HardenedDllNotificationCallback: Unload 00007ffed82e0000 LB 0x000f1000 C:\WINDOWS\system32\wbem\fastprox.dll [flags=0x0]
2450.5ce4: supR3HardenedDllNotificationCallback: Unload 00007ffecb350000 LB 0x000eb000 C:\Program Files\Oracle\VirtualBox\VBoxProxyStub.dll [flags=0x0]
2450.5ce4: supR3HardenedDllNotificationCallback: Unload 00007ffed8da0000 LB 0x00012000 C:\WINDOWS\system32\wbem\wbemprox.dll [flags=0x0]
2450.5ce4: supR3HardenedDllNotificationCallback: Unload 00007ffed8fa0000 LB 0x0007a000 C:\WINDOWS\SYSTEM32\wbemcomn.dll [flags=0x0]
2450.5ce4: supR3HardenedDllNotificationCallback: Unload 00007ffe30f90000 LB 0x00420000 C:\Program Files\Oracle\VirtualBox\VBoxC.dll [flags=0x0]
2450.5ce4: Terminating the normal way: rcExit=0
2a04.3b90: supR3HardNtChildWaitFor[2]: Quitting: ExitCode=0x0 (rcNtWait=0x0, rcNt1=0x0, rcNt2=0x103, rcNt3=0x103, 50871 ms, the end);
2be0.235c: supR3HardNtChildWaitFor[1]: Quitting: ExitCode=0x0 (rcNtWait=0x0, rcNt1=0x0, rcNt2=0x103, rcNt3=0x103, 52125 ms, the end);
