00:00:14.391706 VirtualBox VM 7.2.6 r172322 win.amd64 (Jan 30 2026 17:17:49) release log
00:00:14.391708 Log opened 2026-03-01T21:20:21.215596400Z
00:00:14.391708 Build Type: release
00:00:14.391709 OS Product: Windows 11
00:00:14.403340 OS Release: 10.0.26100.7840
00:00:14.403344 OS Service Pack: 
00:00:14.510057 DMI Product Name: ASUS EXPERTBOOK B1403CVA
00:00:14.520523 DMI Product Version: 1.0       
00:00:14.520530 Firmware type: UEFI
00:00:14.521071 Secure Boot: Enabled
00:00:14.521071 Host RAM: 15969MB (15.5GB) total, 6400MB (6.2GB) available
00:00:14.521071 Executable: C:\Program Files\Oracle\VirtualBox\VirtualBoxVM.exe
00:00:14.521071 Process ID: 9296
00:00:14.521071 Package type: WINDOWS_64BITS_GENERIC
00:00:14.521071 Windows Features:
00:00:14.521071   Core Isolation (Memory Integrity): ENABLED
00:00:14.522420 Installed Extension Packs:
00:00:14.522440   None installed!
00:00:14.522719 ERROR [COM]: aRC=VBOX_E_INVALID_OBJECT_STATE (0x80bb0007) aIID={d7b98d2b-30e8-447e-99cb-e31becae6ae4} aComponent={ProgressWrap} aText={Operation cannot be canceled}, preserve=false aResultDetail=0
00:00:14.522932 Console: Machine state changed to 'Starting'
00:00:14.523203 GUI: Qt version: 6.8.0
00:00:14.523241 GUI: HID LEDs sync is enabled
00:00:14.528919 GUI: UIMediumEnumerator: Medium-enumeration finished!
00:00:14.558285 GUI: Cannot notify guest about VM window out-of-focus event
00:00:14.629860 GUI: UIMediumEnumerator: Medium-enumeration finished!
00:00:14.629967 SUP: seg #0: R   0x00000000 LB 0x00001000
00:00:14.629986 SUP: seg #1: R X 0x00001000 LB 0x00204000
00:00:14.629993 SUP: seg #2: R   0x00205000 LB 0x00053000
00:00:14.629998 SUP: seg #3: RW  0x00258000 LB 0x00013000
00:00:14.630002 SUP: seg #4: R   0x0026b000 LB 0x00013000
00:00:14.630006 SUP: seg #5: RW  0x0027e000 LB 0x00004000
00:00:14.630010 SUP: seg #6: R   0x00282000 LB 0x00007000
00:00:14.630014 SUP: seg #7: R X 0x00289000 LB 0x00002000
00:00:14.630018 SUP: seg #8: R   0x0028b000 LB 0x00007000
00:00:14.633085 SUP: Loaded VMMR0.r0 (C:\Program Files\Oracle\VirtualBox/VMMR0.r0) at 0xXXXXXXXXXXXXXXXX - ModuleInit at XXXXXXXXXXXXXXXX and ModuleTerm at XXXXXXXXXXXXXXXX using the native ring-0 loader
00:00:14.633152 SUP: VMMR0EntryEx located at XXXXXXXXXXXXXXXX and VMMR0EntryFast at XXXXXXXXXXXXXXXX
00:00:14.633156 SUP: windbg> .reload /f C:\Program Files\Oracle\VirtualBox/VMMR0.r0=0xXXXXXXXXXXXXXXXX
00:00:14.638291 Guest architecture: x86
00:00:14.638368 Guest OS type: 'Ubuntu_64'
00:00:14.639077 fHMForced=true - No raw-mode support in this build!
00:00:14.639099 Using execution engine 1
00:00:14.643211 File system of 'C:\Users\Asus\VirtualBox VMs\Ubuntu-HW2\Ubuntu-HW2.vdi' is ntfs
00:00:14.762799 Shared Clipboard: Initialized OLE
00:00:14.762875 Shared Clipboard: Service loaded
00:00:14.762892 Shared Clipboard: Mode: Off
00:00:14.763129 Shared Clipboard: Service running in normal mode
00:00:14.859754 Drag and drop service loaded
00:00:14.859772 Drag and drop mode: Off
00:00:14.860950 Audio: Detected default audio driver type is 'HostAudioWas'
00:00:14.864468 ************************* CFGM dump *************************
00:00:14.864474 [/] (level 0)
00:00:14.864475   CpuExecutionCap   <integer> = 0x0000000000000064 (100)
00:00:14.864477   EnablePAE         <integer> = 0x0000000000000001 (1)
00:00:14.864477   HMEnabled         <integer> = 0x0000000000000001 (1)
00:00:14.864478   MemBalloonSize    <integer> = 0x0000000000000000 (0, 0 B)
00:00:14.864479   Name              <string>  = "Ubuntu-HW2" (cb=11)
00:00:14.864480   NumCPUs           <integer> = 0x0000000000000001 (1)
00:00:14.864480   PageFusionAllowed <integer> = 0x0000000000000000 (0)
00:00:14.864480   RamHoleSize       <integer> = 0x0000000020000000 (536 870 912, 512.0 MiB)
00:00:14.864481   RamSize           <integer> = 0x000000007ff00000 (2 146 435 072, 1.9 GiB)
00:00:14.864482   TimerMillies      <integer> = 0x000000000000000a (10)
00:00:14.864482   UUID              <bytes>   = "6c 0b 5b b5 bc d8 db 41 95 1f 07 a1 69 60 a4 cd" (cb=16)
00:00:14.864484 
00:00:14.864484 [/CPUM/] (level 1)
00:00:14.864485   Enable64bit        <integer> = 0x0000000000000001 (1)
00:00:14.864485   GuestCpuName       <string>  = "host" (cb=5)
00:00:14.864485   NestedHWVirt       <integer> = 0x0000000000000000 (0)
00:00:14.864486   PortableCpuIdLevel <integer> = 0x0000000000000000 (0)
00:00:14.864486   SpecCtrl           <integer> = 0x0000000000000000 (0)
00:00:14.864486 
00:00:14.864486 [/CPUM/IsaExts/] (level 2)
00:00:14.864487 
00:00:14.864487 [/DBGC/] (level 1)
00:00:14.864488   GlobalInitScript <string>  = "C:\Users\Asus\.VirtualBox/dbgc-init" (cb=36)
00:00:14.864488   HistoryFile      <string>  = "C:\Users\Asus\.VirtualBox/dbgc-history" (cb=39)
00:00:14.864488   LocalInitScript  <string>  = "C:\Users\Asus\VirtualBox VMs\Ubuntu-HW2/dbgc-init" (cb=50)
00:00:14.864489 
00:00:14.864489 [/DBGF/] (level 1)
00:00:14.864489   Path <string>  = "C:\Users\Asus\VirtualBox VMs\Ubuntu-HW2/debug/;C:\Users\Asus\VirtualBox VMs\Ubuntu-HW2/;cache*C:\Users\Asus\VirtualBox VMs\Ubuntu-HW2/dbgcache/;C:\Users\Asus\" (cb=159)
00:00:14.864490 
00:00:14.864490 [/Devices/] (level 1)
00:00:14.864490 
00:00:14.864490 [/Devices/3c501/] (level 2)
00:00:14.864491 
00:00:14.864491 [/Devices/8237A/] (level 2)
00:00:14.864491 
00:00:14.864491 [/Devices/8237A/0/] (level 3)
00:00:14.864492   Trusted <integer> = 0x0000000000000001 (1)
00:00:14.864492 
00:00:14.864492 [/Devices/GIMDev/] (level 2)
00:00:14.864493 
00:00:14.864493 [/Devices/GIMDev/0/] (level 3)
00:00:14.864493   Trusted <integer> = 0x0000000000000001 (1)
00:00:14.864493 
00:00:14.864494 [/Devices/VMMDev/] (level 2)
00:00:14.864494 
00:00:14.864494 [/Devices/VMMDev/0/] (level 3)
00:00:14.864495   PCIBusNo      <integer> = 0x0000000000000000 (0)
00:00:14.864495   PCIDeviceNo   <integer> = 0x0000000000000004 (4)
00:00:14.864495   PCIFunctionNo <integer> = 0x0000000000000000 (0)
00:00:14.864496   Trusted       <integer> = 0x0000000000000001 (1)
00:00:14.864496 
00:00:14.864496 [/Devices/VMMDev/0/Config/] (level 4)
00:00:14.864497   GuestCoreDumpDir <string>  = "C:\Users\Asus\VirtualBox VMs\Ubuntu-HW2\Snapshots" (cb=50)
00:00:14.864497 
00:00:14.864497 [/Devices/VMMDev/0/LUN#0/] (level 4)
00:00:14.864498   Driver <string>  = "HGCM" (cb=5)
00:00:14.864498 
00:00:14.864498 [/Devices/VMMDev/0/LUN#0/Config/] (level 5)
00:00:14.864499 
00:00:14.864499 [/Devices/VMMDev/0/LUN#999/] (level 4)
00:00:14.864499   Driver <string>  = "MainStatus" (cb=11)
00:00:14.864499 
00:00:14.864500 [/Devices/VMMDev/0/LUN#999/Config/] (level 5)
00:00:14.864500   First                <integer> = 0x0000000000000000 (0)
00:00:14.864501   HasMediumAttachments <integer> = 0x0000000000000000 (0)
00:00:14.864501   Last                 <integer> = 0x0000000000000000 (0)
00:00:14.864501   iLedSet              <integer> = 0x0000000000000006 (6)
00:00:14.864502 
00:00:14.864502 [/Devices/acpi/] (level 2)
00:00:14.864502 
00:00:14.864502 [/Devices/acpi/0/] (level 3)
00:00:14.864503   PCIBusNo      <integer> = 0x0000000000000000 (0)
00:00:14.864503   PCIDeviceNo   <integer> = 0x0000000000000007 (7)
00:00:14.864504   PCIFunctionNo <integer> = 0x0000000000000000 (0)
00:00:14.864504   Trusted       <integer> = 0x0000000000000001 (1)
00:00:14.864504 
00:00:14.864504 [/Devices/acpi/0/Config/] (level 4)
00:00:14.864505   CpuHotPlug          <integer> = 0x0000000000000000 (0)
00:00:14.864508   FdcEnabled          <integer> = 0x0000000000000000 (0)
00:00:14.864508   HostBusPciAddress   <integer> = 0x0000000000000000 (0)
00:00:14.864509   HpetEnabled         <integer> = 0x0000000000000000 (0)
00:00:14.864509   IOAPIC              <integer> = 0x0000000000000001 (1)
00:00:14.864509   IocPciAddress       <integer> = 0x0000000000010000 (65 536)
00:00:14.864510   NumCPUs             <integer> = 0x0000000000000001 (1)
00:00:14.864510   Parallel0IoPortBase <integer> = 0x0000000000000000 (0)
00:00:14.864511   Parallel0Irq        <integer> = 0x0000000000000000 (0)
00:00:14.864511   Parallel1IoPortBase <integer> = 0x0000000000000000 (0)
00:00:14.864511   Parallel1Irq        <integer> = 0x0000000000000000 (0)
00:00:14.864511   Serial0IoPortBase   <integer> = 0x0000000000000000 (0)
00:00:14.864512   Serial0Irq          <integer> = 0x0000000000000000 (0)
00:00:14.864512   Serial1IoPortBase   <integer> = 0x0000000000000000 (0)
00:00:14.864512   Serial1Irq          <integer> = 0x0000000000000000 (0)
00:00:14.864513   ShowCpu             <integer> = 0x0000000000000001 (1)
00:00:14.864513   ShowRtc             <integer> = 0x0000000000000000 (0)
00:00:14.864513   SmcEnabled          <integer> = 0x0000000000000000 (0)
00:00:14.864514 
00:00:14.864514 [/Devices/acpi/0/LUN#0/] (level 4)
00:00:14.864514   Driver <string>  = "ACPIHost" (cb=9)
00:00:14.864515 
00:00:14.864515 [/Devices/acpi/0/LUN#0/Config/] (level 5)
00:00:14.864515 
00:00:14.864515 [/Devices/ahci/] (level 2)
00:00:14.864516 
00:00:14.864516 [/Devices/ahci/0/] (level 3)
00:00:14.864516   PCIBusNo      <integer> = 0x0000000000000000 (0)
00:00:14.864517   PCIDeviceNo   <integer> = 0x000000000000000d (13)
00:00:14.864517   PCIFunctionNo <integer> = 0x0000000000000000 (0)
00:00:14.864517   Trusted       <integer> = 0x0000000000000001 (1)
00:00:14.864518 
00:00:14.864518 [/Devices/ahci/0/Config/] (level 4)
00:00:14.864518   Bootable  <integer> = 0x0000000000000001 (1)
00:00:14.864519   PortCount <integer> = 0x0000000000000001 (1)
00:00:14.864519 
00:00:14.864519 [/Devices/ahci/0/Config/Port0/] (level 5)
00:00:14.864519   Hotpluggable <integer> = 0x0000000000000000 (0)
00:00:14.864520 
00:00:14.864520 [/Devices/ahci/0/LUN#0/] (level 4)
00:00:14.864520   Driver <string>  = "VD" (cb=3)
00:00:14.864521 
00:00:14.864521 [/Devices/ahci/0/LUN#0/Config/] (level 5)
00:00:14.864521   BlockCache <integer> = 0x0000000000000001 (1)
00:00:14.864522   Format     <string>  = "VDI" (cb=4)
00:00:14.864522   Mountable  <integer> = 0x0000000000000000 (0)
00:00:14.864522   Path       <string>  = "C:\Users\Asus\VirtualBox VMs\Ubuntu-HW2\Ubuntu-HW2.vdi" (cb=55)
00:00:14.864523   Type       <string>  = "HardDisk" (cb=9)
00:00:14.864523   UseNewIo   <integer> = 0x0000000000000001 (1)
00:00:14.864523 
00:00:14.864524 [/Devices/ahci/0/LUN#0/Config/VDConfig/] (level 6)
00:00:14.864524   AllocationBlockSize <string>  = "1048576" (cb=8)
00:00:14.864524 
00:00:14.864525 [/Devices/ahci/0/LUN#999/] (level 4)
00:00:14.864525   Driver <string>  = "MainStatus" (cb=11)
00:00:14.864525 
00:00:14.864525 [/Devices/ahci/0/LUN#999/Config/] (level 5)
00:00:14.864526   DeviceInstance       <string>  = "ahci/0" (cb=7)
00:00:14.864526   First                <integer> = 0x0000000000000000 (0)
00:00:14.864527   HasMediumAttachments <integer> = 0x0000000000000001 (1)
00:00:14.864527   Last                 <integer> = 0x0000000000000000 (0)
00:00:14.864527   iLedSet              <integer> = 0x0000000000000004 (4)
00:00:14.864528 
00:00:14.864528 [/Devices/apic/] (level 2)
00:00:14.864528 
00:00:14.864528 [/Devices/apic/0/] (level 3)
00:00:14.864529   Trusted <integer> = 0x0000000000000001 (1)
00:00:14.864529 
00:00:14.864529 [/Devices/apic/0/Config/] (level 4)
00:00:14.864530   IOAPIC  <integer> = 0x0000000000000001 (1)
00:00:14.864530   Mode    <integer> = 0x0000000000000003 (3)
00:00:14.864530   NumCPUs <integer> = 0x0000000000000001 (1)
00:00:14.864531 
00:00:14.864531 [/Devices/dp8390/] (level 2)
00:00:14.864532 
00:00:14.864532 [/Devices/e1000/] (level 2)
00:00:14.864532 
00:00:14.864532 [/Devices/e1000/0/] (level 3)
00:00:14.864533   PCIBusNo      <integer> = 0x0000000000000000 (0)
00:00:14.864533   PCIDeviceNo   <integer> = 0x0000000000000003 (3)
00:00:14.864534   PCIFunctionNo <integer> = 0x0000000000000000 (0)
00:00:14.864534   Trusted       <integer> = 0x0000000000000001 (1)
00:00:14.864534 
00:00:14.864534 [/Devices/e1000/0/Config/] (level 4)
00:00:14.864535   AdapterType    <integer> = 0x0000000000000000 (0)
00:00:14.864536   CableConnected <integer> = 0x0000000000000001 (1)
00:00:14.864536   LineSpeed      <integer> = 0x0000000000000000 (0)
00:00:14.864536   MAC            <bytes>   = "08 00 27 58 94 13" (cb=6)
00:00:14.864537 
00:00:14.864537 [/Devices/e1000/0/LUN#0/] (level 4)
00:00:14.864538   Driver <string>  = "NAT" (cb=4)
00:00:14.864538 
00:00:14.864538 [/Devices/e1000/0/LUN#0/Config/] (level 5)
00:00:14.864539   AliasMode          <integer> = 0x0000000000000000 (0)
00:00:14.864540   DNSProxy           <integer> = 0x0000000000000000 (0)
00:00:14.864540   EnableTFTP         <integer> = 0x0000000000000000 (0)
00:00:14.864540   ForwardBroadcast   <integer> = 0x0000000000000000 (0)
00:00:14.864541   LocalhostReachable <integer> = 0x0000000000000001 (1)
00:00:14.864541   Network            <string>  = "10.0.2.0/24" (cb=12)
00:00:14.864541   PassDomain         <integer> = 0x0000000000000001 (1)
00:00:14.864542   UseHostResolver    <integer> = 0x0000000000000000 (0)
00:00:14.864542 
00:00:14.864542 [/Devices/e1000/0/LUN#999/] (level 4)
00:00:14.864543   Driver <string>  = "MainStatus" (cb=11)
00:00:14.864543 
00:00:14.864543 [/Devices/e1000/0/LUN#999/Config/] (level 5)
00:00:14.864544   First                <integer> = 0x0000000000000000 (0)
00:00:14.864544   HasMediumAttachments <integer> = 0x0000000000000000 (0)
00:00:14.864544   Last                 <integer> = 0x0000000000000000 (0)
00:00:14.864545   iLedSet              <integer> = 0x0000000000000005 (5)
00:00:14.864545 
00:00:14.864545 [/Devices/i8254/] (level 2)
00:00:14.864546 
00:00:14.864546 [/Devices/i8254/0/] (level 3)
00:00:14.864546 
00:00:14.864546 [/Devices/i8254/0/Config/] (level 4)
00:00:14.864547 
00:00:14.864547 [/Devices/i8259/] (level 2)
00:00:14.864547 
00:00:14.864547 [/Devices/i8259/0/] (level 3)
00:00:14.864548   Trusted <integer> = 0x0000000000000001 (1)
00:00:14.864548 
00:00:14.864548 [/Devices/i8259/0/Config/] (level 4)
00:00:14.864549 
00:00:14.864549 [/Devices/ichac97/] (level 2)
00:00:14.864549 
00:00:14.864549 [/Devices/ichac97/0/] (level 3)
00:00:14.864550   PCIBusNo      <integer> = 0x0000000000000000 (0)
00:00:14.864550   PCIDeviceNo   <integer> = 0x0000000000000005 (5)
00:00:14.864550   PCIFunctionNo <integer> = 0x0000000000000000 (0)
00:00:14.864551   Trusted       <integer> = 0x0000000000000001 (1)
00:00:14.864551 
00:00:14.864551 [/Devices/ichac97/0/AudioConfig/] (level 4)
00:00:14.864552 
00:00:14.864552 [/Devices/ichac97/0/Config/] (level 4)
00:00:14.864552   Codec        <string>  = "AD1980" (cb=7)
00:00:14.864552   DebugEnabled <integer> = 0x0000000000000000 (0)
00:00:14.864553 
00:00:14.864553 [/Devices/ichac97/0/LUN#0/] (level 4)
00:00:14.864553   Driver <string>  = "AUDIO" (cb=6)
00:00:14.864554 
00:00:14.864554 [/Devices/ichac97/0/LUN#0/AttachedDriver/] (level 5)
00:00:14.864554   Driver <string>  = "HostAudioWas" (cb=13)
00:00:14.864555 
00:00:14.864555 [/Devices/ichac97/0/LUN#0/AttachedDriver/Config/] (level 6)
00:00:14.864555   VmName <string>  = "Ubuntu-HW2" (cb=11)
00:00:14.864556   VmUuid <string>  = "b55b0b6c-d8bc-41db-951f-07a16960a4cd" (cb=37)
00:00:14.864556 
00:00:14.864556 [/Devices/ichac97/0/LUN#0/Config/] (level 5)
00:00:14.864556   DriverName    <string>  = "HostAudioWas" (cb=13)
00:00:14.864557   InputEnabled  <integer> = 0x0000000000000000 (0)
00:00:14.864557   OutputEnabled <integer> = 0x0000000000000001 (1)
00:00:14.864557 
00:00:14.864557 [/Devices/ichac97/0/LUN#1/] (level 4)
00:00:14.864558   Driver <string>  = "AUDIO" (cb=6)
00:00:14.864559 
00:00:14.864559 [/Devices/ichac97/0/LUN#2/] (level 4)
00:00:14.864559   Driver <string>  = "AUDIO" (cb=6)
00:00:14.864560 
00:00:14.864560 [/Devices/ioapic/] (level 2)
00:00:14.864560 
00:00:14.864560 [/Devices/ioapic/0/] (level 3)
00:00:14.864561   Trusted <integer> = 0x0000000000000001 (1)
00:00:14.864561 
00:00:14.864561 [/Devices/ioapic/0/Config/] (level 4)
00:00:14.864562   NumCPUs <integer> = 0x0000000000000001 (1)
00:00:14.864562 
00:00:14.864562 [/Devices/mc146818/] (level 2)
00:00:14.864562 
00:00:14.864562 [/Devices/mc146818/0/] (level 3)
00:00:14.864563 
00:00:14.864563 [/Devices/mc146818/0/Config/] (level 4)
00:00:14.864563   UseUTC <integer> = 0x0000000000000001 (1)
00:00:14.864564 
00:00:14.864564 [/Devices/parallel/] (level 2)
00:00:14.864564 
00:00:14.864564 [/Devices/pcarch/] (level 2)
00:00:14.864564 
00:00:14.864565 [/Devices/pcarch/0/] (level 3)
00:00:14.864565   Trusted <integer> = 0x0000000000000001 (1)
00:00:14.864565 
00:00:14.864565 [/Devices/pcarch/0/Config/] (level 4)
00:00:14.864566 
00:00:14.864566 [/Devices/pcbios/] (level 2)
00:00:14.864566 
00:00:14.864566 [/Devices/pcbios/0/] (level 3)
00:00:14.864567   Trusted <integer> = 0x0000000000000001 (1)
00:00:14.864567 
00:00:14.864567 [/Devices/pcbios/0/Config/] (level 4)
00:00:14.864568   APIC               <integer> = 0x0000000000000001 (1)
00:00:14.864569   BootDevice0        <string>  = "FLOPPY" (cb=7)
00:00:14.864569   BootDevice1        <string>  = "DVD" (cb=4)
00:00:14.864569   BootDevice2        <string>  = "IDE" (cb=4)
00:00:14.864570   BootDevice3        <string>  = "NONE" (cb=5)
00:00:14.864570   DmiSystemSerial    <string>  = "VirtualBox-<DmiSystemUuid>" (cb=27)
00:00:14.864571   FloppyDevice       <string>  = "i82078" (cb=7)
00:00:14.864571   HardDiskDevice     <string>  = "piix3ide" (cb=9)
00:00:14.864571   IOAPIC             <integer> = 0x0000000000000001 (1)
00:00:14.864572   McfgBase           <integer> = 0x0000000000000000 (0)
00:00:14.864572   McfgLength         <integer> = 0x0000000000000000 (0)
00:00:14.864573   NumCPUs            <integer> = 0x0000000000000001 (1)
00:00:14.864573   PXEDebug           <integer> = 0x0000000000000000 (0)
00:00:14.864573   SataHardDiskDevice <string>  = "ahci" (cb=5)
00:00:14.864574   SataLUN1           <integer> = 0x0000000000000000 (0)
00:00:14.864574   UUID               <bytes>   = "6c 0b 5b b5 bc d8 db 41 95 1f 07 a1 69 60 a4 cd" (cb=16)
00:00:14.864575   UuidLe             <integer> = 0x0000000000000001 (1)
00:00:14.864575 
00:00:14.864575 [/Devices/pcbios/0/Config/NetBoot/] (level 5)
00:00:14.864576 
00:00:14.864576 [/Devices/pcbios/0/Config/NetBoot/0/] (level 6)
00:00:14.864577   NIC           <integer> = 0x0000000000000000 (0)
00:00:14.864577   PCIBusNo      <integer> = 0x0000000000000000 (0)
00:00:14.864577   PCIDeviceNo   <integer> = 0x0000000000000003 (3)
00:00:14.864578   PCIFunctionNo <integer> = 0x0000000000000000 (0)
00:00:14.864578 
00:00:14.864578 [/Devices/pci/] (level 2)
00:00:14.864579 
00:00:14.864579 [/Devices/pci/0/] (level 3)
00:00:14.864579   Trusted <integer> = 0x0000000000000001 (1)
00:00:14.864579 
00:00:14.864579 [/Devices/pci/0/Config/] (level 4)
00:00:14.864580   IOAPIC <integer> = 0x0000000000000001 (1)
00:00:14.864580 
00:00:14.864580 [/Devices/pcibridge/] (level 2)
00:00:14.864581 
00:00:14.864581 [/Devices/pckbd/] (level 2)
00:00:14.864581 
00:00:14.864581 [/Devices/pckbd/0/] (level 3)
00:00:14.864582   Trusted <integer> = 0x0000000000000001 (1)
00:00:14.864582 
00:00:14.864582 [/Devices/pckbd/0/Config/] (level 4)
00:00:14.864582 
00:00:14.864583 [/Devices/pckbd/0/LUN#0/] (level 4)
00:00:14.864583   Driver <string>  = "KeyboardQueue" (cb=14)
00:00:14.864584 
00:00:14.864584 [/Devices/pckbd/0/LUN#0/AttachedDriver/] (level 5)
00:00:14.864584   Driver <string>  = "MainKeyboard" (cb=13)
00:00:14.864585 
00:00:14.864585 [/Devices/pckbd/0/LUN#0/Config/] (level 5)
00:00:14.864585   QueueSize <integer> = 0x0000000000000040 (64, 64 B)
00:00:14.864590 
00:00:14.864590 [/Devices/pckbd/0/LUN#1/] (level 4)
00:00:14.864591   Driver <string>  = "MouseQueue" (cb=11)
00:00:14.864591 
00:00:14.864591 [/Devices/pckbd/0/LUN#1/AttachedDriver/] (level 5)
00:00:14.864591   Driver <string>  = "MainMouse" (cb=10)
00:00:14.864592 
00:00:14.864592 [/Devices/pckbd/0/LUN#1/Config/] (level 5)
00:00:14.864592   QueueSize <integer> = 0x0000000000000080 (128, 128 B)
00:00:14.864593 
00:00:14.864593 [/Devices/pcnet/] (level 2)
00:00:14.864593 
00:00:14.864593 [/Devices/piix3ide/] (level 2)
00:00:14.864594 
00:00:14.864594 [/Devices/piix3ide/0/] (level 3)
00:00:14.864594   PCIBusNo      <integer> = 0x0000000000000000 (0)
00:00:14.864595   PCIDeviceNo   <integer> = 0x0000000000000001 (1)
00:00:14.864595   PCIFunctionNo <integer> = 0x0000000000000001 (1)
00:00:14.864595   Trusted       <integer> = 0x0000000000000001 (1)
00:00:14.864595 
00:00:14.864595 [/Devices/piix3ide/0/Config/] (level 4)
00:00:14.864596   Type <string>  = "PIIX4" (cb=6)
00:00:14.864596 
00:00:14.864596 [/Devices/piix3ide/0/LUN#0/] (level 4)
00:00:14.864597   Driver <string>  = "VD" (cb=3)
00:00:14.864597 
00:00:14.864597 [/Devices/piix3ide/0/LUN#0/Config/] (level 5)
00:00:14.864598   EmptyDrive <integer> = 0x0000000000000001 (1)
00:00:14.864598   Mountable  <integer> = 0x0000000000000001 (1)
00:00:14.864598   Type       <string>  = "DVD" (cb=4)
00:00:14.864598 
00:00:14.864599 [/Devices/piix3ide/0/LUN#999/] (level 4)
00:00:14.864599   Driver <string>  = "MainStatus" (cb=11)
00:00:14.864599 
00:00:14.864600 [/Devices/piix3ide/0/LUN#999/Config/] (level 5)
00:00:14.864600   DeviceInstance       <string>  = "piix3ide/0" (cb=11)
00:00:14.864600   First                <integer> = 0x0000000000000000 (0)
00:00:14.864601   HasMediumAttachments <integer> = 0x0000000000000001 (1)
00:00:14.864601   Last                 <integer> = 0x0000000000000003 (3)
00:00:14.864601   iLedSet              <integer> = 0x0000000000000003 (3)
00:00:14.864602 
00:00:14.864602 [/Devices/serial/] (level 2)
00:00:14.864602 
00:00:14.864602 [/Devices/usb-ehci/] (level 2)
00:00:14.864603 
00:00:14.864603 [/Devices/usb-ehci/0/] (level 3)
00:00:14.864603   PCIBusNo      <integer> = 0x0000000000000000 (0)
00:00:14.864604   PCIDeviceNo   <integer> = 0x000000000000000b (11)
00:00:14.864604   PCIFunctionNo <integer> = 0x0000000000000000 (0)
00:00:14.864604   Trusted       <integer> = 0x0000000000000001 (1)
00:00:14.864604 
00:00:14.864605 [/Devices/usb-ehci/0/Config/] (level 4)
00:00:14.864605 
00:00:14.864605 [/Devices/usb-ehci/0/LUN#0/] (level 4)
00:00:14.864606   Driver <string>  = "VUSBRootHub" (cb=12)
00:00:14.864606 
00:00:14.864606 [/Devices/usb-ehci/0/LUN#0/Config/] (level 5)
00:00:14.864606 
00:00:14.864607 [/Devices/usb-ehci/0/LUN#999/] (level 4)
00:00:14.864607   Driver <string>  = "MainStatus" (cb=11)
00:00:14.864607 
00:00:14.864607 [/Devices/usb-ehci/0/LUN#999/Config/] (level 5)
00:00:14.864608   First                <integer> = 0x0000000000000000 (0)
00:00:14.864608   HasMediumAttachments <integer> = 0x0000000000000000 (0)
00:00:14.864608   Last                 <integer> = 0x0000000000000000 (0)
00:00:14.864609   iLedSet              <integer> = 0x0000000000000002 (2)
00:00:14.864609 
00:00:14.864609 [/Devices/usb-ohci/] (level 2)
00:00:14.864609 
00:00:14.864610 [/Devices/usb-ohci/0/] (level 3)
00:00:14.864610   PCIBusNo      <integer> = 0x0000000000000000 (0)
00:00:14.864610   PCIDeviceNo   <integer> = 0x0000000000000006 (6)
00:00:14.864611   PCIFunctionNo <integer> = 0x0000000000000000 (0)
00:00:14.864611   Trusted       <integer> = 0x0000000000000001 (1)
00:00:14.864611 
00:00:14.864611 [/Devices/usb-ohci/0/Config/] (level 4)
00:00:14.864612 
00:00:14.864612 [/Devices/usb-ohci/0/LUN#0/] (level 4)
00:00:14.864612   Driver <string>  = "VUSBRootHub" (cb=12)
00:00:14.864612 
00:00:14.864612 [/Devices/usb-ohci/0/LUN#0/Config/] (level 5)
00:00:14.864613 
00:00:14.864613 [/Devices/usb-ohci/0/LUN#999/] (level 4)
00:00:14.864613   Driver <string>  = "MainStatus" (cb=11)
00:00:14.864615 
00:00:14.864615 [/Devices/usb-ohci/0/LUN#999/Config/] (level 5)
00:00:14.864615   First                <integer> = 0x0000000000000000 (0)
00:00:14.864616   HasMediumAttachments <integer> = 0x0000000000000000 (0)
00:00:14.864616   Last                 <integer> = 0x0000000000000000 (0)
00:00:14.864616   iLedSet              <integer> = 0x0000000000000001 (1)
00:00:14.864617 
00:00:14.864617 [/Devices/vga/] (level 2)
00:00:14.864617 
00:00:14.864617 [/Devices/vga/0/] (level 3)
00:00:14.864618   PCIBusNo      <integer> = 0x0000000000000000 (0)
00:00:14.864618   PCIDeviceNo   <integer> = 0x0000000000000002 (2)
00:00:14.864618   PCIFunctionNo <integer> = 0x0000000000000000 (0)
00:00:14.864619   Trusted       <integer> = 0x0000000000000001 (1)
00:00:14.864619 
00:00:14.864619 [/Devices/vga/0/Config/] (level 4)
00:00:14.864620   3DEnabled             <integer> = 0x0000000000000000 (0)
00:00:14.864621   CustomVideoModes      <integer> = 0x0000000000000000 (0)
00:00:14.864621   FadeIn                <integer> = 0x0000000000000001 (1)
00:00:14.864621   FadeOut               <integer> = 0x0000000000000001 (1)
00:00:14.864622   HeightReduction       <integer> = 0x0000000000000000 (0)
00:00:14.864622   LogoFile              <string>  = "" (cb=1)
00:00:14.864622   LogoTime              <integer> = 0x0000000000000000 (0)
00:00:14.864623   MonitorCount          <integer> = 0x0000000000000001 (1)
00:00:14.864623   ShowBootMenu          <integer> = 0x0000000000000002 (2)
00:00:14.864623   VMSVGA3dEnabled       <integer> = 0x0000000000000000 (0)
00:00:14.864624   VMSVGAEnabled         <integer> = 0x0000000000000001 (1)
00:00:14.864624   VMSVGAPciBarLayout    <integer> = 0x0000000000000001 (1)
00:00:14.864624   VMSVGAPciId           <integer> = 0x0000000000000001 (1)
00:00:14.864625   VRamSize              <integer> = 0x0000000001000000 (16 777 216, 16.0 MiB)
00:00:14.864625   VmSvga3               <integer> = 0x0000000000000000 (0)
00:00:14.864626   VmSvgaExposeLegacyVga <integer> = 0x0000000000000001 (1)
00:00:14.864626 
00:00:14.864626 [/Devices/vga/0/LUN#0/] (level 4)
00:00:14.864629   Driver <string>  = "MainDisplay" (cb=12)
00:00:14.864629 
00:00:14.864629 [/Devices/vga/0/LUN#0/Config/] (level 5)
00:00:14.864630 
00:00:14.864630 [/Devices/vga/0/LUN#999/] (level 4)
00:00:14.864630   Driver <string>  = "MainStatus" (cb=11)
00:00:14.864631 
00:00:14.864631 [/Devices/vga/0/LUN#999/Config/] (level 5)
00:00:14.864632   First                <integer> = 0x0000000000000000 (0)
00:00:14.864632   HasMediumAttachments <integer> = 0x0000000000000000 (0)
00:00:14.864632   Last                 <integer> = 0x0000000000000000 (0)
00:00:14.864633   iLedSet              <integer> = 0x0000000000000000 (0)
00:00:14.864633 
00:00:14.864633 [/Devices/virtio-net/] (level 2)
00:00:14.864633 
00:00:14.864634 [/EM/] (level 1)
00:00:14.864634   TripleFaultReset <integer> = 0x0000000000000000 (0)
00:00:14.864634 
00:00:14.864634 [/GCM/] (level 1)
00:00:14.864635   MesaVmsvgaDrv <integer> = 0x0000000000000001 (1)
00:00:14.864635 
00:00:14.864635 [/GIM/] (level 1)
00:00:14.864635   Provider <string>  = "KVM" (cb=4)
00:00:14.864636 
00:00:14.864636 [/HM/] (level 1)
00:00:14.864636   64bitEnabled            <integer> = 0x0000000000000001 (1)
00:00:14.864636   EnableLargePages        <integer> = 0x0000000000000001 (1)
00:00:14.864637   EnableNestedPaging      <integer> = 0x0000000000000001 (1)
00:00:14.864637   EnableUX                <integer> = 0x0000000000000001 (1)
00:00:14.864637   EnableVPID              <integer> = 0x0000000000000001 (1)
00:00:14.864638   Exclusive               <integer> = 0x0000000000000000 (0)
00:00:14.864638   HMForced                <integer> = 0x0000000000000001 (1)
00:00:14.864639   IBPBOnVMEntry           <integer> = 0x0000000000000000 (0)
00:00:14.864639   IBPBOnVMExit            <integer> = 0x0000000000000000 (0)
00:00:14.864639   L1DFlushOnSched         <integer> = 0x0000000000000001 (1)
00:00:14.864640   L1DFlushOnVMEntry       <integer> = 0x0000000000000000 (0)
00:00:14.864641   LovelyMesaDrvWorkaround <integer> = 0x0000000000000001 (1)
00:00:14.864641   MDSClearOnSched         <integer> = 0x0000000000000001 (1)
00:00:14.864641   MDSClearOnVMEntry       <integer> = 0x0000000000000000 (0)
00:00:14.864642   SpecCtrlByHost          <integer> = 0x0000000000000000 (0)
00:00:14.864642   SvmVirtVmsaveVmload     <integer> = 0x0000000000000000 (0)
00:00:14.864642   UseNEMInstead           <integer> = 0x0000000000000000 (0)
00:00:14.864642 
00:00:14.864643 [/MM/] (level 1)
00:00:14.864643   CanUseLargerHeap <integer> = 0x0000000000000000 (0)
00:00:14.864643 
00:00:14.864643 [/NEM/] (level 1)
00:00:14.864644   Allow64BitGuests        <integer> = 0x0000000000000001 (1)
00:00:14.864644   IBPBOnVMEntry           <integer> = 0x0000000000000000 (0)
00:00:14.864644   IBPBOnVMExit            <integer> = 0x0000000000000000 (0)
00:00:14.864645   L1DFlushOnSched         <integer> = 0x0000000000000001 (1)
00:00:14.864645   L1DFlushOnVMEntry       <integer> = 0x0000000000000000 (0)
00:00:14.864645   LovelyMesaDrvWorkaround <integer> = 0x0000000000000001 (1)
00:00:14.864645   MDSClearOnSched         <integer> = 0x0000000000000001 (1)
00:00:14.864646   MDSClearOnVMEntry       <integer> = 0x0000000000000000 (0)
00:00:14.864646 
00:00:14.864646 [/PDM/] (level 1)
00:00:14.864646 
00:00:14.864647 [/PDM/AsyncCompletion/] (level 2)
00:00:14.864647 
00:00:14.864647 [/PDM/AsyncCompletion/File/] (level 3)
00:00:14.864647 
00:00:14.864648 [/PDM/AsyncCompletion/File/BwGroups/] (level 4)
00:00:14.864648 
00:00:14.864648 [/PDM/BlkCache/] (level 2)
00:00:14.864648   CacheSize <integer> = 0x0000000000500000 (5 242 880, 5.0 MiB)
00:00:14.864649 
00:00:14.864649 [/PDM/Devices/] (level 2)
00:00:14.864649 
00:00:14.864649 [/PDM/Drivers/] (level 2)
00:00:14.864650 
00:00:14.864650 [/PDM/Drivers/VBoxC/] (level 3)
00:00:14.864650   Path <string>  = "VBoxC" (cb=6)
00:00:14.864650 
00:00:14.864651 [/PDM/NetworkShaper/] (level 2)
00:00:14.864651 
00:00:14.864651 [/PDM/NetworkShaper/BwGroups/] (level 3)
00:00:14.864651 
00:00:14.864652 [/TM/] (level 1)
00:00:14.864652   UTCOffset <integer> = 0x0000000000000000 (0)
00:00:14.864652 
00:00:14.864652 [/USB/] (level 1)
00:00:14.864652 
00:00:14.864653 [/USB/HidMouse/] (level 2)
00:00:14.864653 
00:00:14.864653 [/USB/HidMouse/0/] (level 3)
00:00:14.864653 
00:00:14.864653 [/USB/HidMouse/0/Config/] (level 4)
00:00:14.864654   Mode <string>  = "absolute" (cb=9)
00:00:14.864654 
00:00:14.864654 [/USB/HidMouse/0/LUN#0/] (level 4)
00:00:14.864655   Driver <string>  = "MouseQueue" (cb=11)
00:00:14.864655 
00:00:14.864655 [/USB/HidMouse/0/LUN#0/AttachedDriver/] (level 5)
00:00:14.864656   Driver <string>  = "MainMouse" (cb=10)
00:00:14.864656 
00:00:14.864656 [/USB/HidMouse/0/LUN#0/Config/] (level 5)
00:00:14.864656   QueueSize <integer> = 0x0000000000000080 (128, 128 B)
00:00:14.864657 
00:00:14.864657 [/USB/USBProxy/] (level 2)
00:00:14.864657 
00:00:14.864657 [/USB/USBProxy/GlobalConfig/] (level 3)
00:00:14.864658 
00:00:14.864658 ********************* End of CFGM dump **********************
00:00:14.864707 HM: HMR3Init: Attempting fall back to NEM: VT-x is not available
00:00:14.883697 NEM:  info: Found optional import WinHvPlatform.dll!WHvQueryGpaRangeDirtyBitmap.
00:00:14.883709 NEM:  info: Found optional import WinHvPlatform.dll!WHvResumePartitionTime.
00:00:14.883712 NEM:  info: Found optional import WinHvPlatform.dll!WHvSuspendPartitionTime.
00:00:14.883714 NEM:  info: Found optional import WinHvPlatform.dll!WHvRequestInterrupt.
00:00:14.883717 NEM:  info: Found optional import WinHvPlatform.dll!WHvGetVirtualProcessorXsaveState.
00:00:14.883720 NEM:  info: Found optional import WinHvPlatform.dll!WHvSetVirtualProcessorXsaveState.
00:00:14.883722 NEM:  info: Found optional import WinHvPlatform.dll!WHvGetVirtualProcessorState.
00:00:14.883725 NEM:  info: Found optional import WinHvPlatform.dll!WHvSetVirtualProcessorState.
00:00:14.883728 NEM:  info: Found optional import WinHvPlatform.dll!WHvGetVirtualProcessorInterruptControllerState.
00:00:14.883731 NEM:  info: Found optional import WinHvPlatform.dll!WHvSetVirtualProcessorInterruptControllerState.
00:00:14.883733 NEM:  info: Found optional import WinHvPlatform.dll!WHvGetVirtualProcessorInterruptControllerState2.
00:00:14.883736 NEM:  info: Found optional import WinHvPlatform.dll!WHvSetVirtualProcessorInterruptControllerState2.
00:00:14.883740 NEM:  info: Found optional import vid.dll!VidGetHvPartitionId.
00:00:14.883743 NEM:  info: Found optional import vid.dll!VidGetPartitionProperty.
00:00:14.883861 NEM: WHvCapabilityCodeHypervisorPresent is TRUE, so this might work...
00:00:14.883865 NEM: WHvCapabilityCodeExtendedVmExits      = 0x0000000000007fff
00:00:14.883872 NEM:                           X64CpuidExit: 1
00:00:14.883876 NEM:                             X64MsrExit: 1
00:00:14.883878 NEM:                          ExceptionExit: 1
00:00:14.883881 NEM:                           X64RdtscExit: 1
00:00:14.883884 NEM:                     X64ApicSmiExitTrap: 1
00:00:14.883886 NEM:                          HypercallExit: 1
00:00:14.883889 NEM:                X64ApicInitSipiExitTrap: 1
00:00:14.883891 NEM:              X64ApicWriteLint0ExitTrap: 1
00:00:14.883894 NEM:              X64ApicWriteLint1ExitTrap: 1
00:00:14.883896 NEM:                X64ApicWriteSvrExitTrap: 1
00:00:14.883899 NEM:                 UnknownSynicConnection: 1
00:00:14.883901 NEM:              RetargetUnknownVpciDevice: 1
00:00:14.883904 NEM:                X64ApicWriteLdrExitTrap: 1
00:00:14.883907 NEM:                X64ApicWriteDfrExitTrap: 1
00:00:14.883909 NEM:                     GpaAccessFaultExit: 1
00:00:14.883912 NEM: WHvCapabilityCodeFeatures             = 0x00000000000002ff
00:00:14.883917 NEM:                           PartialUnmap: 1
00:00:14.883919 NEM:                     LocalApicEmulation: 1
00:00:14.883923 NEM:                                  Xsave: 1
00:00:14.883926 NEM:                      DirtyPageTracking: 1
00:00:14.883928 NEM:                     SpeculationControl: 1
00:00:14.883931 NEM:                         ApicRemoteRead: 1
00:00:14.883933 NEM:                            IdleSuspend: 1
00:00:14.883936 NEM:                VirtualPciDeviceSupport: 1
00:00:14.883938 NEM:                           IommuSupport: 0
00:00:14.883941 NEM:                         VpHotAddRemove: 1
00:00:14.883946 NEM: Supported xsave features: 0x4058381f
00:00:14.883949 NEM:                           XsaveSupport: 1
00:00:14.883952 NEM:                        XsaveoptSupport: 1
00:00:14.883955 NEM:                             AvxSupport: 1
00:00:14.883957 NEM:                            Avx2Support: 1
00:00:14.883960 NEM:                             FmaSupport: 1
00:00:14.883962 NEM:                             MpxSupport: 0
00:00:14.883965 NEM:                          Avx512Support: 0
00:00:14.883968 NEM:                        Avx512DQSupport: 0
00:00:14.883970 NEM:                        Avx512BWSupport: 0
00:00:14.883973 NEM:                        Avx512VLSupport: 0
00:00:14.883975 NEM:                       XsaveCompSupport: 1
00:00:14.883978 NEM:                 XsaveSupervisorSupport: 1
00:00:14.883980 NEM:                            Xcr1Support: 1
00:00:14.883983 NEM:                    Avx512BitalgSupport: 0
00:00:14.883986 NEM:                      Avx512IfmaSupport: 0
00:00:14.883988 NEM:                      Avx512VBmiSupport: 0
00:00:14.883991 NEM:                     Avx512VBmi2Support: 0
00:00:14.883993 NEM:                      Avx512VnniSupport: 0
00:00:14.883996 NEM:                            GfniSupport: 1
00:00:14.883998 NEM:                            VaesSupport: 1
00:00:14.884001 NEM:                 Avx512VPopcntdqSupport: 0
00:00:14.884004 NEM:                      VpclmulqdqSupport: 1
00:00:14.884006 NEM:                      Avx512Bf16Support: 0
00:00:14.884009 NEM:              Avx512Vp2IntersectSupport: 0
00:00:14.884011 NEM:                      Avx512Fp16Support: 0
00:00:14.884014 NEM:                             XfdSupport: 0
00:00:14.884016 NEM:                         AmxTileSupport: 0
00:00:14.884019 NEM:                         AmxBf16Support: 0
00:00:14.884022 NEM:                         AmxInt8Support: 0
00:00:14.884024 NEM:                         AvxVnniSupport: 1
00:00:14.884027 NEM: Supported exception exit bitmap: 0xf7dfb
00:00:14.884032 NEM: WHvCapabilityCodeProcessorVendor      = 1 - Intel
00:00:14.884039 NEM: WHvCapabilityCodeProcessorFeatures    = 0x3e1bfbcfe7f7859f
00:00:14.884042 NEM:                            Sse3Support: 1
00:00:14.884045 NEM:                        LahfSahfSupport: 1
00:00:14.884047 NEM:                           Ssse3Support: 1
00:00:14.884050 NEM:                          Sse4_1Support: 1
00:00:14.884055 NEM:                          Sse4_2Support: 1
00:00:14.884058 NEM:                           Sse4aSupport: 0
00:00:14.884060 NEM:                             XopSupport: 0
00:00:14.884063 NEM:                          PopCntSupport: 1
00:00:14.884065 NEM:                      Cmpxchg16bSupport: 1
00:00:14.884068 NEM:                       Altmovcr8Support: 0
00:00:14.884070 NEM:                           LzcntSupport: 1
00:00:14.884073 NEM:                     MisAlignSseSupport: 0
00:00:14.884075 NEM:                          MmxExtSupport: 0
00:00:14.884078 NEM:                        Amd3DNowSupport: 0
00:00:14.884081 NEM:                ExtendedAmd3DNowSupport: 0
00:00:14.884083 NEM:                         Page1GbSupport: 1
00:00:14.884086 NEM:                             AesSupport: 1
00:00:14.884088 NEM:                       PclmulqdqSupport: 1
00:00:14.884091 NEM:                            PcidSupport: 1
00:00:14.884093 NEM:                            Fma4Support: 0
00:00:14.884096 NEM:                            F16CSupport: 1
00:00:14.884098 NEM:                          RdRandSupport: 1
00:00:14.884101 NEM:                        RdWrFsGsSupport: 1
00:00:14.884103 NEM:                            SmepSupport: 1
00:00:14.884106 NEM:              EnhancedFastStringSupport: 1
00:00:14.884109 NEM:                            Bmi1Support: 1
00:00:14.884111 NEM:                            Bmi2Support: 1
00:00:14.884114 NEM:                              Reserved1: 0
00:00:14.884116 NEM:                           MovbeSupport: 1
00:00:14.884119 NEM:                          Npiep1Support: 1
00:00:14.884121 NEM:                   DepX87FPUSaveSupport: 1
00:00:14.884124 NEM:                          RdSeedSupport: 1
00:00:14.884127 NEM:                             AdxSupport: 1
00:00:14.884129 NEM:                   IntelPrefetchSupport: 1
00:00:14.884132 NEM:                            SmapSupport: 1
00:00:14.884134 NEM:                             HleSupport: 0
00:00:14.884137 NEM:                             RtmSupport: 0
00:00:14.884139 NEM:                          RdtscpSupport: 1
00:00:14.884142 NEM:                      ClflushoptSupport: 1
00:00:14.884144 NEM:                            ClwbSupport: 1
00:00:14.884147 NEM:                             ShaSupport: 1
00:00:14.884150 NEM:                X87PointersSavedSupport: 0
00:00:14.884152 NEM:                         InvpcidSupport: 1
00:00:14.884155 NEM:                            IbrsSupport: 1
00:00:14.884157 NEM:                           StibpSupport: 1
00:00:14.884160 NEM:                            IbpbSupport: 1
00:00:14.884162 NEM:                              Reserved2: 1
00:00:14.884165 NEM:                            SsbdSupport: 1
00:00:14.884167 NEM:                 FastShortRepMovSupport: 1
00:00:14.884170 NEM:                              Reserved3: 0
00:00:14.884173 NEM:                                 RdclNo: 1
00:00:14.884175 NEM:                         IbrsAllSupport: 1
00:00:14.884178 NEM:                              Reserved4: 0
00:00:14.884180 NEM:                                  SsbNo: 0
00:00:14.884183 NEM:                                 RsbANo: 0
00:00:14.884187 NEM:                              Reserved5: 0
00:00:14.884190 NEM:                           RdPidSupport: 1
00:00:14.884192 NEM:                            UmipSupport: 1
00:00:14.884195 NEM:                           MdsNoSupport: 1
00:00:14.884198 NEM:                         MdClearSupport: 1
00:00:14.884201 NEM:                           TaaNoSupport: 1
00:00:14.884203 NEM:                         TsxCtrlSupport: 0
00:00:14.884206 NEM:                              Reserved6: 0
00:00:14.884211 NEM: WHvCapabilityCodeProcessorClFlushSize = 2^8
00:00:14.884215 NEM: Warning! Unknown capability 0x4 returning: 3f 00 00 00 00 00 00 00 00 00 00 00 00 00 00 00 00 00 00 00 00 00 00 00
00:00:14.884219 NEM: Warning! Unknown capability 0x5 returning: 03 00 00 00 00 00 00 00 00 00 00 00 00 00 00 00 00 00 00 00 00 00 00 00
00:00:14.884232 NEM: Warning! Unknown capability 0x6 returning: 00 00 00 00 00 00 00 00 00 00 00 00 00 00 00 00 00 00 00 00 00 00 00 00
00:00:14.885772 NEM: Warning! Unknown capability 0x1003 returning: 1f 38 58 40 00 00 00 00 00 00 00 00 00 00 00 00 00 00 00 00 00 00 00 00
00:00:14.885811 NEM: Warning! Unknown capability 0x1004 returning: ad f5 c5 94 00 00 00 00 00 00 00 00 00 00 00 00 00 00 00 00 00 00 00 00
00:00:14.885820 NEM: Warning! Unknown capability 0x1005 returning: 00 c2 eb 0b 00 00 00 00 00 00 00 00 00 00 00 00 00 00 00 00 00 00 00 00
00:00:14.885828 NEM: Warning! Unknown capability 0x1006 returning: 02 00 00 00 00 00 00 00 9f 85 f7 e7 cf fb 1b 3e e3 77 97 1e 0f 00 02 00
00:00:14.885835 NEM: Warning! Unknown capability 0x1007 returning: 00 00 00 00 00 00 00 00 00 00 00 00 00 00 00 00 00 00 00 00 00 00 00 00
00:00:14.885848 NEM: Warning! Unknown capability 0x1008 returning: 01 00 00 00 00 00 00 00 ff 8f 44 ff 6f 00 00 00 00 00 00 00 00 00 00 00
00:00:14.885859 NEM: Warning! Unknown capability 0x1009 returning: 00 00 00 00 00 00 00 00 00 00 00 00 00 00 00 00 00 00 00 00 00 00 00 00
00:00:14.885872 NEM: Warning! Unknown capability 0x100a returning: 27 00 00 00 00 00 00 00 00 00 00 00 00 00 00 00 00 00 00 00 00 00 00 00
00:00:14.885966 NEM: Warning! Unknown capability 0x2000 returning: 01 00 00 00 00 10 d8 01 00 00 00 00 00 00 00 00 00 00 00 00 00 00 00 00
00:00:14.885979 NEM: Warning! Unknown capability 0x2001 returning: 16 00 00 00 3f 00 00 00 00 00 00 00 00 00 00 00 00 00 00 00 00 00 00 00
00:00:14.885992 NEM: Warning! Unknown capability 0x2002 returning: f2 e5 01 24 fe ff f9 f7 00 00 00 00 00 00 00 00 00 00 00 00 00 00 00 00
00:00:14.886003 NEM: Warning! Unknown capability 0x2003 returning: ff 6f 03 00 ff ff 3f 14 00 00 00 00 00 00 00 00 00 00 00 00 00 00 00 00
00:00:14.886016 NEM: Warning! Unknown capability 0x2004 returning: ff 11 00 00 ff f3 30 00 00 00 00 00 00 00 00 00 00 00 00 00 00 00 00 00
00:00:14.886027 NEM: Warning! Unknown capability 0x2005 returning: 60 00 00 00 00 00 00 00 00 00 00 00 00 00 00 00 00 00 00 00 00 00 00 00
00:00:14.886039 NEM: Warning! Unknown capability 0x2006 returning: 21 00 00 80 00 00 00 00 00 00 00 00 00 00 00 00 00 00 00 00 00 00 00 00
00:00:14.886051 NEM: Warning! Unknown capability 0x2007 returning: ff ff ff ff 00 00 00 00 00 00 00 00 00 00 00 00 00 00 00 00 00 00 00 00
00:00:14.886063 NEM: Warning! Unknown capability 0x2008 returning: 00 20 00 00 00 00 00 00 00 00 00 00 00 00 00 00 00 00 00 00 00 00 00 00
00:00:14.886066 NEM: Warning! Unknown capability 0x2009 returning: ff 2f b7 00 00 00 00 00 00 00 00 00 00 00 00 00 00 00 00 00 00 00 00 00
00:00:14.886066 NEM: Warning! Unknown capability 0x200a returning: 2a 00 00 00 00 00 00 00 00 00 00 00 00 00 00 00 00 00 00 00 00 00 00 00
00:00:14.886066 NEM: Warning! Unknown capability 0x200b returning: 00 00 00 00 ae 18 50 06 00 00 00 00 00 00 00 00 00 00 00 00 00 00 00 00
00:00:14.886066 NEM: Warning! Unknown capability 0x200c returning: 41 40 f3 06 01 0f 00 00 00 00 00 00 00 00 00 00 00 00 00 00 00 00 00 00
00:00:14.886066 NEM: Warning! Unknown capability 0x200d returning: 16 00 00 00 3f 00 00 00 00 00 00 00 00 00 00 00 00 00 00 00 00 00 00 00
00:00:14.886066 NEM: Warning! Unknown capability 0x200e returning: f2 65 00 24 fe ff f9 f7 00 00 00 00 00 00 00 00 00 00 00 00 00 00 00 00
00:00:14.886066 NEM: Warning! Unknown capability 0x200f returning: fb 6f 03 00 ff ff 3f 14 00 00 00 00 00 00 00 00 00 00 00 00 00 00 00 00
00:00:14.886695 NEM: Created partition 000001bb7c1ef9d0. APIC emulation mode: VirtualBox
00:00:14.886717 NEM: Adjusting APIC configuration from X2APIC to APIC max mode.  X2APIC is not supported by the WinHvPlatform API!
00:00:14.886720 NEM: Disable Hyper-V if you need X2APIC for your guests!
00:00:14.886730 PGM: Enabling NEM mode
00:00:14.886771 NEM:
00:00:14.886772 NEM: NEMR3Init: Snail execution mode is active!
00:00:14.886772 NEM: Note! VirtualBox is not able to run at its full potential in this execution mode.
00:00:14.886772 NEM:       To see VirtualBox run at max speed you need to disable all Windows features
00:00:14.886772 NEM:       making use of Hyper-V.  That is a moving target, so google how and carefully
00:00:14.886772 NEM:       consider the consequences of disabling these features.
00:00:14.886772 NEM:
00:00:14.886790 CPUM: No hardware-virtualization capability detected
00:00:14.886794 CPUM: fXStateHostMask=0x7; host XCR0=0x7
00:00:14.888731 CPUM: Matched host CPU INTEL 0x6/0xba/0x3 Intel_Atom_Unknown with CPU DB entry 'Intel Pentium N3530 2.16GHz' (INTEL 0x6/0x37/0x8 Intel_Atom_Silvermont)
00:00:14.888799 CPUM: MXCSR_MASK=0xffff (host: 0xffff)
00:00:14.888815 CPUM: Microcode revision 0x00004124
00:00:14.888831 CPUM: MSR/CPUID reconciliation insert: 0x0000010b IA32_FLUSH_CMD
00:00:14.888835 CPUM: MSR/CPUID reconciliation insert: 0x0000010a IA32_ARCH_CAPABILITIES
00:00:14.888840 CPUM: MSR fudge: 0x00000122 IA32_TSX_CTRL
00:00:14.888843 CPUM: MSR fudge: 0x00000123 IA32_MCU_OPT_CTRL
00:00:14.888848 CPUM: SetGuestCpuIdFeature: Enabled SYSENTER/EXIT
00:00:14.888851 CPUM: SetGuestCpuIdFeature: Enabled SYSCALL/RET
00:00:14.888854 CPUM: SetGuestCpuIdFeature: Enabled PAE
00:00:14.888856 CPUM: SetGuestCpuIdFeature: Enabled LAHF/SAHF
00:00:14.888859 CPUM: SetGuestCpuIdFeature: Enabled NX
00:00:14.888861 CPUM: SetGuestCpuIdFeature: Enabled LONG MODE
00:00:14.888864 CPUM: Enabled MTRR read-write support
00:00:14.888868 CPUM: Enabled fixed-range MTRRs and 16 (virtualized) variable-range MTRRs
00:00:14.906179 NEM: HvPartitionPropertyProcessorVendor=0x1 (1)
00:00:14.906389 NEM: cbXSaveArea=872
00:00:14.906416 NEM: Default XSAVE area returned by Hyper-V
00:00:14.906418 0000008eeb9fd880/0000: 00 00 00 00 00 00 00 00-00 00 00 00 00 00 00 00 ................
00:00:14.906420 0000008eeb9fd890/0010: 00 00 00 00 00 00 00 00-80 1f 00 00 ff ff 00 00 ................
00:00:14.906421 0000008eeb9fd8a0/0020: 00 00 00 00 00 00 00 00-00 00 00 00 00 00 00 00 ................
00:00:14.906422 0000008eeb9fd8b0/0030: 00 00 00 00 00 00 00 00-00 00 00 00 00 00 00 00 ................
00:00:14.906423 0000008eeb9fd8c0/0040: 00 00 00 00 00 00 00 00-00 00 00 00 00 00 00 00 ................
00:00:14.906423 0000008eeb9fd8d0/0050: 00 00 00 00 00 00 00 00-00 00 00 00 00 00 00 00 ................
00:00:14.906424 0000008eeb9fd8e0/0060: 00 00 00 00 00 00 00 00-00 00 00 00 00 00 00 00 ................
00:00:14.906425 0000008eeb9fd8f0/0070: 00 00 00 00 00 00 00 00-00 00 00 00 00 00 00 00 ................
00:00:14.906426 0000008eeb9fd900/0080: 00 00 00 00 00 00 00 00-00 00 00 00 00 00 00 00 ................
00:00:14.906427 0000008eeb9fd910/0090: 00 00 00 00 00 00 00 00-00 00 00 00 00 00 00 00 ................
00:00:14.906429 0000008eeb9fd920/00a0: 00 00 00 00 00 00 00 00-00 00 00 00 00 00 00 00 ................
00:00:14.906430 0000008eeb9fd930/00b0: 00 00 00 00 00 00 00 00-00 00 00 00 00 00 00 00 ................
00:00:14.906431 0000008eeb9fd940/00c0: 00 00 00 00 00 00 00 00-00 00 00 00 00 00 00 00 ................
00:00:14.906431 0000008eeb9fd950/00d0: 00 00 00 00 00 00 00 00-00 00 00 00 00 00 00 00 ................
00:00:14.906432 0000008eeb9fd960/00e0: 00 00 00 00 00 00 00 00-00 00 00 00 00 00 00 00 ................
00:00:14.906433 0000008eeb9fd970/00f0: 00 00 00 00 00 00 00 00-00 00 00 00 00 00 00 00 ................
00:00:14.906434 0000008eeb9fd980/0100: 00 00 00 00 00 00 00 00-00 00 00 00 00 00 00 00 ................
00:00:14.906435 0000008eeb9fd990/0110: 00 00 00 00 00 00 00 00-00 00 00 00 00 00 00 00 ................
00:00:14.906436 0000008eeb9fd9a0/0120: 00 00 00 00 00 00 00 00-00 00 00 00 00 00 00 00 ................
00:00:14.906436 0000008eeb9fd9b0/0130: 00 00 00 00 00 00 00 00-00 00 00 00 00 00 00 00 ................
00:00:14.906437 0000008eeb9fd9c0/0140: 00 00 00 00 00 00 00 00-00 00 00 00 00 00 00 00 ................
00:00:14.906438 0000008eeb9fd9d0/0150: 00 00 00 00 00 00 00 00-00 00 00 00 00 00 00 00 ................
00:00:14.906439 0000008eeb9fd9e0/0160: 00 00 00 00 00 00 00 00-00 00 00 00 00 00 00 00 ................
00:00:14.906440 0000008eeb9fd9f0/0170: 00 00 00 00 00 00 00 00-00 00 00 00 00 00 00 00 ................
00:00:14.906440 0000008eeb9fda00/0180: 00 00 00 00 00 00 00 00-00 00 00 00 00 00 00 00 ................
00:00:14.906441 0000008eeb9fda10/0190: 00 00 00 00 00 00 00 00-00 00 00 00 00 00 00 00 ................
00:00:14.906442 0000008eeb9fda20/01a0: 00 00 00 00 00 00 00 00-00 00 00 00 00 00 00 00 ................
00:00:14.906443 0000008eeb9fda30/01b0: 00 00 00 00 00 00 00 00-00 00 00 00 00 00 00 00 ................
00:00:14.906444 0000008eeb9fda40/01c0: 00 00 00 00 00 00 00 00-00 00 00 00 00 00 00 00 ................
00:00:14.906444 0000008eeb9fda50/01d0: 00 00 00 00 00 00 00 00-00 00 00 00 00 00 00 00 ................
00:00:14.906445 0000008eeb9fda60/01e0: 00 00 00 00 00 00 00 00-00 00 00 00 00 00 00 00 ................
00:00:14.906446 0000008eeb9fda70/01f0: 00 00 00 00 00 00 00 00-00 00 00 00 00 00 00 00 ................
00:00:14.906447 0000008eeb9fda80/0200: 02 18 00 00 00 00 00 00-07 18 00 00 00 00 00 80 ................
00:00:14.906448 0000008eeb9fda90/0210: 00 00 00 00 00 00 00 00-00 00 00 00 00 00 00 00 ................
00:00:14.906448 0000008eeb9fdaa0/0220: 00 00 00 00 00 00 00 00-00 00 00 00 00 00 00 00 ................
00:00:14.906449 0000008eeb9fdab0/0230: 00 00 00 00 00 00 00 00-00 00 00 00 00 00 00 00 ................
00:00:14.906450 0000008eeb9fdac0/0240: 00 00 00 00 00 00 00 00-00 00 00 00 00 00 00 00 ................
00:00:14.906451 0000008eeb9fdad0/0250: 00 00 00 00 00 00 00 00-00 00 00 00 00 00 00 00 ................
00:00:14.906452 0000008eeb9fdae0/0260: 00 00 00 00 00 00 00 00-00 00 00 00 00 00 00 00 ................
00:00:14.906452 0000008eeb9fdaf0/0270: 00 00 00 00 00 00 00 00-00 00 00 00 00 00 00 00 ................
00:00:14.906453 0000008eeb9fdb00/0280: 00 00 00 00 00 00 00 00-00 00 00 00 00 00 00 00 ................
00:00:14.906454 0000008eeb9fdb10/0290: 00 00 00 00 00 00 00 00-00 00 00 00 00 00 00 00 ................
00:00:14.906455 0000008eeb9fdb20/02a0: 00 00 00 00 00 00 00 00-00 00 00 00 00 00 00 00 ................
00:00:14.906456 0000008eeb9fdb30/02b0: 00 00 00 00 00 00 00 00-00 00 00 00 00 00 00 00 ................
00:00:14.906456 0000008eeb9fdb40/02c0: 00 00 00 00 00 00 00 00-00 00 00 00 00 00 00 00 ................
00:00:14.906457 0000008eeb9fdb50/02d0: 00 00 00 00 00 00 00 00-00 00 00 00 00 00 00 00 ................
00:00:14.906458 0000008eeb9fdb60/02e0: 00 00 00 00 00 00 00 00-00 00 00 00 00 00 00 00 ................
00:00:14.906459 0000008eeb9fdb70/02f0: 00 00 00 00 00 00 00 00-00 00 00 00 00 00 00 00 ................
00:00:14.906460 0000008eeb9fdb80/0300: 00 00 00 00 00 00 00 00-00 00 00 00 00 00 00 00 ................
00:00:14.906460 0000008eeb9fdb90/0310: 00 00 00 00 00 00 00 00-00 00 00 00 00 00 00 00 ................
00:00:14.906461 0000008eeb9fdba0/0320: 00 00 00 00 00 00 00 00-00 00 00 00 00 00 00 00 ................
00:00:14.906462 0000008eeb9fdbb0/0330: 00 00 00 00 00 00 00 00-00 00 00 00 00 00 00 00 ................
00:00:14.906463 0000008eeb9fdbc0/0340: 00 00 00 00 00 00 00 00-00 00 00 00 00 00 00 00 ................
00:00:14.906464 0000008eeb9fdbd0/0350: 00 00 00 00 00 00 00 00-00 00 00 00 00 00 00 00 ................
00:00:14.906464 0000008eeb9fdbe0/0360: 00 00 00 00 00 00 00 00                         ........
00:00:14.906471 NEM: Successfully set up partition (device handle 0000000000000eb9, partition ID 0x0)
00:00:14.906620 PGM: Host paging mode: AMD64+PGE+NX
00:00:14.906629 PGM: PGMPool: cMaxPages=1280 (u64MaxPages=1057)
00:00:14.906632 PGM: pgmR3PoolInit: cMaxPages=0x500 cMaxUsers=0xa00 cMaxPhysExts=0xa00 fCacheEnable=true
00:00:14.964816 TM: GIP - u32Mode=3 (Invariant) u32UpdateHz=93 u32UpdateIntervalNS=10741500 enmUseTscDelta=2 (Practically Zero) fGetGipCpu=0x1b cCpus=8
00:00:14.964849 TM: GIP - u64CpuHz=2 496 001 405 (0x94c5f57d)  SUPGetCpuHzFromGip => 2 496 001 405
00:00:14.964854 TM: GIP - CPU: iCpuSet=0x0 idCpu=0x0 idApic=0x0 iGipCpu=0x0 i64TSCDelta=0 enmState=3 u64CpuHz=2496001405(*) cErrors=0
00:00:14.964858 TM: GIP - CPU: iCpuSet=0x1 idCpu=0x1 idApic=0x1 iGipCpu=0x1 i64TSCDelta=0 enmState=3 u64CpuHz=2495978391(*) cErrors=0
00:00:14.964866 TM: GIP - CPU: iCpuSet=0x2 idCpu=0x2 idApic=0x8 iGipCpu=0x3 i64TSCDelta=0 enmState=3 u64CpuHz=2496001131(*) cErrors=0
00:00:14.964871 TM: GIP - CPU: iCpuSet=0x3 idCpu=0x3 idApic=0x9 iGipCpu=0x2 i64TSCDelta=0 enmState=3 u64CpuHz=2495999866(*) cErrors=0
00:00:14.964874 TM: GIP - CPU: iCpuSet=0x4 idCpu=0x4 idApic=0x18 iGipCpu=0x7 i64TSCDelta=0 enmState=3 u64CpuHz=2496001378(*) cErrors=0
00:00:14.964877 TM: GIP - CPU: iCpuSet=0x5 idCpu=0x5 idApic=0x1a iGipCpu=0x6 i64TSCDelta=0 enmState=3 u64CpuHz=2496001263(*) cErrors=0
00:00:14.964879 TM: GIP - CPU: iCpuSet=0x6 idCpu=0x6 idApic=0x1c iGipCpu=0x5 i64TSCDelta=0 enmState=3 u64CpuHz=2496001358(*) cErrors=0
00:00:14.964882 TM: GIP - CPU: iCpuSet=0x7 idCpu=0x7 idApic=0x1e iGipCpu=0x4 i64TSCDelta=0 enmState=3 u64CpuHz=2496001239(*) cErrors=0
00:00:14.964888 TM: NEM overrides the /TM/TSCModeSwitchAllowed setting.
00:00:14.964897 TM:     cTSCTicksPerSecond=2 496 001 405 (0x94c5f57d) enmTSCMode=4 (NativeApi) TSCMultiplier=1
00:00:14.964899 TM: cTSCTicksPerSecondHost=2 496 001 405 (0x94c5f57d)
00:00:14.964899 TM: TSCTiedToExecution=false TSCNotTiedToHalt=false
00:00:14.966149 EMR3Init: fIemExecutesAll=false fGuruOnTripleFault=true
00:00:14.966269 IEM: TargetCpu=CURRENT, Microarch=Intel_Atom_Unknown aidxTargetCpuEflFlavour={1,0}
00:00:14.966593 GIM: Using provider 'KVM' (Implementation version: 0)
00:00:14.966600 CPUM: SetGuestCpuIdFeature: Enabled Hypervisor Present bit
00:00:14.966619 GCM: Initialized - Fixer bits: 0x8 (MesaVmsvgaDrv)
00:00:14.966656 AIOMgr: Default manager type is 'Async'
00:00:14.966659 AIOMgr: Default file backend is 'NonBuffered'
00:00:14.966699 BlkCache: Cache successfully initialized. Cache size is 5242880 bytes
00:00:14.966702 BlkCache: Cache commit interval is 10000 ms
00:00:14.966704 BlkCache: Cache commit threshold is 2621440 bytes
00:00:15.742921 PcBios: [SMP] BIOS with 1 CPUs
00:00:15.742965 PcBios: Using the 386+ BIOS image.
00:00:15.743084 PcBios: MPS table at 000e1300
00:00:15.743567 PcBios: fCheckShutdownStatusForSoftReset=true  fClearShutdownStatusOnHardReset=true
00:00:15.743898 PDM: VirtualBox APIC backend registered
00:00:15.743936 CPUM: SetGuestCpuIdFeature: Enabled xAPIC
00:00:15.745001 IOAPIC: Version=2.0 ChipType=ICH9
00:00:15.745096 PIT: mode=3 count=0x10000 (65536) - 18.20 Hz (ch=0)
00:00:15.745156 VMMDev: cbDefaultBudget: 697 711 274 (29963aaa)
00:00:15.836609 Shared Folders service loaded
00:00:15.906161 Guest Control service loaded
00:00:16.034231 VGA: Using the 386+ BIOS image.
00:00:16.035541 DrvVD: Flushes will be ignored
00:00:16.035555 DrvVD: Async flushes will be passed to the disk
00:00:16.036639 VD: VDInit finished with VINF_SUCCESS
00:00:16.037454 AIOMgr: Endpoint for file 'C:\Users\Asus\VirtualBox VMs\Ubuntu-HW2\Ubuntu-HW2.vdi' (flags 000c0723) created successfully
00:00:16.041282 VD: Opening the disk took 4852787 ns
00:00:16.041335 AHCI: LUN#0: disk, PCHS=16383/16/63, total number of sectors 52428800
00:00:16.041647 AHCI#0: Reset the HBA
00:00:16.041653 VD#0: Cancelling all active requests
00:00:16.042224 DrvVD: Flushes will be ignored
00:00:16.042236 DrvVD: Async flushes will be passed to the disk
00:00:16.042252 PIIX3 ATA: LUN#0: CD/DVD, total number of sectors 0, passthrough disabled
00:00:16.042300 PIIX3 ATA: LUN#1: no unit
00:00:16.042324 PIIX3 ATA: LUN#2: no unit
00:00:16.042327 PIIX3 ATA: LUN#3: no unit
00:00:16.042410 PIIX3 ATA: Ctl#0: finished processing RESET
00:00:16.042570 PIIX3 ATA: Ctl#1: finished processing RESET
00:00:16.042622 E1000#0: Chip=82540EM LinkUpDelay=5000ms EthernetCRC=on GSO=enabled Itr=disabled ItrRx=enabled TID=disabled R0=disabled RC=disabled
00:00:16.055643 AC97: Using codec 'AD1980'
00:00:16.075111 WasAPI: Input device is: {Default} (iface 000001bb806aeaa0)
00:00:16.075819 WasAPI: Output device is: {Default} (iface 000001bb806aec80)
00:00:16.079669 Audio: Found 4 devices for driver 'WasAPI'
00:00:16.079705 Audio: Device 'Speakers (Realtek(R) Audio)':
00:00:16.079706 Audio:   ID              = {0.0.0.00000000}.{f4a9b4b3-bec1-4cff-b5d3-9a133579d92b}
00:00:16.079706 Audio:   Usage           = output
00:00:16.079707 Audio:   Flags           = DEFAULT_OUT
00:00:16.079707 Audio:   Input channels  = 0
00:00:16.079708 Audio:   Output channels = 2
00:00:16.079722 Audio: Device 'Speakers (Realtek(R) Audio)':
00:00:16.079723 Audio:   ID              = {0.0.0.00000000}.{f4a9b4b3-bec1-4cff-b5d3-9a133579d92b}
00:00:16.079723 Audio:   Usage           = output
00:00:16.079723 Audio:   Flags           = NONE
00:00:16.079723 Audio:   Input channels  = 0
00:00:16.079724 Audio:   Output channels = 2
00:00:16.079732 Audio: Device 'Microphone Array (Intel® Smart Sound Technology for Digital Microphones)':
00:00:16.079733 Audio:   ID              = {0.0.1.00000000}.{0aa15966-784a-4531-9476-0a1c261ffc23}
00:00:16.079733 Audio:   Usage           = input
00:00:16.079733 Audio:   Flags           = DEFAULT_IN
00:00:16.079734 Audio:   Input channels  = 2
00:00:16.079734 Audio:   Output channels = 0
00:00:16.079740 Audio: Device 'Microphone Array (Intel® Smart Sound Technology for Digital Microphones)':
00:00:16.079740 Audio:   ID              = {0.0.1.00000000}.{0aa15966-784a-4531-9476-0a1c261ffc23}
00:00:16.079740 Audio:   Usage           = input
00:00:16.079741 Audio:   Flags           = NONE
00:00:16.079741 Audio:   Input channels  = 2
00:00:16.079741 Audio:   Output channels = 0
00:00:16.079929 AC97: Reset
00:00:16.079943 AC97: Mixer reset (EAID=0x809, EACS=0x9)
00:00:16.079950 AC97: Record select to left=mic, right=mic
00:00:16.079958 Audio Mixer: MUTING master volume of 'AC'97 Mixer' -- channel volumes: ff ff ff ff ff ff ff ff ff ff ff ff
00:00:16.079967 Audio Mixer: MUTING sink 'AC'97 Mixer/Line In' -- channel volumes: 00 00 00 00 00 00 00 00 00 00 00 00
00:00:16.079975 Audio Mixer: MUTING sink 'AC'97 Mixer/Microphone In' -- channel volumes: 00 00 00 00 00 00 00 00 00 00 00 00
00:00:16.079982 Audio Mixer: MUTING sink 'AC'97 Mixer/PCM Output' -- channel volumes: 00 00 00 00 00 00 00 00 00 00 00 00
00:00:16.079988 Audio Mixer: MUTING sink 'AC'97 Mixer/PCM Output' -- channel volumes: 00 00 00 00 00 00 00 00 00 00 00 00
00:00:16.079995 Audio Mixer: MUTING sink 'AC'97 Mixer/Line In' -- channel volumes: 00 00 00 00 00 00 00 00 00 00 00 00
00:00:16.080001 Audio Mixer: MUTING sink 'AC'97 Mixer/Line In' -- channel volumes: 00 00 00 00 00 00 00 00 00 00 00 00
00:00:16.080007 Audio Mixer: MUTING sink 'AC'97 Mixer/Microphone In' -- channel volumes: 00 00 00 00 00 00 00 00 00 00 00 00
00:00:16.081134 VUSB: Attached 'HidMouse' to port 1 on RootHub#1 (FullSpeed)
00:00:16.081163 PGM: The CPU physical address width is 39 bits
00:00:16.081205 PGM: PGMR3InitFinalize: 4 MB PSE mask 0000007fffffffff -> VINF_SUCCESS
00:00:16.081218 TM: TMR3InitFinalize: fTSCModeSwitchAllowed=false
00:00:16.081657 CPUM: Mapped 1.0MiB (1048576 bytes) of RAM using fixed-range MTRRs
00:00:16.081674 CPUM: Mapped 1.9GiB (2146435072 bytes) of RAM using 2 variable-range MTRRs
00:00:16.081770 CPUM: Host IA32_ARCH_CAPABILITIES  = 0x1480e16f
00:00:16.081772 CPUM: Guest IA32_ARCH_CAPABILITIES = 0x1400e16d
00:00:16.081897 VMM: Thread-context hooks unavailable
00:00:16.081903 VMM: RTThreadPreemptIsPending() can be trusted
00:00:16.081908 VMM: Kernel preemption is possible
00:00:16.081921 EM: Exit history optimizations: enabled=true enabled-r0=true enabled-r0-no-preemption=false
00:00:16.084477 AIOMgr: Async flushes not supported
00:00:16.084552 PcBios: SATA LUN#0 LCHS=1024/255/63
00:00:16.084573 APIC: fPostedIntrsEnabled=false fVirtApicRegsEnabled=false fSupportsTscDeadline=false
00:00:16.084582 TMR3UtcNow: nsNow=1 772 400 022 908 079 200 nsPrev=0 -> cNsDelta=1 772 400 022 908 079 200 (offLag=0 offVirtualSync=0 offVirtualSyncGivenUp=0, NowAgain=1 772 400 022 908 079 200)
00:00:16.084592 VMM: fUsePeriodicPreemptionTimers=true
00:00:16.084605 CPUM: Logical host processors: 8 present, 8 max, 8 online, online mask: 00000000000000ff
00:00:16.084606 CPUM: Physical host cores: 6
00:00:16.084607 ************************ CPUID dump *************************
00:00:16.087300          Raw Standard CPUID Leaves
00:00:16.087301      Leaf/sub-leaf  eax      ebx      ecx      edx
00:00:16.087304 Gst: 00000000/0000  00000016 756e6547 6c65746e 49656e69
00:00:16.087305 Hst:                00000020 756e6547 6c65746e 49656e69
00:00:16.087306 Gst: 00000001/0000  000b06a3 00010800 f6da3203 178bfbff
00:00:16.087307 Hst:                000b06a3 18400800 fffaf38b bfcbfbff
00:00:16.087307 Gst: 00000002/0000  00feff01 000000f0 00000000 00000000
00:00:16.087308 Hst:                00feff01 000000f0 00000000 00000000
00:00:16.087309 Gst: 00000003/0000  00000000 00000000 00000000 00000000
00:00:16.087309 Hst:                00000000 00000000 00000000 00000000
00:00:16.087310 Gst: 00000004/0000  00000121 02c0003f 0000003f 00000000
00:00:16.087311 Hst:                7c004121 01c0003f 0000003f 00000000
00:00:16.087311 Gst: 00000004/0001  00000122 01c0003f 0000003f 00000000
00:00:16.087312 Hst:                7c004122 01c0003f 0000007f 00000000
00:00:16.087312 Gst: 00000004/0002  00000143 0240003f 000007ff 00000000
00:00:16.087313 Hst:                7c01c143 03c0003f 000007ff 00000000
00:00:16.087314 Gst: 00000004/0003  00000163 0240003f 00003fff 00000004
00:00:16.087314 Hst:                7c0fc163 0240003f 00003fff 00000004
00:00:16.087315 Gst: 00000004/0004  00000000 00000000 00000000 00000000
00:00:16.087316 Hst:                00000000 00000000 00000000 00000000
00:00:16.087316 Gst: 00000005/0000  00000000 00000000 00000000 00000000
00:00:16.087317 Hst:                00000040 00000040 00000003 00002020
00:00:16.087317 Gst: 00000006/0000  00000004 00000000 00000000 00000000
00:00:16.087318 Hst:                009f8ff3 00000002 00000409 00030003
00:00:16.087318 Gst: 00000007/0000  00000002 208c2529 00000000 30000400
00:00:16.087319 Hst:                00000002 239c27a9 184007a4 bc18c410
00:00:16.087320 Gst: 00000007/0001  00000000 00000000 00000000 00000000
00:00:16.087320 Hst:                00400810 00000000 00000000 00000000
00:00:16.087321 Gst: 00000007/0002  00000000 00000000 00000000 00000000
00:00:16.087321 Hst:                00000000 00000000 00000000 00000011
00:00:16.087322 Gst: 00000007/0003  00000000 00000000 00000000 00000000
00:00:16.087322 Hst:                00000000 00000000 00000000 00000000
00:00:16.087323 Gst: 00000008/0000  00000000 00000000 00000000 00000000
00:00:16.087323 Hst:                00000000 00000000 00000000 00000000
00:00:16.087324 Gst: 00000009/0000  00000000 00000000 00000000 00000000
00:00:16.087324 Hst:                00000000 00000000 00000000 00000000
00:00:16.087325 Gst: 0000000a/0000  00000000 00000000 00000000 00000000
00:00:16.087326 Hst:                07300605 00000000 00000007 00008603
00:00:16.087326 Gst: 0000000b/0000  00000000 00000001 00000100 00000000
00:00:16.087327 Hst:                00000001 00000002 00000100 0000001a
00:00:16.087327 Gst: 0000000b/0001  00000001 00000001 00000201 00000000
00:00:16.087328 Hst:                00000006 00000008 00000201 0000001a
00:00:16.087328 Gst: 0000000b/0002  00000000 00000000 00000002 00000000
00:00:16.087329 Hst:                00000000 00000000 00000002 0000001a
00:00:16.087330 Gst: 0000000c/0000  00000000 00000000 00000000 00000000
00:00:16.087330 Hst:                00000000 00000000 00000000 00000000
00:00:16.087331 Gst: 0000000d/0000  00000007 00000340 00000340 00000000
00:00:16.087331 Hst:                00000007 00000340 00000340 00000000
00:00:16.087332 Gst: 0000000d/0001  00000000 00000350 00000000 00000000
00:00:16.087332 Hst:                0000000f 00000350 00001800 00000000
00:00:16.087333 Gst: 0000000d/0002  00000100 00000240 00000000 00000000
00:00:16.087333 Hst:                00000100 00000240 00000000 00000000
00:00:16.087334 Gst: 0000000d/0003  00000000 00000000 00000000 00000000
00:00:16.087335 Hst:                00000000 00000000 00000000 00000000
00:00:16.087335 Gst: 0000000d/0004  00000000 00000000 00000000 00000000
00:00:16.087336 Hst:                00000000 00000000 00000000 00000000
00:00:16.087336 Gst: 0000000d/0005  00000000 00000000 00000000 00000000
00:00:16.087337 Hst:                00000000 00000000 00000000 00000000
00:00:16.087337 Gst: 0000000d/0006  00000000 00000000 00000000 00000000
00:00:16.087338 Hst:                00000000 00000000 00000000 00000000
00:00:16.087338 Gst: 0000000d/0007  00000000 00000000 00000000 00000000
00:00:16.087339 Hst:                00000000 00000000 00000000 00000000
00:00:16.087339 Gst: 0000000d/0008  00000000 00000000 00000000 00000000
00:00:16.087340 Hst:                00000000 00000000 00000000 00000000
00:00:16.087340 Gst: 0000000d/0009  00000000 00000000 00000000 00000000
00:00:16.087341 Hst:                00000000 00000000 00000000 00000000
00:00:16.087341 Gst: 0000000d/000a  00000000 00000000 00000000 00000000
00:00:16.087342 Hst:                00000000 00000000 00000000 00000000
00:00:16.087342 Gst: 0000000d/000b  00000000 00000000 00000000 00000000
00:00:16.087343 Hst:                00000010 00000000 00000001 00000000
00:00:16.087344 Gst: 0000000d/000c  00000000 00000000 00000000 00000000
00:00:16.087344 Hst:                00000018 00000000 00000001 00000000
00:00:16.087345 Gst: 0000000d/000d  00000000 00000000 00000000 00000000
00:00:16.087345 Hst:                00000000 00000000 00000000 00000000
00:00:16.087346 Gst: 0000000e/0000  00000000 00000000 00000000 00000000
00:00:16.087346 Hst:                00000000 00000000 00000000 00000000
00:00:16.087347 Gst: 0000000f/0000  00000000 00000000 00000000 00000000
00:00:16.087347 Hst:                00000000 00000000 00000000 00000000
00:00:16.087348 Gst: 00000010/0000  00000000 00000000 00000000 00000000
00:00:16.087348 Hst:                00000000 00000000 00000000 00000000
00:00:16.087349 Gst: 00000011/0000  00000000 00000000 00000000 00000000
00:00:16.087349 Hst:                00000000 00000000 00000000 00000000
00:00:16.087350 Gst: 00000012/0000  00000000 00000000 00000000 00000000
00:00:16.087350 Hst:                00000000 00000000 00000000 00000000
00:00:16.087351 Gst: 00000013/0000  00000000 00000000 00000000 00000000
00:00:16.087351 Hst:                00000000 00000000 00000000 00000000
00:00:16.087352 Gst: 00000014/0000  00000000 00000000 00000000 00000000
00:00:16.087353 Hst:                00000001 0000005f 80000007 00000000
00:00:16.087353 Hst: 00000015/0000  00000002 00000082 0249f000 00000000
00:00:16.087354 Hst: 00000016/0000  00000000 00000000 00000000 00000000
00:00:16.087354 Hst: 00000017/0000  00000000 00000000 00000000 00000000
00:00:16.087355 Hst: 00000018/0000  00000000 00000000 00000000 00000000
00:00:16.087356 Hst: 00000019/0000  00000000 00000000 00000000 00000000
00:00:16.087356 Hst: 0000001a/0000  20000001 00000000 00000000 00000000
00:00:16.087357 Hst: 0000001b/0000  00000000 00000000 00000000 00000000
00:00:16.087358 Hst: 0000001c/0000  4000000b 00000007 00000007 00000000
00:00:16.087358 Hst: 0000001d/0000  00000000 00000000 00000000 00000000
00:00:16.087359 Hst: 0000001e/0000  00000000 00000000 00000000 00000000
00:00:16.087359 Hst: 0000001f/0000  00000001 00000002 00000100 0000001a
00:00:16.087360 Hst: 00000020/0000  00000000 00000001 00000000 00000000
00:00:16.087361                                Name: GenuineIntel
00:00:16.087362                            Supports: 0x00000000-0x00000016
00:00:16.087363                              Family:  6 	Extended: 0 	Effective: 6
00:00:16.087364                               Model: 10 	Extended: 11 	Effective: 186
00:00:16.087371                            Stepping: 3
00:00:16.087372                                Type: 0 (primary)
00:00:16.087373                             APIC ID: 0x00
00:00:16.087373                        Logical CPUs: 1
00:00:16.087374                        CLFLUSH Size: 8
00:00:16.087374                            Brand ID: 0x00
00:00:16.087376 Features
00:00:16.087376   Mnemonic - Description                                  = Guest (Host)
00:00:16.087377   FPU - x87 FPU on Chip                                   = 1 (1)
00:00:16.087379   VME - Virtual 8086 Mode Enhancements                    = 1 (1)
00:00:16.087379   DE - Debugging extensions                               = 1 (1)
00:00:16.087380   PSE - Page Size Extension                               = 1 (1)
00:00:16.087381   TSC - Time Stamp Counter                                = 1 (1)
00:00:16.087390   MSR - Model Specific Registers                          = 1 (1)
00:00:16.087391   PAE - Physical Address Extension                        = 1 (1)
00:00:16.087392   MCE - Machine Check Exception                           = 1 (1)
00:00:16.087393   CX8 - CMPXCHG8B instruction                             = 1 (1)
00:00:16.087393   APIC - APIC On-Chip                                     = 1 (1)
00:00:16.087394   SEP - SYSENTER and SYSEXIT Present                      = 1 (1)
00:00:16.087395   MTRR - Memory Type Range Registers                      = 1 (1)
00:00:16.087396   PGE - PTE Global Bit                                    = 1 (1)
00:00:16.087396   MCA - Machine Check Architecture                        = 1 (1)
00:00:16.087397   CMOV - Conditional Move instructions                    = 1 (1)
00:00:16.087398   PAT - Page Attribute Table                              = 1 (1)
00:00:16.087399   PSE-36 - 36-bit Page Size Extension                     = 1 (1)
00:00:16.087399   PSN - Processor Serial Number                           = 0 (0)
00:00:16.087406   CLFSH - CLFLUSH instruction                             = 1 (1)
00:00:16.087407   DS - Debug Store                                        = 0 (0)
00:00:16.087408   ACPI - Thermal Mon. & Soft. Clock Ctrl.                 = 0 (1)
00:00:16.087409   MMX - Intel MMX Technology                              = 1 (1)
00:00:16.087409   FXSR - FXSAVE and FXRSTOR instructions                  = 1 (1)
00:00:16.087410   SSE - SSE support                                       = 1 (1)
00:00:16.087411   SSE2 - SSE2 support                                     = 1 (1)
00:00:16.087412   SS - Self Snoop                                         = 0 (1)
00:00:16.087412   HTT - Hyper-Threading Technology                        = 1 (1)
00:00:16.087413   TM - Therm. Monitor                                     = 0 (1)
00:00:16.087414   PBE - Pending Break Enabled                             = 0 (1)
00:00:16.087415   SSE3 - SSE3 support                                     = 1 (1)
00:00:16.087416   PCLMUL - PCLMULQDQ support (for AES-GCM)                = 1 (1)
00:00:16.087416   DTES64 - DS Area 64-bit Layout                          = 0 (0)
00:00:16.087417   MONITOR - MONITOR/MWAIT instructions                    = 0 (1)
00:00:16.087418   CPL-DS - CPL Qualified Debug Store                      = 0 (0)
00:00:16.087418   VMX - Virtual Machine Extensions                        = 0 (0)
00:00:16.087419   SMX - Safer Mode Extensions                             = 0 (0)
00:00:16.087420   EST - Enhanced SpeedStep Technology                     = 0 (1)
00:00:16.087420   TM2 - Terminal Monitor 2                                = 0 (1)
00:00:16.087421   SSSE3 - Supplemental Streaming SIMD Extensions 3        = 1 (1)
00:00:16.087422   CNTX-ID - L1 Context ID                                 = 0 (0)
00:00:16.087423   SDBG - Silicon Debug interface                          = 0 (0)
00:00:16.087423   FMA - Fused Multiply Add extensions                     = 1 (1)
00:00:16.087424   CX16 - CMPXCHG16B instruction                           = 1 (1)
00:00:16.087425   TPRUPDATE - xTPR Update Control                         = 0 (1)
00:00:16.087425   PDCM - Perf/Debug Capability MSR                        = 0 (1)
00:00:16.087426   PCID - Process Context Identifiers                      = 1 (1)
00:00:16.087427   DCA - Direct Cache Access                               = 0 (0)
00:00:16.087428   SSE4_1 - SSE4_1 support                                 = 1 (1)
00:00:16.087428   SSE4_2 - SSE4_2 support                                 = 1 (1)
00:00:16.087429   X2APIC - x2APIC support                                 = 0 (1)
00:00:16.087430   MOVBE - MOVBE instruction                               = 1 (1)
00:00:16.087431   POPCNT - POPCNT instruction                             = 1 (1)
00:00:16.087431   TSCDEADL - Time Stamp Counter Deadline                  = 0 (1)
00:00:16.087432   AES - AES instructions                                  = 1 (1)
00:00:16.087433   XSAVE - XSAVE instruction                               = 1 (1)
00:00:16.087433   OSXSAVE - OSXSAVE instruction                           = 0 (1)
00:00:16.087434   AVX - AVX support                                       = 1 (1)
00:00:16.087435   F16C - 16-bit floating point conversion instructions    = 1 (1)
00:00:16.087435   RDRAND - RDRAND instruction                             = 1 (1)
00:00:16.087436   HVP - Hypervisor Present (we're a guest)                = 1 (1)
00:00:16.087437 Structured Extended Feature Flags Enumeration (leaf 7):
00:00:16.087437 Sub-leaf 0
00:00:16.087438   Mnemonic - Description                                  = Guest (Host)
00:00:16.087438   FSGSBASE - RDFSBASE/RDGSBASE/WRFSBASE/WRGSBASE instr.   = 1 (1)
00:00:16.087439   TSCADJUST - Supports MSR_IA32_TSC_ADJUST                = 0 (0)
00:00:16.087440   SGX - Supports Software Guard Extensions                = 0 (0)
00:00:16.087440   BMI1 - Advanced Bit Manipulation extension 1            = 1 (1)
00:00:16.087441   HLE - Hardware Lock Elision                             = 0 (0)
00:00:16.087442   AVX2 - Advanced Vector Extensions 2                     = 1 (1)
00:00:16.087444   FDP_EXCPTN_ONLY - FPU DP only updated on exceptions     = 0 (0)
00:00:16.087445   SMEP - Supervisor Mode Execution Prevention             = 0 (1)
00:00:16.087445   BMI2 - Advanced Bit Manipulation extension 2            = 1 (1)
00:00:16.087446   ERMS - Enhanced REP MOVSB/STOSB instructions            = 0 (1)
00:00:16.087447   INVPCID - INVPCID instruction                           = 1 (1)
00:00:16.087447   RTM - Restricted Transactional Memory                   = 0 (0)
00:00:16.087448   PQM - Platform Quality of Service Monitoring            = 0 (0)
00:00:16.087449   DEPFPU_CS_DS - Deprecates FPU CS, FPU DS values if set  = 1 (1)
00:00:16.087449   MPE - Intel Memory Protection Extensions                = 0 (0)
00:00:16.087450   PQE - Platform Quality of Service Enforcement           = 0 (0)
00:00:16.087450   AVX512F - AVX512 Foundation instructions                = 0 (0)
00:00:16.087451   AVX512DQ - Supports the AVX512DQ instructions           = 0 (0)
00:00:16.087452   RDSEED - RDSEED instruction                             = 1 (1)
00:00:16.087452   ADX - ADCX/ADOX instructions                            = 1 (1)
00:00:16.087453   SMAP - Supervisor Mode Access Prevention                = 0 (1)
00:00:16.087454   AVX512_IFMA - Supports the AVX512_IFMA instructions     = 0 (0)
00:00:16.087454   CLFLUSHOPT - CLFLUSHOPT (Cache Line Flush) instruction  = 1 (1)
00:00:16.087455   CLWB - CLWB instruction                                 = 0 (1)
00:00:16.087455   INTEL_PT - Intel Processor Trace                        = 0 (1)
00:00:16.087456   AVX512PF - AVX512 Prefetch instructions                 = 0 (0)
00:00:16.087457   AVX512ER - AVX512 Exponential & Reciprocal instructions = 0 (0)
00:00:16.087457   AVX512CD - AVX512 Conflict Detection instructions       = 0 (0)
00:00:16.087458   SHA - Secure Hash Algorithm extensions                  = 1 (1)
00:00:16.087458   AVX512BW - Supports the AVX512BW instructions           = 0 (0)
00:00:16.087459   AVX512VL - Supports the AVX512VL instructions           = 0 (0)
00:00:16.087460   PREFETCHWT1 - PREFETCHWT1 instruction                   = 0 (0)
00:00:16.087460   AVX512_VBMI - Supports the AVX512_VBMI instructions     = 0 (0)
00:00:16.087461   UMIP - User mode insturction prevention                 = 0 (1)
00:00:16.087461   PKU - Protection Key for Usermode pages                 = 0 (0)
00:00:16.087462   OSPKE - CR4.PKU mirror                                  = 0 (0)
00:00:16.087463   WAITPKG - TPAUSE, UMONITOR & UMWAIT support             = 0 (1)
00:00:16.087463   AVX512_VBMI2 - Supports the AVX512_VBMI2 instructions   = 0 (0)
00:00:16.087464   CET_SS - CET shadow stack support                       = 0 (1)
00:00:16.087465   GFNI - Supports the GFNI instruction set                = 0 (1)
00:00:16.087465   VAES - Supports the VEX encoded AES instruction set     = 0 (1)
00:00:16.087466   VPCLMULQDQ - Supports the VPCLMULQDQ instruction        = 0 (1)
00:00:16.087466   AVX512_VNNI - Supports the AVX512_VNNI instructions     = 0 (0)
00:00:16.087467   AVX512_BITALG - Supports the AVX512_BITALG instructions = 0 (0)
00:00:16.087467   TME_EN - Supports 4 IA32_TME_ MSRs                      = 0 (0)
00:00:16.087468   AVX512_VPOPCNTDQ - Supports the AVX512_VPOPCNTDQ instructions = 0 (0)
00:00:16.087469   LA57 - 57-bit linear addresses                          = 0 (0)
00:00:16.087469   MAWAU - Value used by BNDLDX & BNDSTX                   = 0x0 (0x0)
00:00:16.087470   RDPID - Read processor ID support                       = 0 (1)
00:00:16.087471   KEY_LOCKER - Supports Key Locker                        = 0 (0)
00:00:16.087472   BUS_LOCK_DETECT - Supports OS bus-lock detection        = 0 (0)
00:00:16.087472   CLDEMOTE - Supports cache line demote                   = 0 (0)
00:00:16.087473   MOVDIRI - Supports the MOVDIRI instruction              = 0 (1)
00:00:16.087473   MOVDIRI64B - Supports the MOVDIRI64B instruction        = 0 (1)
00:00:16.087474   ENQCMD - Supports the Eqnqueue Stores                   = 0 (0)
00:00:16.087475   SGX_LC - Supports SGX Launch Configuration              = 0 (0)
00:00:16.087475   PKS - Supports protection keys for supervisor pages     = 0 (0)
00:00:16.087476   SGX_KEYS - Supports Attestation Service for Intel SGX   = 0 (0)
00:00:16.087476   AVX512_4VNNIW - Supports the AVX512_4VNNIW instructions = 0 (0)
00:00:16.087478   AVX512_4FMAPS - Supports the AVX512_4FMAPS instructions = 0 (0)
00:00:16.087479   FAST_SHORT_REP_MOVSB - Supports fast short REP MOVSB    = 0 (1)
00:00:16.087479   UINTR - Supports user interrupts                        = 0 (0)
00:00:16.087480   AVX512_VP2INTERSECT - Supports the AVX512_VP2INTERSECT instr. = 0 (0)
00:00:16.087481   MCU_OPT_CTRL - Supports IA32_MCU_OPT_CTRL               = 0 (0)
00:00:16.087481   MD_CLEAR - Supports MDS related buffer clearing         = 1 (1)
00:00:16.087482   RTM_ALWAYS_ABORT - XBEGIN always aborts and does fallback = 0 (0)
00:00:16.087482   RTM_FORCE_ABORT - Supports IA32_TSX_FORCE_ABORT         = 0 (0)
00:00:16.087483   SERIALIZE - Supports the SERIALIZE instruction          = 0 (1)
00:00:16.087483   HYBRID - Identifiers the CPU as a hybrid part           = 0 (1)
00:00:16.087484   TSXLDTRK - Supports susp/resume of TSX ld addr tracking = 0 (0)
00:00:16.087485   PCONFIG - Supports the PCONFIG instruction              = 0 (0)
00:00:16.087485   ARCH_LBRS - Supports architectural LBRs                 = 0 (1)
00:00:16.087486   CET_IBT - Supports indirect branch tracking w/ CET      = 0 (1)
00:00:16.087486   AMX_BF16 - Supports tile comp. ops on bfloat16 number   = 0 (0)
00:00:16.087487   AVX512_FP16 - Supports the FP16 data type with AVX512   = 0 (0)
00:00:16.087487   AMX_TILE - Supports the tile architecture               = 0 (0)
00:00:16.087488   AMX_INT8 - Supports tile comp. ops on 8-bit integers    = 0 (0)
00:00:16.087488   IBRS_IBPB - IA32_SPEC_CTRL.IBRS and IA32_PRED_CMD.IBPB  = 0 (1)
00:00:16.087489   STIBP - Supports IA32_SPEC_CTRL.STIBP                   = 0 (1)
00:00:16.087490   FLUSH_CMD - Supports IA32_FLUSH_CMD                     = 1 (1)
00:00:16.087490   ARCHCAP - Supports IA32_ARCH_CAP                        = 1 (1)
00:00:16.087491   CORECAP - Supports IA32_CORE_CAP                        = 0 (0)
00:00:16.087492   SSBD - Supports IA32_SPEC_CTRL.SSBD                     = 0 (1)
00:00:16.087492  Sub-leaf 2
00:00:16.087493   Mnemonic - Description                                  = Guest (Host)
00:00:16.087493   PSFD - Supports IA32_SPEC_CTRL[7] (PSFD)                = 0 (1)
00:00:16.087494   IPRED_CTRL - Supports IA32_SPEC_CTRL[4:3] (IPRED_DIS)   = 0 (0)
00:00:16.087494   RRSBA_CTRL - Supports IA32_SPEC_CTRL[6:5] (RRSBA_DIS)   = 0 (0)
00:00:16.087495   DDPD_U - Supports IA32_SPEC_CTRL[8] (DDPD_U)            = 0 (0)
00:00:16.087495   BHI_CTRL - Supports IA32_SPEC_CTRL[10] (BHI_DIS_S)      = 0 (1)
00:00:16.087496   MCDT_NO - No MXCSR Config Dependent Timing issues       = 0 (0)
00:00:16.087497   UC_LOCK_DIS - Supports UC-lock disable and causing #AC  = 0 (0)
00:00:16.087497   MONITOR_MITG_NO - No MONITOR/UMONITOR power issues      = 0 (0)
00:00:16.087498 Processor Extended State Enumeration (leaf 0xd):
00:00:16.087498    XSAVE area cur/max size by XCR0, Guest: 0x340/0x340
00:00:16.087499    XSAVE area cur/max size by XCR0,  Host: 0x340/0x340
00:00:16.087500                    Valid XCR0 bits, Guest: 0x00000000`00000007 ( x87 SSE YMM_Hi128 )
00:00:16.087501                    Valid XCR0 bits,  Host: 0x00000000`00000007 ( x87 SSE YMM_Hi128 )
00:00:16.087503                     XSAVE features, Guest
00:00:16.087503                     XSAVE features,  Host XSAVEOPT XSAVEC XGETBC1 XSAVES
00:00:16.087504       XSAVE area cur size XCR0|XSS, Guest: 0x350
00:00:16.087505       XSAVE area cur size XCR0|XSS,  Host: 0x350
00:00:16.087505                Valid IA32_XSS bits, Guest: 0x00000000`00000000
00:00:16.087506                Valid IA32_XSS bits,  Host: 0x00001800`00000000 ( 43 44 )
00:00:16.087507   State #2, Guest: off=0x0240, cb=0x0100 IA32_XSS-bit -- YMM_Hi128
00:00:16.087509   State #2,  Host:  off=0x0240, cb=0x0100 IA32_XSS-bit -- YMM_Hi128
00:00:16.087511   State #11,  Host:  off=0x0000, cb=0x0010 XCR0-bit -- 11
00:00:16.087512   State #12,  Host:  off=0x0000, cb=0x0018 XCR0-bit -- 12
00:00:16.087518          Raw Hypervisor CPUID Leaves
00:00:16.087518      Leaf/sub-leaf  eax      ebx      ecx      edx
00:00:16.087518 Gst: 40000000/0000  40000001 4b4d564b 564b4d56 0000004d
00:00:16.087519 Hst:                4000000c 7263694d 666f736f 76482074
00:00:16.087520 Gst: 40000001/0000  01000089 00000000 00000000 00000000
00:00:16.087520 Hst:                31237648 00000000 00000000 00000000
00:00:16.087521 Hst: 40000002/0000  000065f4 000a0000 00000007 00001e90
00:00:16.087522 Hst: 40000003/0000  00003fff 002bb9ff 00000262 75fefbf6
00:00:16.087523 Hst: 40000004/0000  00960e14 00000000 0000002e 00000000
00:00:16.087523 Hst: 40000005/0000  00000800 00000800 000005d0 00000000
00:00:16.087524 Hst: 40000006/0000  098200af 00000027 00000000 00000000
00:00:16.087524 Hst: 40000007/0000  80000007 0000000b 00000000 00000000
00:00:16.087525 Hst: 40000008/0000  00000000 00000000 00000000 00000000
00:00:16.087526 Hst: 40000009/0000  00000000 00000000 00000000 00000000
00:00:16.087526 Hst: 4000000a/0000  00000000 00000000 00000000 00000000
00:00:16.087527 Hst: 4000000b/0000  00000000 00000000 00000000 00000000
00:00:16.087527 Hst: 4000000c/0000  00000000 00000000 00000000 00000000
00:00:16.087528          Raw Extended CPUID Leaves
00:00:16.087528      Leaf/sub-leaf  eax      ebx      ecx      edx
00:00:16.087529 Gst: 80000000/0000  80000008 00000000 00000000 00000000
00:00:16.087529 Hst:                80000008 00000000 00000000 00000000
00:00:16.087530 Gst: 80000001/0000  00000000 00000000 00000121 28100800
00:00:16.087531 Hst:                00000000 00000000 00000121 2c100800
00:00:16.087531 Gst: 80000002/0000  68743331 6e654720 746e4920 52286c65
00:00:16.087532 Hst:                68743331 6e654720 746e4920 52286c65
00:00:16.087533 Gst: 80000003/0000  6f432029 54286572 6920294d 33312d33
00:00:16.087533 Hst:                6f432029 54286572 6920294d 33312d33
00:00:16.087534 Gst: 80000004/0000  00553531 00000000 00000000 00000000
00:00:16.087535 Hst:                00553531 00000000 00000000 00000000
00:00:16.087535 Gst: 80000005/0000  00000000 00000000 00000000 00000000
00:00:16.087536 Hst:                00000000 00000000 00000000 00000000
00:00:16.087536 Gst: 80000006/0000  00000000 00000000 05007040 00000000
00:00:16.087537 Hst:                00000000 00000000 05007040 00000000
00:00:16.087538 Gst: 80000007/0000  00000000 00000000 00000000 00000100
00:00:16.087538 Hst:                00000000 00000000 00000000 00000100
00:00:16.087539 Gst: 80000008/0000  00003027 00000000 00000000 00000000
00:00:16.087539 Hst:                00003027 00000000 00000000 00000000
00:00:16.087540 Ext Name:                        
00:00:16.087540 Ext Supports:                    0x80000000-0x80000008
00:00:16.087541 Family:                          0  	Extended: 0 	Effective: 0
00:00:16.087541 Model:                           0  	Extended: 0 	Effective: 0
00:00:16.087542 Stepping:                        0
00:00:16.087542 Brand ID:                        0x000
00:00:16.087543 Ext Features
00:00:16.087543   Mnemonic - Description                                  = Guest (Host)
00:00:16.087544   FPU - x87 FPU on Chip                                   = 0 (0)
00:00:16.087545   VME - Virtual 8086 Mode Enhancements                    = 0 (0)
00:00:16.087545   DE - Debugging extensions                               = 0 (0)
00:00:16.087546   PSE - Page Size Extension                               = 0 (0)
00:00:16.087547   TSC - Time Stamp Counter                                = 0 (0)
00:00:16.087548   MSR - K86 Model Specific Registers                      = 0 (0)
00:00:16.087548   PAE - Physical Address Extension                        = 0 (0)
00:00:16.087549   MCE - Machine Check Exception                           = 0 (0)
00:00:16.087549   CX8 - CMPXCHG8B instruction                             = 0 (0)
00:00:16.087550   APIC - APIC On-Chip                                     = 0 (0)
00:00:16.087551   SEP - SYSCALL/SYSRET                                    = 1 (1)
00:00:16.087552   MTRR - Memory Type Range Registers                      = 0 (0)
00:00:16.087552   PGE - PTE Global Bit                                    = 0 (0)
00:00:16.087553   MCA - Machine Check Architecture                        = 0 (0)
00:00:16.087554   CMOV - Conditional Move instructions                    = 0 (0)
00:00:16.087554   PAT - Page Attribute Table                              = 0 (0)
00:00:16.087555   PSE-36 - 36-bit Page Size Extension                     = 0 (0)
00:00:16.087556   NX - No-Execute/Execute-Disable                         = 1 (1)
00:00:16.087557   AXMMX - AMD Extensions to MMX instructions              = 0 (0)
00:00:16.087557   MMX - Intel MMX Technology                              = 0 (0)
00:00:16.087558   FXSR - FXSAVE and FXRSTOR Instructions                  = 0 (0)
00:00:16.087558   FFXSR - AMD fast FXSAVE and FXRSTOR instructions        = 0 (0)
00:00:16.087559   Page1GB - 1 GB large page                               = 0 (1)
00:00:16.087560   RDTSCP - RDTSCP instruction                             = 1 (1)
00:00:16.087561   LM - AMD64 Long Mode                                    = 1 (1)
00:00:16.087563   3DNOWEXT - AMD Extensions to 3DNow                      = 0 (0)
00:00:16.087564   3DNOW - AMD 3DNow                                       = 0 (0)
00:00:16.087565   LahfSahf - LAHF/SAHF support in 64-bit mode             = 1 (1)
00:00:16.087565   CmpLegacy - Core multi-processing legacy mode           = 0 (0)
00:00:16.087566   SVM - AMD Secure Virtual Machine extensions             = 0 (0)
00:00:16.087566   EXTAPIC - AMD Extended APIC registers                   = 0 (0)
00:00:16.087567   CR8L - AMD LOCK MOV CR0 means MOV CR8                   = 0 (0)
00:00:16.087568   ABM - AMD Advanced Bit Manipulation                     = 1 (1)
00:00:16.087568   SSE4A - SSE4A instructions                              = 0 (0)
00:00:16.087569   MISALIGNSSE - AMD Misaligned SSE mode                   = 0 (0)
00:00:16.087570   3DNOWPRF - AMD PREFETCH and PREFETCHW instructions      = 1 (1)
00:00:16.087570   OSVW - AMD OS Visible Workaround                        = 0 (0)
00:00:16.087571   IBS - Instruct Based Sampling                           = 0 (0)
00:00:16.087572   XOP - Extended Operation support                        = 0 (0)
00:00:16.087572   SKINIT - SKINIT, STGI, and DEV support                  = 0 (0)
00:00:16.087573   WDT - AMD Watchdog Timer support                        = 0 (0)
00:00:16.087574   LWP - Lightweight Profiling support                     = 0 (0)
00:00:16.087577   FMA4 - Four operand FMA instruction support             = 0 (0)
00:00:16.087577   TCE - Translation Cache Extension support               = 0 (0)
00:00:16.087578   NodeId - NodeId in MSR C001_100C                        = 0 (0)
00:00:16.087579   TBM - Trailing Bit Manipulation instructions            = 0 (0)
00:00:16.087579   TOPOEXT - Topology Extensions                           = 0 (0)
00:00:16.087580   PRFEXTCORE - Performance Counter Extensions support     = 0 (0)
00:00:16.087580   PRFEXTNB - NB Performance Counter Extensions support    = 0 (0)
00:00:16.087581   DATABPEXT - Data-access Breakpoint Extension            = 0 (0)
00:00:16.087582   PERFTSC - Performance Time Stamp Counter                = 0 (0)
00:00:16.087582   PCX_L2I - L2I/L3 Performance Counter Extensions         = 0 (0)
00:00:16.087583   MONITORX - MWAITX and MONITORX instructions             = 0 (0)
00:00:16.087583   AddrMaskExt - BP Addressing masking extended to bit 31  = 0 (0)
00:00:16.087584 Full Name:                       "13th Gen Intel(R) Core(TM) i3-1315U"
00:00:16.087585 TLB 2/4M Instr/Uni:              res0     0 entries
00:00:16.087585 TLB 2/4M Data:                   res0     0 entries
00:00:16.087586 TLB 4K Instr/Uni:                res0     0 entries
00:00:16.087586 TLB 4K Data:                     res0     0 entries
00:00:16.087586 L1 Instr Cache Line Size:        0 bytes
00:00:16.087586 L1 Instr Cache Lines Per Tag:    0
00:00:16.087587 L1 Instr Cache Associativity:    res0  
00:00:16.087587 L1 Instr Cache Size:             0 KB
00:00:16.087587 L1 Data Cache Line Size:         0 bytes
00:00:16.087588 L1 Data Cache Lines Per Tag:     0
00:00:16.087588 L1 Data Cache Associativity:     res0  
00:00:16.087588 L1 Data Cache Size:              0 KB
00:00:16.087588 L2 TLB 2/4M Instr/Uni:           off       0 entries
00:00:16.087589 L2 TLB 2/4M Data:                off       0 entries
00:00:16.087589 L2 TLB 4K Instr/Uni:             off       0 entries
00:00:16.087589 L2 TLB 4K Data:                  off       0 entries
00:00:16.087590 L2 Cache Line Size:              64 bytes
00:00:16.087590 L2 Cache Lines Per Tag:          0
00:00:16.087590 L2 Cache Associativity:          res7  
00:00:16.087590 L2 Cache Size:                   1280 KB
00:00:16.087593 L3 Cache Line Size:              0 bytes
00:00:16.087593 L3 Cache Lines Per Tag:          0
00:00:16.087594 L3 Cache Associativity:          off   
00:00:16.087594 L3 Cache Size:                   0 KB
00:00:16.087594 APM Features EDX
00:00:16.087595   Mnemonic - Description                                  = Guest (Host)
00:00:16.087597   TS - Temperature Sensor                                 = 0 (0)
00:00:16.087598   FID - Frequency ID control                              = 0 (0)
00:00:16.087598   VID - Voltage ID control                                = 0 (0)
00:00:16.087599   TTP - Thermal Trip                                      = 0 (0)
00:00:16.087600   TM - Hardware Thermal Control (HTC)                     = 0 (0)
00:00:16.087601   100MHzSteps - 100 MHz Multiplier control                = 0 (0)
00:00:16.087601   HwPstate - Hardware P-state control                     = 0 (0)
00:00:16.087602   TscInvariant - Invariant Time Stamp Counter             = 1 (1)
00:00:16.087603   CPB - Core Performance Boost                            = 0 (0)
00:00:16.087603   EffFreqRO - Read-only Effective Frequency Interface     = 0 (0)
00:00:16.087604   ProcFdbkIf - Processor Feedback Interface               = 0 (0)
00:00:16.087604   ProcPwrRep - Core power reporting interface support     = 0 (0)
00:00:16.087605   ConnectedStandby - Connected Standby                    = 0 (0)
00:00:16.087606   RAPL - Running average power limit                      = 0 (0)
00:00:16.087606 Physical Address Width:          39 bits
00:00:16.087607 Virtual Address Width:           48 bits
00:00:16.087607 Max page count for INVLPGB:      0x3027
00:00:16.087608 Max ECX for RDPRU:               0x0
00:00:16.087612 ********************* End of CPUID dump *********************
00:00:16.087659 VMEmt: Halt method global1 (5)
00:00:16.087740 VMEmt: HaltedGlobal1 config: cNsSpinBlockThresholdCfg=50000
00:00:16.087788 Changing the VM state from 'CREATING' to 'CREATED'
00:00:16.089772 NAT: DNS settings changed, triggering update
00:00:16.089789 NAT DNS Update: Stored 553974675 as nameserver #0
00:00:16.089796 NAT DNS Update: Stored 168229779 as nameserver #1
00:00:16.089802 NAT DNS Update: Stored 2 total nameservers
00:00:16.090147 Changing the VM state from 'CREATED' to 'POWERING_ON'
00:00:16.090385 VMSVGA3d: cap[0]=0x00000000 {3D}
00:00:16.090388 VMSVGA3d: cap[1]=0x00000000 {MAX_LIGHTS}
00:00:16.090389 VMSVGA3d: cap[2]=0x00000000 {MAX_TEXTURES}
00:00:16.090389 VMSVGA3d: cap[3]=0x00000000 {MAX_CLIP_PLANES}
00:00:16.090390 VMSVGA3d: cap[4]=0x00000000 {VERTEX_SHADER_VERSION}
00:00:16.090390 VMSVGA3d: cap[5]=0x00000000 {VERTEX_SHADER}
00:00:16.090391 VMSVGA3d: cap[6]=0x00000000 {FRAGMENT_SHADER_VERSION}
00:00:16.090391 VMSVGA3d: cap[7]=0x00000000 {FRAGMENT_SHADER}
00:00:16.090392 VMSVGA3d: cap[8]=0x00000000 {MAX_RENDER_TARGETS}
00:00:16.090392 VMSVGA3d: cap[9]=0x00000000 {S23E8_TEXTURES}
00:00:16.090392 VMSVGA3d: cap[10]=0x00000000 {S10E5_TEXTURES}
00:00:16.090393 VMSVGA3d: cap[11]=0x00000000 {MAX_FIXED_VERTEXBLEND}
00:00:16.090393 VMSVGA3d: cap[12]=0x00000000 {D16_BUFFER_FORMAT}
00:00:16.090394 VMSVGA3d: cap[13]=0x00000000 {D24S8_BUFFER_FORMAT}
00:00:16.090394 VMSVGA3d: cap[14]=0x00000000 {D24X8_BUFFER_FORMAT}
00:00:16.090394 VMSVGA3d: cap[15]=0x00000000 {QUERY_TYPES}
00:00:16.090395 VMSVGA3d: cap[16]=0x00000000 {TEXTURE_GRADIENT_SAMPLING}
00:00:16.090395 VMSVGA3d: cap[17]=0.000000 {MAX_POINT_SIZE}
00:00:16.090396 VMSVGA3d: cap[18]=0x00000000 {MAX_SHADER_TEXTURES}
00:00:16.090396 VMSVGA3d: cap[19]=0x00004000 {MAX_TEXTURE_WIDTH}
00:00:16.090398 VMSVGA3d: cap[20]=0x00004000 {MAX_TEXTURE_HEIGHT}
00:00:16.090399 VMSVGA3d: cap[21]=0x00000000 {MAX_VOLUME_EXTENT}
00:00:16.090399 VMSVGA3d: cap[22]=0x00000000 {MAX_TEXTURE_REPEAT}
00:00:16.090400 VMSVGA3d: cap[23]=0x00000000 {MAX_TEXTURE_ASPECT_RATIO}
00:00:16.090400 VMSVGA3d: cap[24]=0x00000000 {MAX_TEXTURE_ANISOTROPY}
00:00:16.090400 VMSVGA3d: cap[25]=0x00000000 {MAX_PRIMITIVE_COUNT}
00:00:16.090401 VMSVGA3d: cap[26]=0x00000000 {MAX_VERTEX_INDEX}
00:00:16.090401 VMSVGA3d: cap[27]=0x00000000 {MAX_VERTEX_SHADER_INSTRUCTIONS}
00:00:16.090401 VMSVGA3d: cap[28]=0x00000000 {MAX_FRAGMENT_SHADER_INSTRUCTIONS}
00:00:16.090402 VMSVGA3d: cap[29]=0x00000000 {MAX_VERTEX_SHADER_TEMPS}
00:00:16.090402 VMSVGA3d: cap[30]=0x00000000 {MAX_FRAGMENT_SHADER_TEMPS}
00:00:16.090404 VMSVGA3d: cap[31]=0x00000000 {TEXTURE_OPS}
00:00:16.090404 VMSVGA3d: cap[32]=0x00000000 {SURFACEFMT_X8R8G8B8}
00:00:16.090405 VMSVGA3d: cap[33]=0x00000000 {SURFACEFMT_A8R8G8B8}
00:00:16.090405 VMSVGA3d: cap[34]=0x00000000 {SURFACEFMT_A2R10G10B10}
00:00:16.090406 VMSVGA3d: cap[35]=0x00000000 {SURFACEFMT_X1R5G5B5}
00:00:16.090406 VMSVGA3d: cap[36]=0x00000000 {SURFACEFMT_A1R5G5B5}
00:00:16.090406 VMSVGA3d: cap[37]=0x00000000 {SURFACEFMT_A4R4G4B4}
00:00:16.090407 VMSVGA3d: cap[38]=0x00000000 {SURFACEFMT_R5G6B5}
00:00:16.090407 VMSVGA3d: cap[39]=0x00000000 {SURFACEFMT_LUMINANCE16}
00:00:16.090407 VMSVGA3d: cap[40]=0x00000000 {SURFACEFMT_LUMINANCE8_ALPHA8}
00:00:16.090408 VMSVGA3d: cap[41]=0x00000000 {SURFACEFMT_ALPHA8}
00:00:16.090408 VMSVGA3d: cap[42]=0x00000000 {SURFACEFMT_LUMINANCE8}
00:00:16.090409 VMSVGA3d: cap[43]=0x00000000 {SURFACEFMT_Z_D16}
00:00:16.090409 VMSVGA3d: cap[44]=0x00000000 {SURFACEFMT_Z_D24S8}
00:00:16.090409 VMSVGA3d: cap[45]=0x00000000 {SURFACEFMT_Z_D24X8}
00:00:16.090410 VMSVGA3d: cap[46]=0x00000000 {SURFACEFMT_DXT1}
00:00:16.090410 VMSVGA3d: cap[47]=0x00000000 {SURFACEFMT_DXT2}
00:00:16.090410 VMSVGA3d: cap[48]=0x00000000 {SURFACEFMT_DXT3}
00:00:16.090411 VMSVGA3d: cap[49]=0x00000000 {SURFACEFMT_DXT4}
00:00:16.090411 VMSVGA3d: cap[50]=0x00000000 {SURFACEFMT_DXT5}
00:00:16.090412 VMSVGA3d: cap[51]=0x00000000 {SURFACEFMT_BUMPX8L8V8U8}
00:00:16.090412 VMSVGA3d: cap[52]=0x00000000 {SURFACEFMT_A2W10V10U10}
00:00:16.090412 VMSVGA3d: cap[53]=0x00000000 {SURFACEFMT_BUMPU8V8}
00:00:16.090413 VMSVGA3d: cap[54]=0x00000000 {SURFACEFMT_Q8W8V8U8}
00:00:16.090413 VMSVGA3d: cap[55]=0x00000000 {SURFACEFMT_CxV8U8}
00:00:16.090413 VMSVGA3d: cap[56]=0x00000000 {SURFACEFMT_R_S10E5}
00:00:16.090414 VMSVGA3d: cap[57]=0x00000000 {SURFACEFMT_R_S23E8}
00:00:16.090414 VMSVGA3d: cap[58]=0x00000000 {SURFACEFMT_RG_S10E5}
00:00:16.090415 VMSVGA3d: cap[59]=0x00000000 {SURFACEFMT_RG_S23E8}
00:00:16.090415 VMSVGA3d: cap[60]=0x00000000 {SURFACEFMT_ARGB_S10E5}
00:00:16.090415 VMSVGA3d: cap[61]=0x00000000 {SURFACEFMT_ARGB_S23E8}
00:00:16.090416 VMSVGA3d: cap[62]=0x00000000 {MISSING62}
00:00:16.090416 VMSVGA3d: cap[63]=0x00000000 {MAX_VERTEX_SHADER_TEXTURES}
00:00:16.090416 VMSVGA3d: cap[64]=0x00000000 {MAX_SIMULTANEOUS_RENDER_TARGETS}
00:00:16.090417 VMSVGA3d: cap[65]=0x00000000 {SURFACEFMT_V16U16}
00:00:16.090417 VMSVGA3d: cap[66]=0x00000000 {SURFACEFMT_G16R16}
00:00:16.090418 VMSVGA3d: cap[67]=0x00000000 {SURFACEFMT_A16B16G16R16}
00:00:16.090418 VMSVGA3d: cap[68]=0x00000000 {SURFACEFMT_UYVY}
00:00:16.090418 VMSVGA3d: cap[69]=0x00000000 {SURFACEFMT_YUY2}
00:00:16.090419 VMSVGA3d: cap[70]=0x00000000 {DEAD4}
00:00:16.090419 VMSVGA3d: cap[71]=0x00000000 {DEAD5}
00:00:16.090420 VMSVGA3d: cap[72]=0x00000000 {DEAD7}
00:00:16.090420 VMSVGA3d: cap[73]=0x00000000 {DEAD6}
00:00:16.090420 VMSVGA3d: cap[74]=0x00000000 {AUTOGENMIPMAPS}
00:00:16.090421 VMSVGA3d: cap[75]=0x00000000 {SURFACEFMT_NV12}
00:00:16.090421 VMSVGA3d: cap[76]=0x00000000 {DEAD10}
00:00:16.090421 VMSVGA3d: cap[77]=0x00000000 {MAX_CONTEXT_IDS}
00:00:16.090422 VMSVGA3d: cap[78]=0x00000000 {MAX_SURFACE_IDS}
00:00:16.090422 VMSVGA3d: cap[79]=0x00000000 {SURFACEFMT_Z_DF16}
00:00:16.090422 VMSVGA3d: cap[80]=0x00000000 {SURFACEFMT_Z_DF24}
00:00:16.090423 VMSVGA3d: cap[81]=0x00000000 {SURFACEFMT_Z_D24S8_INT}
00:00:16.090423 VMSVGA3d: cap[82]=0x00000000 {SURFACEFMT_ATI1}
00:00:16.090424 VMSVGA3d: cap[83]=0x00000000 {SURFACEFMT_ATI2}
00:00:16.090424 VMSVGA3d: cap[84]=0x00000000 {DEAD1}
00:00:16.090424 VMSVGA3d: cap[85]=0x00000000 {DEAD8}
00:00:16.090425 VMSVGA3d: cap[86]=0x00000000 {DEAD9}
00:00:16.090425 VMSVGA3d: cap[87]=0x00000000 {LINE_AA}
00:00:16.090425 VMSVGA3d: cap[88]=0x00000000 {LINE_STIPPLE}
00:00:16.090426 VMSVGA3d: cap[89]=0.000000 {MAX_LINE_WIDTH}
00:00:16.090426 VMSVGA3d: cap[90]=0.000000 {MAX_AA_LINE_WIDTH}
00:00:16.090427 VMSVGA3d: cap[91]=0x00000000 {SURFACEFMT_YV12}
00:00:16.090427 VMSVGA3d: cap[92]=0x00000000 {DEAD3}
00:00:16.090427 VMSVGA3d: cap[93]=0x00000000 {TS_COLOR_KEY}
00:00:16.090428 VMSVGA3d: cap[94]=0x00000000 {DEAD2}
00:00:16.090428 VMSVGA3d: cap[95]=0x00000000 {DXCONTEXT}
00:00:16.090429 VMSVGA3d: cap[96]=0x00000000 {DEAD11}
00:00:16.090429 VMSVGA3d: cap[97]=0x00000000 {DX_MAX_VERTEXBUFFERS}
00:00:16.090429 VMSVGA3d: cap[98]=0x00000000 {DX_MAX_CONSTANT_BUFFERS}
00:00:16.090430 VMSVGA3d: cap[99]=0x00000000 {DX_PROVOKING_VERTEX}
00:00:16.090430 VMSVGA3d: cap[100]=0x00000005 {DXFMT_X8R8G8B8}
00:00:16.090431 VMSVGA3d: cap[101]=0x00000000 {DXFMT_A8R8G8B8}
00:00:16.090431 VMSVGA3d: cap[102]=0x00000000 {DXFMT_R5G6B5}
00:00:16.090431 VMSVGA3d: cap[103]=0x00000000 {DXFMT_X1R5G5B5}
00:00:16.090432 VMSVGA3d: cap[104]=0x00000000 {DXFMT_A1R5G5B5}
00:00:16.090432 VMSVGA3d: cap[105]=0x00000000 {DXFMT_A4R4G4B4}
00:00:16.090432 VMSVGA3d: cap[106]=0x00000000 {DXFMT_Z_D32}
00:00:16.090433 VMSVGA3d: cap[107]=0x00000000 {DXFMT_Z_D16}
00:00:16.090433 VMSVGA3d: cap[108]=0x00000000 {DXFMT_Z_D24S8}
00:00:16.090434 VMSVGA3d: cap[109]=0x00000000 {DXFMT_Z_D15S1}
00:00:16.090434 VMSVGA3d: cap[110]=0x00000000 {DXFMT_LUMINANCE8}
00:00:16.090434 VMSVGA3d: cap[111]=0x00000000 {DXFMT_LUMINANCE4_ALPHA4}
00:00:16.090435 VMSVGA3d: cap[112]=0x00000000 {DXFMT_LUMINANCE16}
00:00:16.090435 VMSVGA3d: cap[113]=0x00000000 {DXFMT_LUMINANCE8_ALPHA8}
00:00:16.090435 VMSVGA3d: cap[114]=0x00000000 {DXFMT_DXT1}
00:00:16.090436 VMSVGA3d: cap[115]=0x00000000 {DXFMT_DXT2}
00:00:16.090436 VMSVGA3d: cap[116]=0x00000000 {DXFMT_DXT3}
00:00:16.090437 VMSVGA3d: cap[117]=0x00000000 {DXFMT_DXT4}
00:00:16.090437 VMSVGA3d: cap[118]=0x00000000 {DXFMT_DXT5}
00:00:16.090437 VMSVGA3d: cap[119]=0x00000000 {DXFMT_BUMPU8V8}
00:00:16.090438 VMSVGA3d: cap[120]=0x00000000 {DXFMT_BUMPL6V5U5}
00:00:16.090438 VMSVGA3d: cap[121]=0x00000000 {DXFMT_BUMPX8L8V8U8}
00:00:16.090438 VMSVGA3d: cap[122]=0x00000000 {DXFMT_FORMAT_DEAD1}
00:00:16.090439 VMSVGA3d: cap[123]=0x00000000 {DXFMT_ARGB_S10E5}
00:00:16.090439 VMSVGA3d: cap[124]=0x00000000 {DXFMT_ARGB_S23E8}
00:00:16.090439 VMSVGA3d: cap[125]=0x00000000 {DXFMT_A2R10G10B10}
00:00:16.090440 VMSVGA3d: cap[126]=0x00000000 {DXFMT_V8U8}
00:00:16.090440 VMSVGA3d: cap[127]=0x00000000 {DXFMT_Q8W8V8U8}
00:00:16.090441 VMSVGA3d: cap[128]=0x00000000 {DXFMT_CxV8U8}
00:00:16.090441 VMSVGA3d: cap[129]=0x00000000 {DXFMT_X8L8V8U8}
00:00:16.090441 VMSVGA3d: cap[130]=0x00000000 {DXFMT_A2W10V10U10}
00:00:16.090442 VMSVGA3d: cap[131]=0x00000000 {DXFMT_ALPHA8}
00:00:16.090442 VMSVGA3d: cap[132]=0x00000000 {DXFMT_R_S10E5}
00:00:16.090442 VMSVGA3d: cap[133]=0x00000000 {DXFMT_R_S23E8}
00:00:16.090443 VMSVGA3d: cap[134]=0x00000000 {DXFMT_RG_S10E5}
00:00:16.090443 VMSVGA3d: cap[135]=0x00000000 {DXFMT_RG_S23E8}
00:00:16.090444 VMSVGA3d: cap[136]=0x00000000 {DXFMT_BUFFER}
00:00:16.090444 VMSVGA3d: cap[137]=0x00000000 {DXFMT_Z_D24X8}
00:00:16.090444 VMSVGA3d: cap[138]=0x00000000 {DXFMT_V16U16}
00:00:16.090445 VMSVGA3d: cap[139]=0x00000000 {DXFMT_G16R16}
00:00:16.090447 VMSVGA3d: cap[140]=0x00000000 {DXFMT_A16B16G16R16}
00:00:16.090447 VMSVGA3d: cap[141]=0x00000000 {DXFMT_UYVY}
00:00:16.090448 VMSVGA3d: cap[142]=0x00000000 {DXFMT_YUY2}
00:00:16.090448 VMSVGA3d: cap[143]=0x00000000 {DXFMT_NV12}
00:00:16.090448 VMSVGA3d: cap[144]=0x00000000 {DXFMT_FORMAT_DEAD2}
00:00:16.090449 VMSVGA3d: cap[145]=0x00000000 {DXFMT_R32G32B32A32_TYPELESS}
00:00:16.090449 VMSVGA3d: cap[146]=0x00000000 {DXFMT_R32G32B32A32_UINT}
00:00:16.090449 VMSVGA3d: cap[147]=0x00000000 {DXFMT_R32G32B32A32_SINT}
00:00:16.090450 VMSVGA3d: cap[148]=0x00000000 {DXFMT_R32G32B32_TYPELESS}
00:00:16.090450 VMSVGA3d: cap[149]=0x00000000 {DXFMT_R32G32B32_FLOAT}
00:00:16.090451 VMSVGA3d: cap[150]=0x00000000 {DXFMT_R32G32B32_UINT}
00:00:16.090451 VMSVGA3d: cap[151]=0x00000000 {DXFMT_R32G32B32_SINT}
00:00:16.090451 VMSVGA3d: cap[152]=0x00000000 {DXFMT_R16G16B16A16_TYPELESS}
00:00:16.090452 VMSVGA3d: cap[153]=0x00000000 {DXFMT_R16G16B16A16_UINT}
00:00:16.090452 VMSVGA3d: cap[154]=0x00000000 {DXFMT_R16G16B16A16_SNORM}
00:00:16.090452 VMSVGA3d: cap[155]=0x00000000 {DXFMT_R16G16B16A16_SINT}
00:00:16.090453 VMSVGA3d: cap[156]=0x00000000 {DXFMT_R32G32_TYPELESS}
00:00:16.090453 VMSVGA3d: cap[157]=0x00000000 {DXFMT_R32G32_UINT}
00:00:16.090453 VMSVGA3d: cap[158]=0x00000000 {DXFMT_R32G32_SINT}
00:00:16.090454 VMSVGA3d: cap[159]=0x00000000 {DXFMT_R32G8X24_TYPELESS}
00:00:16.090454 VMSVGA3d: cap[160]=0x00000000 {DXFMT_D32_FLOAT_S8X24_UINT}
00:00:16.090455 VMSVGA3d: cap[161]=0x00000000 {DXFMT_R32_FLOAT_X8X24}
00:00:16.090455 VMSVGA3d: cap[162]=0x00000000 {DXFMT_X32_G8X24_UINT}
00:00:16.090455 VMSVGA3d: cap[163]=0x00000000 {DXFMT_R10G10B10A2_TYPELESS}
00:00:16.090456 VMSVGA3d: cap[164]=0x00000000 {DXFMT_R10G10B10A2_UINT}
00:00:16.090456 VMSVGA3d: cap[165]=0x00000000 {DXFMT_R11G11B10_FLOAT}
00:00:16.090456 VMSVGA3d: cap[166]=0x00000000 {DXFMT_R8G8B8A8_TYPELESS}
00:00:16.090457 VMSVGA3d: cap[167]=0x00000000 {DXFMT_R8G8B8A8_UNORM}
00:00:16.090457 VMSVGA3d: cap[168]=0x00000000 {DXFMT_R8G8B8A8_UNORM_SRGB}
00:00:16.090458 VMSVGA3d: cap[169]=0x00000000 {DXFMT_R8G8B8A8_UINT}
00:00:16.090458 VMSVGA3d: cap[170]=0x00000000 {DXFMT_R8G8B8A8_SINT}
00:00:16.090458 VMSVGA3d: cap[171]=0x00000000 {DXFMT_R16G16_TYPELESS}
00:00:16.090459 VMSVGA3d: cap[172]=0x00000000 {DXFMT_R16G16_UINT}
00:00:16.090459 VMSVGA3d: cap[173]=0x00000000 {DXFMT_R16G16_SINT}
00:00:16.090459 VMSVGA3d: cap[174]=0x00000000 {DXFMT_R32_TYPELESS}
00:00:16.090460 VMSVGA3d: cap[175]=0x00000000 {DXFMT_D32_FLOAT}
00:00:16.090460 VMSVGA3d: cap[176]=0x00000000 {DXFMT_R32_UINT}
00:00:16.090461 VMSVGA3d: cap[177]=0x00000000 {DXFMT_R32_SINT}
00:00:16.090461 VMSVGA3d: cap[178]=0x00000000 {DXFMT_R24G8_TYPELESS}
00:00:16.090461 VMSVGA3d: cap[179]=0x00000000 {DXFMT_D24_UNORM_S8_UINT}
00:00:16.090462 VMSVGA3d: cap[180]=0x00000000 {DXFMT_R24_UNORM_X8}
00:00:16.090462 VMSVGA3d: cap[181]=0x00000000 {DXFMT_X24_G8_UINT}
00:00:16.090462 VMSVGA3d: cap[182]=0x00000000 {DXFMT_R8G8_TYPELESS}
00:00:16.090463 VMSVGA3d: cap[183]=0x00000000 {DXFMT_R8G8_UNORM}
00:00:16.090463 VMSVGA3d: cap[184]=0x00000000 {DXFMT_R8G8_UINT}
00:00:16.090464 VMSVGA3d: cap[185]=0x00000000 {DXFMT_R8G8_SINT}
00:00:16.090464 VMSVGA3d: cap[186]=0x00000000 {DXFMT_R16_TYPELESS}
00:00:16.090464 VMSVGA3d: cap[187]=0x00000000 {DXFMT_R16_UNORM}
00:00:16.090465 VMSVGA3d: cap[188]=0x00000000 {DXFMT_R16_UINT}
00:00:16.090465 VMSVGA3d: cap[189]=0x00000000 {DXFMT_R16_SNORM}
00:00:16.090465 VMSVGA3d: cap[190]=0x00000000 {DXFMT_R16_SINT}
00:00:16.090466 VMSVGA3d: cap[191]=0x00000000 {DXFMT_R8_TYPELESS}
00:00:16.090466 VMSVGA3d: cap[192]=0x00000000 {DXFMT_R8_UNORM}
00:00:16.090466 VMSVGA3d: cap[193]=0x00000000 {DXFMT_R8_UINT}
00:00:16.090467 VMSVGA3d: cap[194]=0x00000000 {DXFMT_R8_SNORM}
00:00:16.090467 VMSVGA3d: cap[195]=0x00000000 {DXFMT_R8_SINT}
00:00:16.090468 VMSVGA3d: cap[196]=0x00000000 {DXFMT_P8}
00:00:16.090468 VMSVGA3d: cap[197]=0x00000000 {DXFMT_R9G9B9E5_SHAREDEXP}
00:00:16.090468 VMSVGA3d: cap[198]=0x00000000 {DXFMT_R8G8_B8G8_UNORM}
00:00:16.090469 VMSVGA3d: cap[199]=0x00000000 {DXFMT_G8R8_G8B8_UNORM}
00:00:16.090469 VMSVGA3d: cap[200]=0x00000000 {DXFMT_BC1_TYPELESS}
00:00:16.090469 VMSVGA3d: cap[201]=0x00000000 {DXFMT_BC1_UNORM_SRGB}
00:00:16.090470 VMSVGA3d: cap[202]=0x00000000 {DXFMT_BC2_TYPELESS}
00:00:16.090470 VMSVGA3d: cap[203]=0x00000000 {DXFMT_BC2_UNORM_SRGB}
00:00:16.090470 VMSVGA3d: cap[204]=0x00000000 {DXFMT_BC3_TYPELESS}
00:00:16.090471 VMSVGA3d: cap[205]=0x00000000 {DXFMT_BC3_UNORM_SRGB}
00:00:16.090471 VMSVGA3d: cap[206]=0x00000000 {DXFMT_BC4_TYPELESS}
00:00:16.090472 VMSVGA3d: cap[207]=0x00000000 {DXFMT_ATI1}
00:00:16.090472 VMSVGA3d: cap[208]=0x00000000 {DXFMT_BC4_SNORM}
00:00:16.090472 VMSVGA3d: cap[209]=0x00000000 {DXFMT_BC5_TYPELESS}
00:00:16.090473 VMSVGA3d: cap[210]=0x00000000 {DXFMT_ATI2}
00:00:16.090473 VMSVGA3d: cap[211]=0x00000000 {DXFMT_BC5_SNORM}
00:00:16.090473 VMSVGA3d: cap[212]=0x00000000 {DXFMT_R10G10B10_XR_BIAS_A2_UNORM}
00:00:16.090474 VMSVGA3d: cap[213]=0x00000000 {DXFMT_B8G8R8A8_TYPELESS}
00:00:16.090474 VMSVGA3d: cap[214]=0x00000000 {DXFMT_B8G8R8A8_UNORM_SRGB}
00:00:16.090475 VMSVGA3d: cap[215]=0x00000000 {DXFMT_B8G8R8X8_TYPELESS}
00:00:16.090475 VMSVGA3d: cap[216]=0x00000000 {DXFMT_B8G8R8X8_UNORM_SRGB}
00:00:16.090475 VMSVGA3d: cap[217]=0x00000000 {DXFMT_Z_DF16}
00:00:16.090476 VMSVGA3d: cap[218]=0x00000000 {DXFMT_Z_DF24}
00:00:16.090476 VMSVGA3d: cap[219]=0x00000000 {DXFMT_Z_D24S8_INT}
00:00:16.090476 VMSVGA3d: cap[220]=0x00000000 {DXFMT_YV12}
00:00:16.090477 VMSVGA3d: cap[221]=0x00000000 {DXFMT_R32G32B32A32_FLOAT}
00:00:16.090477 VMSVGA3d: cap[222]=0x00000000 {DXFMT_R16G16B16A16_FLOAT}
00:00:16.090477 VMSVGA3d: cap[223]=0x00000000 {DXFMT_R16G16B16A16_UNORM}
00:00:16.090478 VMSVGA3d: cap[224]=0x00000000 {DXFMT_R32G32_FLOAT}
00:00:16.090478 VMSVGA3d: cap[225]=0x00000000 {DXFMT_R10G10B10A2_UNORM}
00:00:16.090479 VMSVGA3d: cap[226]=0x00000000 {DXFMT_R8G8B8A8_SNORM}
00:00:16.090479 VMSVGA3d: cap[227]=0x00000000 {DXFMT_R16G16_FLOAT}
00:00:16.090479 VMSVGA3d: cap[228]=0x00000000 {DXFMT_R16G16_UNORM}
00:00:16.090480 VMSVGA3d: cap[229]=0x00000000 {DXFMT_R16G16_SNORM}
00:00:16.090480 VMSVGA3d: cap[230]=0x00000000 {DXFMT_R32_FLOAT}
00:00:16.090480 VMSVGA3d: cap[231]=0x00000000 {DXFMT_R8G8_SNORM}
00:00:16.090481 VMSVGA3d: cap[232]=0x00000000 {DXFMT_R16_FLOAT}
00:00:16.090481 VMSVGA3d: cap[233]=0x00000000 {DXFMT_D16_UNORM}
00:00:16.090482 VMSVGA3d: cap[234]=0x00000000 {DXFMT_A8_UNORM}
00:00:16.090482 VMSVGA3d: cap[235]=0x00000000 {DXFMT_BC1_UNORM}
00:00:16.090482 VMSVGA3d: cap[236]=0x00000000 {DXFMT_BC2_UNORM}
00:00:16.090483 VMSVGA3d: cap[237]=0x00000000 {DXFMT_BC3_UNORM}
00:00:16.090483 VMSVGA3d: cap[238]=0x00000000 {DXFMT_B5G6R5_UNORM}
00:00:16.090483 VMSVGA3d: cap[239]=0x00000000 {DXFMT_B5G5R5A1_UNORM}
00:00:16.090484 VMSVGA3d: cap[240]=0x00000000 {DXFMT_B8G8R8A8_UNORM}
00:00:16.090484 VMSVGA3d: cap[241]=0x00000000 {DXFMT_B8G8R8X8_UNORM}
00:00:16.090485 VMSVGA3d: cap[242]=0x00000000 {DXFMT_BC4_UNORM}
00:00:16.090485 VMSVGA3d: cap[243]=0x00000000 {DXFMT_BC5_UNORM}
00:00:16.090485 VMSVGA3d: cap[244]=0x00000000 {SM41}
00:00:16.090486 VMSVGA3d: cap[245]=0x00000000 {MULTISAMPLE_2X}
00:00:16.090486 VMSVGA3d: cap[246]=0x00000000 {MULTISAMPLE_4X}
00:00:16.090487 VMSVGA3d: cap[247]=0x00000000 {MS_FULL_QUALITY}
00:00:16.090487 VMSVGA3d: cap[248]=0x00000000 {LOGICOPS}
00:00:16.090487 VMSVGA3d: cap[249]=0x00000000 {LOGIC_BLENDOPS}
00:00:16.090488 VMSVGA3d: cap[250]=0x00000000 {RESERVED_1}
00:00:16.090488 VMSVGA3d: cap[251]=0x00000000 {DXFMT_BC6H_TYPELESS}
00:00:16.090490 VMSVGA3d: cap[252]=0x00000000 {DXFMT_BC6H_UF16}
00:00:16.090490 VMSVGA3d: cap[253]=0x00000000 {DXFMT_BC6H_SF16}
00:00:16.090491 VMSVGA3d: cap[254]=0x00000000 {DXFMT_BC7_TYPELESS}
00:00:16.090491 VMSVGA3d: cap[255]=0x00000000 {DXFMT_BC7_UNORM}
00:00:16.090491 VMSVGA3d: cap[256]=0x00000000 {DXFMT_BC7_UNORM_SRGB}
00:00:16.090492 VMSVGA3d: cap[257]=0x00000000 {RESERVED_2}
00:00:16.090492 VMSVGA3d: cap[258]=0x00000000 {SM5}
00:00:16.090492 VMSVGA3d: cap[259]=0x00000000 {MULTISAMPLE_8X}
00:00:16.090497 AIOMgr: Endpoints without assigned bandwidth groups:
00:00:16.090529 AIOMgr:     C:\Users\Asus\VirtualBox VMs\Ubuntu-HW2\Ubuntu-HW2.vdi
00:00:16.090948 Changing the VM state from 'POWERING_ON' to 'RUNNING'
00:00:16.090972 Console: Machine state changed to 'Running'
00:00:16.096630 VMMDev: Guest Log: BIOS: VirtualBox 7.2.6
00:00:16.097809 PCI: Setting up resources and interrupts
00:00:16.099417 PIT: mode=2 count=0x10000 (65536) - 18.20 Hz (ch=0)
00:00:16.136541 Display::i_handleDisplayResize: uScreenId=0 pvVRAM=0000000000000000 w=720 h=400 bpp=0 cbLine=0x0 flags=0x0 origin=0,0
00:00:16.163081 VMMDev: Guest Log: CPUID EDX: 0x178bfbff
00:00:16.163333 PIIX3 ATA: Ctl#0: RESET, DevSel=0 AIOIf=0 CmdIf0=0x00 (-1 usec ago) CmdIf1=0x00 (-1 usec ago)
00:00:16.163410 PIIX3 ATA: Ctl#0: finished processing RESET
00:00:16.166051 AHCI#0: Reset the HBA
00:00:16.166085 VD#0: Cancelling all active requests
00:00:16.166172 AHCI#0: Port 0 reset
00:00:16.166212 VD#0: Cancelling all active requests
00:00:16.167626 VMMDev: Guest Log: BIOS: AHCI 0-P#0: PCHS=16383/16/63 LCHS=1024/255/63 0x0000000003200000 sectors
00:00:16.211116 PIT: mode=2 count=0x48d3 (18643) - 64.00 Hz (ch=0)
00:00:16.228029 Display::i_handleDisplayResize: uScreenId=0 pvVRAM=000001bc07200000 w=640 h=480 bpp=32 cbLine=0xA00 flags=0x0 origin=0,0
00:00:16.268472 GUI: UIMachineLogicNormal::sltCheckForRequestedVisualStateType: Requested-state=1, Machine-state=6
00:00:18.684485 Display::i_handleDisplayResize: uScreenId=0 pvVRAM=0000000000000000 w=720 h=400 bpp=0 cbLine=0x0 flags=0x0 origin=0,0
00:00:18.686308 PIT: mode=2 count=0x10000 (65536) - 18.20 Hz (ch=0)
00:00:18.686468 VMMDev: Guest Log: BIOS: Boot : bseqnr=1, bootseq=0231
00:00:18.686602 VMMDev: Guest Log: BIOS: Boot from Floppy 0 failed
00:00:18.686737 VMMDev: Guest Log: BIOS: Boot : bseqnr=2, bootseq=0023
00:00:18.687394 VMMDev: Guest Log: BIOS: CDROM boot failure code : 0003
00:00:18.687596 VMMDev: Guest Log: BIOS: Boot from CD-ROM failed
00:00:18.687831 VMMDev: Guest Log: BIOS: Boot : bseqnr=3, bootseq=0002
00:00:18.688347 VMMDev: Guest Log: BIOS: Boot from Hard Disk 0 failed
00:00:18.689227 VMMDev: Guest Log: BIOS: No bootable medium found!
00:00:18.690669 VMMDev: Guest Log: BIOS: Please insert a bootable medium and reboot.
00:00:18.690867 VMMDev: Guest Log: BIOS: Boot : bseqnr=4, bootseq=0000
00:00:18.690956 VMMDev: Guest Log: BIOS: INT18: BOOT FAILURE
00:00:18.690966 PcBios: Boot failure
00:00:18.690975 VM: Raising runtime error 'VMBootFail' (fFlags=0x0)
00:00:18.690985 Console: VM runtime error: fatal=false, errorID=VMBootFail message="The VM failed to boot. This is possibly caused by not having an operating system installed or a misconfigured boot order. Maybe picking a guest OS install DVD will resolve the situation"
00:00:19.007641 GUI: UIMediumEnumerator: Medium-enumeration finished!
00:00:45.924524 Changing the VM state from 'RUNNING' to 'SUSPENDING'
00:00:45.928742 AIOMgr: Endpoint for file 'C:\Users\Asus\VirtualBox VMs\Ubuntu-HW2\Ubuntu-HW2.vdi' (flags 000c0781) created successfully
00:00:45.931541 PDMR3Suspend: 6 943 899 ns run time
00:00:45.931590 Changing the VM state from 'SUSPENDING' to 'SUSPENDED'
00:00:45.931607 Console: Machine state changed to 'Paused'
00:00:49.115028 GUI: Request for close-action to power VM off.
00:00:49.115451 GUI: Powering VM off..
00:00:49.119200 Console: Machine state changed to 'Stopping'
00:00:49.121434 Console::powerDown(): A request to power off the VM has been issued (mMachineState=Stopping, InUninit=0)
00:00:49.122678 Changing the VM state from 'SUSPENDED' to 'POWERING_OFF'
00:00:49.122714 ****************** Guest state at power off for VCpu 0 ******************
00:00:49.122720 Guest CPUM (VCPU 0) state: 
00:00:49.122733 eax=00000000 ebx=00000133 ecx=0000f000 edx=0000040f esi=00000000 edi=0000fff0
00:00:49.122734 eip=0000f0ac esp=000077f8 ebp=000077f8 iopl=0  iopl=0 nv up ei pl zr na po nc
00:00:49.122735 cs={f000 base=00000000000f0000 limit=0000ffff flags=0000009b} dr0=00000000 dr1=00000000
00:00:49.122738 ds={f000 base=00000000000f0000 limit=0000ffff flags=00000093} dr2=00000000 dr3=00000000
00:00:49.122739 es={f000 base=00000000000f0000 limit=0000ffff flags=00000093} dr4=00000000 dr5=00000000
00:00:49.122739 fs={0000 base=0000000000000000 limit=0000ffff flags=00000093} dr6=ffff0ff0 dr7=00000400
00:00:49.122741 gs={0000 base=0000000000000000 limit=0000ffff flags=00000093} cr0=00000010 cr2=00000000
00:00:49.122741 ss={0000 base=0000000000000000 limit=0000ffff flags=00000093} cr3=00000000 cr4=00000000
00:00:49.122742 gdtr=00000000000fe89f:0047  idtr=0000000000000000:ffff  eflags=00200246
00:00:49.122743 ldtr={0000 base=00000000 limit=0000ffff flags=00000082}
00:00:49.122744 tr  ={0000 base=00000000 limit=0000ffff flags=0000008b}
00:00:49.122745 SysEnter={cs=0000 eip=00000000 esp=00000000}
00:00:49.122745 xcr=0000000000000001 xcr1=0000000000000000 xss=0000000000000000 (fXStateMask=0000000000000000)
00:00:49.122746 FCW=037f FSW=0000 FTW=0000 FOP=0000 MXCSR=00001f80 MXCSR_MASK=0000ffff
00:00:49.122750 FPUIP=00000000 CS=0000 Rsrvd1=0000  FPUDP=00000000 DS=0000 Rsvrd2=0000
00:00:49.122751 ST(0)=FPR0={0000'00000000'00000000} t0 +0.0000000000000000000000 * 2 ^ -16383 (*)
00:00:49.122753 ST(1)=FPR1={0000'00000000'00000000} t0 +0.0000000000000000000000 * 2 ^ -16383 (*)
00:00:49.122754 ST(2)=FPR2={0000'00000000'00000000} t0 +0.0000000000000000000000 * 2 ^ -16383 (*)
00:00:49.122755 ST(3)=FPR3={0000'00000000'00000000} t0 +0.0000000000000000000000 * 2 ^ -16383 (*)
00:00:49.122756 ST(4)=FPR4={0000'00000000'00000000} t0 +0.0000000000000000000000 * 2 ^ -16383 (*)
00:00:49.122757 ST(5)=FPR5={0000'00000000'00000000} t0 +0.0000000000000000000000 * 2 ^ -16383 (*)
00:00:49.122758 ST(6)=FPR6={0000'00000000'00000000} t0 +0.0000000000000000000000 * 2 ^ -16383 (*)
00:00:49.122759 ST(7)=FPR7={0000'00000000'00000000} t0 +0.0000000000000000000000 * 2 ^ -16383 (*)
00:00:49.122760 XMM0 =00000000'00000000'00000000'00000000  XMM1 =00000000'00000000'00000000'00000000
00:00:49.122761 XMM2 =00000000'00000000'00000000'00000000  XMM3 =00000000'00000000'00000000'00000000
00:00:49.122762 XMM4 =00000000'00000000'00000000'00000000  XMM5 =00000000'00000000'00000000'00000000
00:00:49.122764 XMM6 =00000000'00000000'00000000'00000000  XMM7 =00000000'00000000'00000000'00000000
00:00:49.122765 XMM8 =00000000'00000000'00000000'00000000  XMM9 =00000000'00000000'00000000'00000000
00:00:49.122766 XMM10=00000000'00000000'00000000'00000000  XMM11=00000000'00000000'00000000'00000000
00:00:49.122767 XMM12=00000000'00000000'00000000'00000000  XMM13=00000000'00000000'00000000'00000000
00:00:49.122768 XMM14=00000000'00000000'00000000'00000000  XMM15=00000000'00000000'00000000'00000000
00:00:49.122769 EFER         =0000000000000000
00:00:49.122770 PAT          =0007040600070406
00:00:49.122770 STAR         =0000000000000000
00:00:49.122771 CSTAR        =0000000000000000
00:00:49.122771 LSTAR        =0000000000000000
00:00:49.122771 SFMASK       =0000000000000000
00:00:49.122772 KERNELGSBASE =0000000000000000
00:00:49.122772 MTRR_CAP          =0000000000000510
00:00:49.122773 MTRR_DEF_TYPE     =0000000000000c00
00:00:49.122773 MTRR_FIX64K_00000 =0606060606060606
00:00:49.122773 MTRR_FIX16K_80000 =0606060606060606
00:00:49.122774 MTRR_FIX16K_A0000 =0000000000000000
00:00:49.122774 MTRR_FIX4K_C0000  =0505050505050505
00:00:49.122775 MTRR_FIX4K_C8000  =0505050505050505
00:00:49.122775 MTRR_FIX4K_D0000  =0505050505050505
00:00:49.122775 MTRR_FIX4K_D8000  =0505050505050505
00:00:49.122776 MTRR_FIX4K_E0000  =0505050505050505
00:00:49.122776 MTRR_FIX4K_E8000  =0505050505050505
00:00:49.122777 MTRR_FIX4K_F0000  =0505050505050505
00:00:49.122777 MTRR_FIX4K_F8000  =0505050505050505
00:00:49.122778 MTRR_PHYSBASE[ 0] =0000000000000006 First=0000000000000000      0 MB [WB]
00:00:49.122779 MTRR_PHYSMASK[ 0] =0000007f80000800 Last =000000007fffffff   2047 MB [2048 MB]
00:00:49.122780 MTRR_PHYSBASE[ 1] =000000007ff00000 First=000000007ff00000   2047 MB [UC]
00:00:49.122781 MTRR_PHYSMASK[ 1] =0000007ffff00800 Last =000000007fffffff   2047 MB [1 MB]
00:00:49.122782 MTRR_PHYSBASE[ 2] =0000000000000000
00:00:49.122783 MTRR_PHYSMASK[ 2] =0000000000000000
00:00:49.122783 MTRR_PHYSBASE[ 3] =0000000000000000
00:00:49.122783 MTRR_PHYSMASK[ 3] =0000000000000000
00:00:49.122784 MTRR_PHYSBASE[ 4] =0000000000000000
00:00:49.122784 MTRR_PHYSMASK[ 4] =0000000000000000
00:00:49.122784 MTRR_PHYSBASE[ 5] =0000000000000000
00:00:49.122785 MTRR_PHYSMASK[ 5] =0000000000000000
00:00:49.122785 MTRR_PHYSBASE[ 6] =0000000000000000
00:00:49.122785 MTRR_PHYSMASK[ 6] =0000000000000000
00:00:49.122786 MTRR_PHYSBASE[ 7] =0000000000000000
00:00:49.122786 MTRR_PHYSMASK[ 7] =0000000000000000
00:00:49.122786 MTRR_PHYSBASE[ 8] =0000000000000000
00:00:49.122787 MTRR_PHYSMASK[ 8] =0000000000000000
00:00:49.122787 MTRR_PHYSBASE[ 9] =0000000000000000
00:00:49.122787 MTRR_PHYSMASK[ 9] =0000000000000000
00:00:49.122788 MTRR_PHYSBASE[10] =0000000000000000
00:00:49.122788 MTRR_PHYSMASK[10] =0000000000000000
00:00:49.122788 MTRR_PHYSBASE[11] =0000000000000000
00:00:49.122789 MTRR_PHYSMASK[11] =0000000000000000
00:00:49.122789 MTRR_PHYSBASE[12] =0000000000000000
00:00:49.122789 MTRR_PHYSMASK[12] =0000000000000000
00:00:49.122790 MTRR_PHYSBASE[13] =0000000000000000
00:00:49.122790 MTRR_PHYSMASK[13] =0000000000000000
00:00:49.122790 MTRR_PHYSBASE[14] =0000000000000000
00:00:49.122791 MTRR_PHYSMASK[14] =0000000000000000
00:00:49.122791 MTRR_PHYSBASE[15] =0000000000000000
00:00:49.122791 MTRR_PHYSMASK[15] =0000000000000000
00:00:49.122793 ***
00:00:49.122799 VCPU[0] hardware virtualization state:
00:00:49.122800 fSavedInhibit                = 0x0
00:00:49.122800 In nested-guest hwvirt mode  = false
00:00:49.122803 Hwvirt state disabled.
00:00:49.122804 ***
00:00:49.122809 Guest paging mode (VCPU #0):  Real (changed 3 times), A20 disabled (changed 1 times)
00:00:49.122810 Guest SLAT mode (VCPU #0): Direct
00:00:49.122811 Shadow paging mode (VCPU #0): None
00:00:49.122811 Host paging mode:             AMD64+G+NX
00:00:49.122812 ***
00:00:49.122813 Active Timers (pVM=000001bb86050000)
00:00:49.122814 pTimerR3         offNext  offPrev  offSched Clock               Time             Expire HzHint State                     Description
00:00:49.122818 000001bc06a40180 00000007 ffffffff ffffffff Real            13384632           13381439      0 2-ACTIVE                  VGA Refresh
00:00:49.122823 000001bc06a40380 ffffffff 00000003 ffffffff Real            13384632           13381639      0 2-ACTIVE                  CPU Load Timer
00:00:49.122827 000001bc06b90100 00000004 ffffffff ffffffff VrSy         29832618741        29838122731     18 2-ACTIVE                  i8254 PIT
00:00:49.122845 000001bc06b90200 00000009 00000002 ffffffff VrSy         29832618741        29990000000      0 2-ACTIVE                  MC146818 RTC Second
00:00:49.122848 000001bc06b90480 ffffffff 00000004 ffffffff VrSy         29832618741       599932015941      0 2-ACTIVE                  ACPI PM
00:00:49.122853 ***
00:00:49.122855 Guest GDT (GCAddr=00000000000fe89f limit=47):
00:00:49.122862 0010 - 0000ffff 00cf9b00 - base=00000000 limit=ffffffff dpl=0 CodeER Accessed Present Page 32-bit 
00:00:49.122863 0018 - 0000ffff 00cf9300 - base=00000000 limit=ffffffff dpl=0 DataRW Accessed Present Page 32-bit 
00:00:49.122864 0020 - 0000ffff 00009b0f - base=000f0000 limit=0000ffff dpl=0 CodeER Accessed Present 16-bit 
00:00:49.122865 0028 - 0000ffff 00009300 - base=00000000 limit=0000ffff dpl=0 DataRW Accessed Present 16-bit 
00:00:49.122866 0040 - 0400ffff 00009300 - base=00000400 limit=0000ffff dpl=0 DataRW Accessed Present 16-bit 
00:00:49.122867 ************** End of Guest state at power off ***************
00:00:49.123572 PDMR3PowerOff: 650 251 ns run time
00:00:49.123597 Changing the VM state from 'POWERING_OFF' to 'OFF'
00:00:49.139485 Changing the VM state from 'OFF' to 'DESTROYING'
00:00:49.139548 ************************* Statistics *************************
00:00:49.139560 /CPUM/MSR-Totals/Reads                             0 times
00:00:49.139568 /CPUM/MSR-Totals/ReadsRaisingGP                    0 times
00:00:49.139575 /CPUM/MSR-Totals/ReadsUnknown                      0 times
00:00:49.139581 /CPUM/MSR-Totals/Writes                            0 times
00:00:49.139587 /CPUM/MSR-Totals/WritesRaisingGP                   0 times
00:00:49.139593 /CPUM/MSR-Totals/WritesToIgnoredBits               0 times
00:00:49.139599 /CPUM/MSR-Totals/WritesUnknown                     0 times
00:00:49.139606 /Devices/8237A/DmaRun                              0 ticks/call (           0 ticks,       0 calls, max         0, min      -1)
00:00:49.139613 /Devices/IDE0/ATA0/Unit0/AtapiDMA                  0 times
00:00:49.139619 /Devices/IDE0/ATA0/Unit0/AtapiPIO                  0 times
00:00:49.139625 /Devices/IDE0/ATA0/Unit0/DMA                       0 times
00:00:49.139631 /Devices/IDE0/ATA0/Unit0/PIO                       0 times
00:00:49.139637 /Devices/IDE0/ATA0/Unit0/ReadBytes                 0 bytes
00:00:49.139643 /Devices/IDE0/ATA0/Unit0/StatusYields           1328 ticks/call (       15936 ticks,      12 calls, max      3749, min     260)
00:00:49.139650 /Devices/IDE0/ATA0/Unit0/WrittenBytes              0 bytes
00:00:49.139656 /Devices/IDE0/ATA0/Unit1/AtapiDMA                  0 times
00:00:49.139662 /Devices/IDE0/ATA0/Unit1/AtapiPIO                  0 times
00:00:49.139668 /Devices/IDE0/ATA0/Unit1/DMA                       0 times
00:00:49.139674 /Devices/IDE0/ATA0/Unit1/PIO                       0 times
00:00:49.139680 /Devices/IDE0/ATA0/Unit1/ReadBytes                 0 bytes
00:00:49.139686 /Devices/IDE0/ATA0/Unit1/StatusYields              0 ticks/call (           0 ticks,       0 calls, max         0, min      -1)
00:00:49.139693 /Devices/IDE0/ATA0/Unit1/WrittenBytes              0 bytes
00:00:49.139699 /Devices/IDE0/ATA1/Unit0/AtapiDMA                  0 times
00:00:49.139705 /Devices/IDE0/ATA1/Unit0/AtapiPIO                  0 times
00:00:49.139711 /Devices/IDE0/ATA1/Unit0/DMA                       0 times
00:00:49.139717 /Devices/IDE0/ATA1/Unit0/PIO                       0 times
00:00:49.139723 /Devices/IDE0/ATA1/Unit0/ReadBytes                 0 bytes
00:00:49.139729 /Devices/IDE0/ATA1/Unit0/StatusYields              0 ticks/call (           0 ticks,       0 calls, max         0, min      -1)
00:00:49.139735 /Devices/IDE0/ATA1/Unit0/WrittenBytes              0 bytes
00:00:49.139742 /Devices/IDE0/ATA1/Unit1/AtapiDMA                  0 times
00:00:49.139747 /Devices/IDE0/ATA1/Unit1/AtapiPIO                  0 times
00:00:49.139753 /Devices/IDE0/ATA1/Unit1/DMA                       0 times
00:00:49.139767 /Devices/IDE0/ATA1/Unit1/PIO                       0 times
00:00:49.139778 /Devices/IDE0/ATA1/Unit1/ReadBytes                 0 bytes
00:00:49.139785 /Devices/IDE0/ATA1/Unit1/StatusYields              0 ticks/call (           0 ticks,       0 calls, max         0, min      -1)
00:00:49.139791 /Devices/IDE0/ATA1/Unit1/WrittenBytes              0 bytes
00:00:49.139798 /Devices/VMMDev/BalloonChunks                      0 count
00:00:49.139804 /Devices/VMMDev/FastIrqAckR3                       0 count
00:00:49.139810 /Devices/VMMDev/FastIrqAckRZ                       0 count
00:00:49.139817 /Devices/VMMDev/HGCM-Kernel/BudgetAvailable 697711274 bytes
00:00:49.139823 /Devices/VMMDev/HGCM-Kernel/BudgetConfig   697711274 bytes
00:00:49.139829 /Devices/VMMDev/HGCM-Kernel/BudgetOverruns         0 bytes
00:00:49.139834 /Devices/VMMDev/HGCM-Kernel/MessageHeapUsage         0 bytes/call (           0 bytes,       0 calls, max         0, min      -1)
00:00:49.139841 /Devices/VMMDev/HGCM-Root/BudgetAvailable  697711274 bytes
00:00:49.139847 /Devices/VMMDev/HGCM-Root/BudgetConfig     697711274 bytes
00:00:49.139853 /Devices/VMMDev/HGCM-Root/BudgetOverruns           0 bytes
00:00:49.139859 /Devices/VMMDev/HGCM-Root/MessageHeapUsage         0 bytes/call (           0 bytes,       0 calls, max         0, min      -1)
00:00:49.139865 /Devices/VMMDev/HGCM-User/BudgetAvailable  697711274 bytes
00:00:49.139871 /Devices/VMMDev/HGCM-User/BudgetConfig     697711274 bytes
00:00:49.139877 /Devices/VMMDev/HGCM-User/BudgetOverruns           0 bytes
00:00:49.139882 /Devices/VMMDev/HGCM-User/MessageHeapUsage         0 bytes/call (           0 bytes,       0 calls, max         0, min      -1)
00:00:49.139889 /Devices/VMMDev/LargeReqBufAllocs                  0 count
00:00:49.139895 /Devices/VMMDev/SlowIrqAck                         0 count
00:00:49.139901 /Devices/apic/0                                    0 times
00:00:49.139916 /Devices/e1000#0/ReceiveBytes                      0 bytes
00:00:49.139922 /Devices/e1000#0/TransmitBytes                     0 bytes
00:00:49.139928 /Devices/e1000#0/iStatIntLost                      0 ns
00:00:49.139934 /Devices/e1000#0/iStatIntLostOne                   0 ns
00:00:49.139940 /Devices/e1000#0/u64ArmedAt                        0 ns
00:00:49.139946 /Devices/e1000#0/uStatDescCtx                      0 ns
00:00:49.139952 /Devices/e1000#0/uStatDescDat                      0 ns
00:00:49.139957 /Devices/e1000#0/uStatDescLeg                      0 ns
00:00:49.139963 /Devices/e1000#0/uStatInt                          0 ns
00:00:49.139970 /Devices/e1000#0/uStatIntEarly                     0 ns
00:00:49.139975 /Devices/e1000#0/uStatIntICS                       0 ns
00:00:49.139981 /Devices/e1000#0/uStatIntIMS                       0 ns
00:00:49.139987 /Devices/e1000#0/uStatIntLate                      0 ns
00:00:49.139993 /Devices/e1000#0/uStatIntLower                     0 ns
00:00:49.139999 /Devices/e1000#0/uStatIntMasked                    0 ns
00:00:49.140005 /Devices/e1000#0/uStatIntRDTR                      0 ns
00:00:49.140011 /Devices/e1000#0/uStatIntRXDMT0                    0 ns
00:00:49.140019 /Devices/e1000#0/uStatIntRx                        0 ns
00:00:49.140025 /Devices/e1000#0/uStatIntSkip                      0 ns
00:00:49.140031 /Devices/e1000#0/uStatIntTXQE                      0 ns
00:00:49.140037 /Devices/e1000#0/uStatIntTry                       0 ns
00:00:49.140042 /Devices/e1000#0/uStatIntTx                        0 ns
00:00:49.140048 /Devices/e1000#0/uStatMaxTxDelay                   0 ns
00:00:49.140054 /Devices/e1000#0/uStatNoIntICR                     0 ns
00:00:49.140060 /Devices/e1000#0/uStatRAD                          0 ns
00:00:49.140066 /Devices/e1000#0/uStatRID                          0 ns
00:00:49.140072 /Devices/e1000#0/uStatRxFrm                        0 ns
00:00:49.140078 /Devices/e1000#0/uStatTAD                          0 ns
00:00:49.140084 /Devices/e1000#0/uStatTID                          0 ns
00:00:49.140093 /Devices/e1000#0/uStatTx1514                       0 ns
00:00:49.140101 /Devices/e1000#0/uStatTx16384                      0 ns
00:00:49.140107 /Devices/e1000#0/uStatTx2962                       0 ns
00:00:49.140112 /Devices/e1000#0/uStatTx32768                      0 ns
00:00:49.140118 /Devices/e1000#0/uStatTx4410                       0 ns
00:00:49.140124 /Devices/e1000#0/uStatTx5858                       0 ns
00:00:49.140130 /Devices/e1000#0/uStatTx7306                       0 ns
00:00:49.140135 /Devices/e1000#0/uStatTx8754                       0 ns
00:00:49.140141 /Devices/e1000#0/uStatTxDelayExp                   0 ns
00:00:49.140147 /Devices/e1000#0/uStatTxDelayed                    0 ns
00:00:49.140153 /Devices/e1000#0/uStatTxFrm                        0 ns
00:00:49.140159 /Devices/e1000#0/uStatTxIDE                        0 ns
00:00:49.140165 /Devices/e1000#0/uStatTxLarge                      0 ns
00:00:49.140170 /Devices/e1000#0/uStatTxNoRS                       0 ns
00:00:49.140178 /Devices/ichac97/Stream0/reg-CR                    0 
00:00:49.140185 /Devices/ichac97/Stream0/reg-SR                    0 
00:00:49.140192 /Devices/ichac97/Stream1/reg-CR                    0 
00:00:49.140198 /Devices/ichac97/Stream1/reg-SR                    0 
00:00:49.140204 /Devices/ichac97/Stream2/reg-CR                    0 
00:00:49.140210 /Devices/ichac97/Stream2/reg-SR                    0 
00:00:49.140216 /Devices/ichac97/UnimplementedNabmReads            0 times
00:00:49.140222 /Devices/ichac97/UnimplementedNabmWrites           0 times
00:00:49.140228 /Devices/ichac97/UnimplementedNamReads             0 times
00:00:49.140233 /Devices/ichac97/UnimplementedNamWrites            0 times
00:00:49.140252 /Devices/mc146818/Irq                              0 times
00:00:49.140258 /Devices/mc146818/IrqClear                         0 times
00:00:49.140264 /Devices/mc146818/PiActive                         0 ticks/call (           0 ticks,       0 calls, max         0, min      -1)
00:00:49.140270 /Devices/mc146818/PieFlip                          0 times
00:00:49.140276 /Devices/mc146818/TimerCB                          0 times
00:00:49.140282 /Devices/vga/HgmsiMdaCgaAccesses                   0 times
00:00:49.140288 /Devices/vga/VMSVGA/Cmd/3dActivateSurface          0 times
00:00:49.140295 /Devices/vga/VMSVGA/Cmd/3dBeginQuery               0 times
00:00:49.140301 /Devices/vga/VMSVGA/Cmd/3dBlitSurfaceToScreenProf         0 ticks/call (           0 ticks,       0 calls, max         0, min      -1)
00:00:49.140307 /Devices/vga/VMSVGA/Cmd/3dClear                    0 times
00:00:49.140313 /Devices/vga/VMSVGA/Cmd/3dContextDefine            0 times
00:00:49.140318 /Devices/vga/VMSVGA/Cmd/3dContextDestroy           0 times
00:00:49.140324 /Devices/vga/VMSVGA/Cmd/3dDeactivateSurface         0 times
00:00:49.140330 /Devices/vga/VMSVGA/Cmd/3dDrawPrimitives           0 times
00:00:49.140336 /Devices/vga/VMSVGA/Cmd/3dEndQuery                 0 times
00:00:49.140341 /Devices/vga/VMSVGA/Cmd/3dGenerateMipmaps          0 times
00:00:49.140347 /Devices/vga/VMSVGA/Cmd/3dPresent                  0 times
00:00:49.140353 /Devices/vga/VMSVGA/Cmd/3dPresentReadBack          0 times
00:00:49.140359 /Devices/vga/VMSVGA/Cmd/3dSetClipPlane             0 times
00:00:49.140364 /Devices/vga/VMSVGA/Cmd/3dSetLightData             0 times
00:00:49.140370 /Devices/vga/VMSVGA/Cmd/3dSetLightEnable           0 times
00:00:49.140376 /Devices/vga/VMSVGA/Cmd/3dSetMaterial              0 times
00:00:49.140381 /Devices/vga/VMSVGA/Cmd/3dSetRenderState           0 times
00:00:49.140387 /Devices/vga/VMSVGA/Cmd/3dSetRenderTarget          0 times
00:00:49.140393 /Devices/vga/VMSVGA/Cmd/3dSetScissorRect           0 times
00:00:49.140399 /Devices/vga/VMSVGA/Cmd/3dSetShader                0 times
00:00:49.140401 /Devices/vga/VMSVGA/Cmd/3dSetShaderConst           0 times
00:00:49.140401 /Devices/vga/VMSVGA/Cmd/3dSetTextureState          0 times
00:00:49.140401 /Devices/vga/VMSVGA/Cmd/3dSetTransform             0 times
00:00:49.140401 /Devices/vga/VMSVGA/Cmd/3dSetViewPort              0 times
00:00:49.140401 /Devices/vga/VMSVGA/Cmd/3dSetZRange                0 times
00:00:49.140401 /Devices/vga/VMSVGA/Cmd/3dShaderDefine             0 times
00:00:49.140401 /Devices/vga/VMSVGA/Cmd/3dShaderDestroy            0 times
00:00:49.140401 /Devices/vga/VMSVGA/Cmd/3dSurfaceCopy              0 times
00:00:49.140401 /Devices/vga/VMSVGA/Cmd/3dSurfaceDefine            0 times
00:00:49.140401 /Devices/vga/VMSVGA/Cmd/3dSurfaceDefineV2          0 times
00:00:49.140401 /Devices/vga/VMSVGA/Cmd/3dSurfaceDestroy           0 times
00:00:49.140401 /Devices/vga/VMSVGA/Cmd/3dSurfaceDma               0 times
00:00:49.140401 /Devices/vga/VMSVGA/Cmd/3dSurfaceScreen            0 times
00:00:49.140401 /Devices/vga/VMSVGA/Cmd/3dSurfaceStretchBlt         0 times
00:00:49.140401 /Devices/vga/VMSVGA/Cmd/3dWaitForQuery             0 times
00:00:49.140401 /Devices/vga/VMSVGA/Cmd/AnnotationCopy             0 times
00:00:49.140401 /Devices/vga/VMSVGA/Cmd/AnnotationFill             0 times
00:00:49.140401 /Devices/vga/VMSVGA/Cmd/BlitGmrFbToScreen          0 times
00:00:49.140401 /Devices/vga/VMSVGA/Cmd/BlitScreentoGmrFb          0 times
00:00:49.140401 /Devices/vga/VMSVGA/Cmd/DefineAlphaCursor          0 times
00:00:49.140401 /Devices/vga/VMSVGA/Cmd/DefineCursor               0 times
00:00:49.140401 /Devices/vga/VMSVGA/Cmd/DefineGmr2                 0 times
00:00:49.140401 /Devices/vga/VMSVGA/Cmd/DefineGmr2/Free            0 times
00:00:49.140401 /Devices/vga/VMSVGA/Cmd/DefineGmr2/Modify          0 times
00:00:49.140401 /Devices/vga/VMSVGA/Cmd/DefineGmrFb                0 times
00:00:49.140401 /Devices/vga/VMSVGA/Cmd/DefineScreen               0 times
00:00:49.140401 /Devices/vga/VMSVGA/Cmd/DestroyScreen              0 times
00:00:49.140401 /Devices/vga/VMSVGA/Cmd/DisplayCursor              0 times
00:00:49.140401 /Devices/vga/VMSVGA/Cmd/Escape                     0 times
00:00:49.140401 /Devices/vga/VMSVGA/Cmd/Fence                      0 times
00:00:49.140401 /Devices/vga/VMSVGA/Cmd/InvalidCmd                 0 times
00:00:49.140401 /Devices/vga/VMSVGA/Cmd/MoveCursor                 0 times
00:00:49.140401 /Devices/vga/VMSVGA/Cmd/RectCopy                   0 times
00:00:49.140401 /Devices/vga/VMSVGA/Cmd/RectFill                   0 times
00:00:49.140401 /Devices/vga/VMSVGA/Cmd/RectRopCopy                0 times
00:00:49.140401 /Devices/vga/VMSVGA/Cmd/RemapGmr2                  0 times
00:00:49.140401 /Devices/vga/VMSVGA/Cmd/RemapGmr2/Modify           0 times
00:00:49.140401 /Devices/vga/VMSVGA/Cmd/Update                     0 times
00:00:49.140401 /Devices/vga/VMSVGA/Cmd/UpdateVerbose              0 times
00:00:49.140401 /Devices/vga/VMSVGA/EmtDelayOnBusyFifo             0 ticks/call (           0 ticks,       0 calls, max         0, min      -1)
00:00:49.140401 /Devices/vga/VMSVGA/FifoCommands                   0 times
00:00:49.140401 /Devices/vga/VMSVGA/FifoCursorFetchAgain           0 times
00:00:49.140401 /Devices/vga/VMSVGA/FifoCursorNoChange             0 times
00:00:49.140401 /Devices/vga/VMSVGA/FifoCursorPosition             0 times
00:00:49.140401 /Devices/vga/VMSVGA/FifoCursorVisiblity            0 times
00:00:49.140401 /Devices/vga/VMSVGA/FifoErrors                     0 times
00:00:49.140401 /Devices/vga/VMSVGA/FifoExtendedSleep      24826925968 ticks/call ( 74480777904 ticks,       3 calls, max 37438234018, min   12901)
00:00:49.140401 /Devices/vga/VMSVGA/FifoStalls                     0 ticks/call (           0 ticks,       0 calls, max         0, min      -1)
00:00:49.140401 /Devices/vga/VMSVGA/FifoTodoTimeout                0 times
00:00:49.140401 /Devices/vga/VMSVGA/FifoTodoWoken                  0 times
00:00:49.140401 /Devices/vga/VMSVGA/FifoUnknownCommands            0 times
00:00:49.140401 /Devices/vga/VMSVGA/FifoWatchdogWakeUps            0 times
00:00:49.140401 /Devices/vga/VMSVGA/Reg/BitsPerPixelRead           0 times
00:00:49.140401 /Devices/vga/VMSVGA/Reg/BitsPerPixelWrite          0 times
00:00:49.140401 /Devices/vga/VMSVGA/Reg/BlueMaskRead               0 times
00:00:49.140401 /Devices/vga/VMSVGA/Reg/BusyRead                   0 times
00:00:49.140401 /Devices/vga/VMSVGA/Reg/BusyWrite                  0 times
00:00:49.140401 /Devices/vga/VMSVGA/Reg/BytesPerLineRead           0 times
00:00:49.140401 /Devices/vga/VMSVGA/Reg/CapabilitesRead            0 times
00:00:49.140401 /Devices/vga/VMSVGA/Reg/CmdPrependHighRead         0 times
00:00:49.140401 /Devices/vga/VMSVGA/Reg/CmdPrependHighWrite         0 times
00:00:49.140401 /Devices/vga/VMSVGA/Reg/CmdPrependLowRead          0 times
00:00:49.140401 /Devices/vga/VMSVGA/Reg/CmdPrependLowWrite         0 times
00:00:49.140401 /Devices/vga/VMSVGA/Reg/CommandHighRead            0 times
00:00:49.140401 /Devices/vga/VMSVGA/Reg/CommandHighWrite           0 times
00:00:49.140401 /Devices/vga/VMSVGA/Reg/CommandLowRead             0 times
00:00:49.140401 /Devices/vga/VMSVGA/Reg/CommandLowWrite            0 times
00:00:49.140401 /Devices/vga/VMSVGA/Reg/ConfigDoneRead             0 times
00:00:49.140401 /Devices/vga/VMSVGA/Reg/ConfigDoneWrite            0 times
00:00:49.140401 /Devices/vga/VMSVGA/Reg/CursorIdRead               0 times
00:00:49.140401 /Devices/vga/VMSVGA/Reg/CursorIdWrite              0 times
00:00:49.140401 /Devices/vga/VMSVGA/Reg/CursorOnRead               0 times
00:00:49.140401 /Devices/vga/VMSVGA/Reg/CursorOnWrite              0 times
00:00:49.140401 /Devices/vga/VMSVGA/Reg/CursorXRead                0 times
00:00:49.140401 /Devices/vga/VMSVGA/Reg/CursorXWrite               0 times
00:00:49.140401 /Devices/vga/VMSVGA/Reg/CursorYRead                0 times
00:00:49.140401 /Devices/vga/VMSVGA/Reg/CursorYWrite               0 times
00:00:49.140401 /Devices/vga/VMSVGA/Reg/DepthRead                  0 times
00:00:49.140401 /Devices/vga/VMSVGA/Reg/DepthWrite                 0 times
00:00:49.140401 /Devices/vga/VMSVGA/Reg/DevCapRead                 0 times
00:00:49.140401 /Devices/vga/VMSVGA/Reg/DevCapWrite                0 times
00:00:49.140401 /Devices/vga/VMSVGA/Reg/DisplayHeightRead          0 times
00:00:49.140401 /Devices/vga/VMSVGA/Reg/DisplayHeightWrite         0 times
00:00:49.140401 /Devices/vga/VMSVGA/Reg/DisplayIdRead              0 times
00:00:49.140401 /Devices/vga/VMSVGA/Reg/DisplayIdWrite             0 times
00:00:49.140933 /Devices/vga/VMSVGA/Reg/DisplayIsPrimaryRead         0 times
00:00:49.140939 /Devices/vga/VMSVGA/Reg/DisplayIsPrimaryWrite         0 times
00:00:49.140945 /Devices/vga/VMSVGA/Reg/DisplayPositionXRead         0 times
00:00:49.140990 /Devices/vga/VMSVGA/Reg/DisplayPositionXWrite         0 times
00:00:49.141007 /Devices/vga/VMSVGA/Reg/DisplayPositionYRead         0 times
00:00:49.141011 /Devices/vga/VMSVGA/Reg/DisplayPositionYWrite         0 times
00:00:49.141014 /Devices/vga/VMSVGA/Reg/DisplayWidthRead           0 times
00:00:49.141016 /Devices/vga/VMSVGA/Reg/DisplayWidthWrite          0 times
00:00:49.141019 /Devices/vga/VMSVGA/Reg/EnableRead                 0 times
00:00:49.141022 /Devices/vga/VMSVGA/Reg/EnableWrite                0 times
00:00:49.141025 /Devices/vga/VMSVGA/Reg/FbOffsetRead               0 times
00:00:49.141027 /Devices/vga/VMSVGA/Reg/FbSizeRead                 0 times
00:00:49.141030 /Devices/vga/VMSVGA/Reg/FbStartRead                0 times
00:00:49.141033 /Devices/vga/VMSVGA/Reg/GBMemSizeRead              0 times
00:00:49.141036 /Devices/vga/VMSVGA/Reg/GmrDescriptorWrite         0 times
00:00:49.141038 /Devices/vga/VMSVGA/Reg/GmrDescriptorWrite/Errors         0 times
00:00:49.141041 /Devices/vga/VMSVGA/Reg/GmrDescriptorWrite/Free         0 times
00:00:49.141044 /Devices/vga/VMSVGA/Reg/GmrIdRead                  0 times
00:00:49.141046 /Devices/vga/VMSVGA/Reg/GmrIdWrite                 0 times
00:00:49.141049 /Devices/vga/VMSVGA/Reg/GmrMaxDescriptorLengthRead         0 times
00:00:49.141052 /Devices/vga/VMSVGA/Reg/GmrMaxIdsRead              0 times
00:00:49.141054 /Devices/vga/VMSVGA/Reg/GmrsMaxPagesRead           0 times
00:00:49.141057 /Devices/vga/VMSVGA/Reg/GreenMaskRead              0 times
00:00:49.141063 /Devices/vga/VMSVGA/Reg/GuestIdRead                0 times
00:00:49.141067 /Devices/vga/VMSVGA/Reg/GuestIdWrite               0 times
00:00:49.141070 /Devices/vga/VMSVGA/Reg/HeightRead                 0 times
00:00:49.141072 /Devices/vga/VMSVGA/Reg/HeightWrite                0 times
00:00:49.141105 /Devices/vga/VMSVGA/Reg/HostBitsPerPixelRead         0 times
00:00:49.141108 /Devices/vga/VMSVGA/Reg/IdRead                     0 times
00:00:49.141111 /Devices/vga/VMSVGA/Reg/IdWrite                    0 times
00:00:49.141114 /Devices/vga/VMSVGA/Reg/IrqMaskRead                0 times
00:00:49.141116 /Devices/vga/VMSVGA/Reg/IrqMaskWrite               0 times
00:00:49.141119 /Devices/vga/VMSVGA/Reg/MaxHeightRead              0 times
00:00:49.141122 /Devices/vga/VMSVGA/Reg/MaxPrimBBMemRead           0 times
00:00:49.141124 /Devices/vga/VMSVGA/Reg/MaxWidthRead               0 times
00:00:49.141127 /Devices/vga/VMSVGA/Reg/MemRegsRead                0 times
00:00:49.141130 /Devices/vga/VMSVGA/Reg/MemSizeRead                0 times
00:00:49.141132 /Devices/vga/VMSVGA/Reg/MemStartRead               0 times
00:00:49.141135 /Devices/vga/VMSVGA/Reg/MemorySizeRead             0 times
00:00:49.141138 /Devices/vga/VMSVGA/Reg/MobMaxSizeRead             0 times
00:00:49.141140 /Devices/vga/VMSVGA/Reg/NumDisplaysRead            0 times
00:00:49.141143 /Devices/vga/VMSVGA/Reg/NumDisplaysWrite           0 times
00:00:49.141145 /Devices/vga/VMSVGA/Reg/NumGuestDisplaysRead         0 times
00:00:49.141148 /Devices/vga/VMSVGA/Reg/NumGuestDisplaysWrite         0 times
00:00:49.141150 /Devices/vga/VMSVGA/Reg/PaletteRead                0 times
00:00:49.141153 /Devices/vga/VMSVGA/Reg/PaletteWrite               0 times
00:00:49.141156 /Devices/vga/VMSVGA/Reg/PitchLockRead              0 times
00:00:49.141158 /Devices/vga/VMSVGA/Reg/PitchLockWrite             0 times
00:00:49.141161 /Devices/vga/VMSVGA/Reg/PseudoColorWrite           0 times
00:00:49.141164 /Devices/vga/VMSVGA/Reg/PsuedoColorRead            0 times
00:00:49.141166 /Devices/vga/VMSVGA/Reg/ReadOnlyWrite              0 times
00:00:49.141169 /Devices/vga/VMSVGA/Reg/RedMaskRead                0 times
00:00:49.141171 /Devices/vga/VMSVGA/Reg/ScratchRead                0 times
00:00:49.141174 /Devices/vga/VMSVGA/Reg/ScratchSizeRead            0 times
00:00:49.141176 /Devices/vga/VMSVGA/Reg/ScratchWrite               0 times
00:00:49.141179 /Devices/vga/VMSVGA/Reg/ScrnTgtMaxHeightRead         0 times
00:00:49.141182 /Devices/vga/VMSVGA/Reg/ScrnTgtMaxWidthRead         0 times
00:00:49.141184 /Devices/vga/VMSVGA/Reg/SyncRead                   0 times
00:00:49.141187 /Devices/vga/VMSVGA/Reg/SyncWrite                  0 times
00:00:49.141190 /Devices/vga/VMSVGA/Reg/TopRead                    0 times
00:00:49.141192 /Devices/vga/VMSVGA/Reg/TopWrite                   0 times
00:00:49.141195 /Devices/vga/VMSVGA/Reg/TracesRead                 0 times
00:00:49.141198 /Devices/vga/VMSVGA/Reg/TracesWrite                0 times
00:00:49.141200 /Devices/vga/VMSVGA/Reg/UnknownRead                0 times
00:00:49.141203 /Devices/vga/VMSVGA/Reg/UnknownWrite               0 times
00:00:49.141206 /Devices/vga/VMSVGA/Reg/VramSizeRead               0 times
00:00:49.141208 /Devices/vga/VMSVGA/Reg/WidthRead                  0 times
00:00:49.141211 /Devices/vga/VMSVGA/Reg/WidthWrite                 0 times
00:00:49.141213 /Devices/vga/VMSVGA/Reg/WriteOnlyRead              0 times
00:00:49.141216 /Drivers/AUDIO-0/TotalStreamsCreated               0 count
00:00:49.141219 /Drivers/AUDIO-1/TotalStreamsCreated               0 count
00:00:49.141222 /Drivers/AUDIO-2/TotalStreamsCreated               0 count
00:00:49.141225 /EM/CPU0/ExitHashing/Step00-Hits                1032 times
00:00:49.141228 /EM/CPU0/ExitHashing/Step00-NewInserts           106 times
00:00:49.141231 /EM/CPU0/ExitHashing/Step01-Hits                 191 times
00:00:49.141233 /EM/CPU0/ExitHashing/Step01-NewInserts             6 times
00:00:49.141240 /EM/CPU0/ExitHashing/Used                        112 times
00:00:49.141243 /EM/CPU0/ExitOpt/Exec                              0 ticks/call (           0 ticks,       0 calls, max         0, min      -1)
00:00:49.141247 /EM/CPU0/ExitOpt/ExecInstructions                  0 times
00:00:49.141250 /EM/CPU0/ExitOpt/ExecRetReasonForcedFlag           0 times
00:00:49.141252 /EM/CPU0/ExitOpt/ExecRetReasonHostInterrupt         0 times
00:00:49.141255 /EM/CPU0/ExitOpt/ExecRetReasonLongJump             0 times
00:00:49.141258 /EM/CPU0/ExitOpt/ExecRetReasonMaxDistance          0 times
00:00:49.141261 /EM/CPU0/ExitOpt/ExecRetReasonMaxInstructions         0 times
00:00:49.141263 /EM/CPU0/ExitOpt/ExecRetReasonNormal               0 times
00:00:49.141266 /EM/CPU0/ExitOpt/ExecRetReasonTimer                0 times
00:00:49.141268 /EM/CPU0/ExitOpt/ExecSavedExit                     0 times
00:00:49.141271 /EM/CPU0/ExitOpt/Probe                        160477 ticks/call (      160477 ticks,       1 calls, max    160477, min  160477)
00:00:49.141275 /EM/CPU0/ExitOpt/ProbeInstructions               105 times
00:00:49.141277 /EM/CPU0/ExitOpt/ProbedExecWithMax                 1 times
00:00:49.141280 /EM/CPU0/ExitOpt/ProbedNormal                      0 times
00:00:49.141283 /EM/CPU0/ExitOpt/ProbedToRing3                     0 times
00:00:49.141286 /GMM/ChunkTlbHits                                  0 times
00:00:49.141289 /GMM/ChunkTlbMisses                                0 times
00:00:49.141300 /GMM/VM/Allocated/cBasePages                       0 pages
00:00:49.141303 /GMM/VM/Allocated/cFixedPages                      0 pages
00:00:49.141306 /GMM/VM/Allocated/cShadowPages                     0 pages
00:00:49.141309 /GMM/VM/Reserved/cBasePages                   524135 pages
00:00:49.141312 /GMM/VM/Reserved/cFixedPages                    5636 pages
00:00:49.141315 /GMM/VM/Reserved/cShadowPages                      1 pages
00:00:49.141317 /GMM/VM/cBalloonedPages                            0 pages
00:00:49.141320 /GMM/VM/cMaxBalloonedPages                         0 pages
00:00:49.141323 /GMM/VM/cPrivatePages                              0 pages
00:00:49.141326 /GMM/VM/cReqActuallyBalloonedPages                 0 pages
00:00:49.141329 /GMM/VM/cReqBalloonedPages                         0 pages
00:00:49.141331 /GMM/VM/cReqDeflatePages                           0 pages
00:00:49.141334 /GMM/VM/cShareableModules                          0 count
00:00:49.141337 /GMM/VM/cSharedPages                               0 pages
00:00:49.141340 /GMM/VM/enmPolicy                                  1 
00:00:49.141343 /GMM/VM/enmPriority                                2 
00:00:49.141347 /GMM/VM/fBallooningEnabled                 false    
00:00:49.141349 /GMM/VM/fMayAllocate                       true     
00:00:49.141352 /GMM/VM/fSharedPagingEnabled               false    
00:00:49.141355 /GMM/cAllocatedPages                               0 pages
00:00:49.141358 /GMM/cBalloonedPages                               0 pages
00:00:49.141361 /GMM/cChunks                                       0 count
00:00:49.141364 /GMM/cDuplicatePages                               0 pages
00:00:49.141366 /GMM/cFreedChunks                                  0 count
00:00:49.141369 /GMM/cLeftBehindSharedPages                        0 pages
00:00:49.141372 /GMM/cMaxPages                             4294967295 pages
00:00:49.141375 /GMM/cOverCommittedPages                           0 pages
00:00:49.141378 /GMM/cReservedPages                           529772 pages
00:00:49.141381 /GMM/cShareableModules                             0 count
00:00:49.141384 /GMM/cSharedPages                                  0 pages
00:00:49.141387 /GMM/idFreeGeneration                      4611686018427387775 
00:00:49.141469 /GVMM/EMTs                                         1 count
00:00:49.141474 /GVMM/HostCPUs                                     8 count
00:00:49.141476 /GVMM/HostCpus/0                                   0 
00:00:49.141480 /GVMM/HostCpus/0/CurTimerHz                        0 Hz
00:00:49.141484 /GVMM/HostCpus/0/DesiredHz                         0 Hz
00:00:49.141521 /GVMM/HostCpus/0/PPTChanges                        0 times
00:00:49.141537 /GVMM/HostCpus/0/PPTStarts                         0 times
00:00:49.141543 /GVMM/HostCpus/0/idxCpuSet                         0 
00:00:49.141549 /GVMM/HostCpus/1                                   1 
00:00:49.141555 /GVMM/HostCpus/1/CurTimerHz                        0 Hz
00:00:49.141561 /GVMM/HostCpus/1/DesiredHz                         0 Hz
00:00:49.141566 /GVMM/HostCpus/1/PPTChanges                        0 times
00:00:49.141571 /GVMM/HostCpus/1/PPTStarts                         0 times
00:00:49.141577 /GVMM/HostCpus/1/idxCpuSet                         1 
00:00:49.141583 /GVMM/HostCpus/2                                   2 
00:00:49.141588 /GVMM/HostCpus/2/CurTimerHz                        0 Hz
00:00:49.141594 /GVMM/HostCpus/2/DesiredHz                         0 Hz
00:00:49.141599 /GVMM/HostCpus/2/PPTChanges                        0 times
00:00:49.141605 /GVMM/HostCpus/2/PPTStarts                         0 times
00:00:49.141610 /GVMM/HostCpus/2/idxCpuSet                         2 
00:00:49.141615 /GVMM/HostCpus/3                                   3 
00:00:49.141621 /GVMM/HostCpus/3/CurTimerHz                        0 Hz
00:00:49.141627 /GVMM/HostCpus/3/DesiredHz                         0 Hz
00:00:49.141632 /GVMM/HostCpus/3/PPTChanges                        0 times
00:00:49.141637 /GVMM/HostCpus/3/PPTStarts                         0 times
00:00:49.141642 /GVMM/HostCpus/3/idxCpuSet                         3 
00:00:49.141648 /GVMM/HostCpus/4                                   4 
00:00:49.141653 /GVMM/HostCpus/4/CurTimerHz                        0 Hz
00:00:49.141659 /GVMM/HostCpus/4/DesiredHz                         0 Hz
00:00:49.141664 /GVMM/HostCpus/4/PPTChanges                        0 times
00:00:49.141669 /GVMM/HostCpus/4/PPTStarts                         0 times
00:00:49.141675 /GVMM/HostCpus/4/idxCpuSet                         4 
00:00:49.141680 /GVMM/HostCpus/5                                   5 
00:00:49.141685 /GVMM/HostCpus/5/CurTimerHz                        0 Hz
00:00:49.141691 /GVMM/HostCpus/5/DesiredHz                         0 Hz
00:00:49.141696 /GVMM/HostCpus/5/PPTChanges                        0 times
00:00:49.141702 /GVMM/HostCpus/5/PPTStarts                         0 times
00:00:49.141707 /GVMM/HostCpus/5/idxCpuSet                         5 
00:00:49.141712 /GVMM/HostCpus/6                                   6 
00:00:49.141718 /GVMM/HostCpus/6/CurTimerHz                        0 Hz
00:00:49.141723 /GVMM/HostCpus/6/DesiredHz                         0 Hz
00:00:49.141728 /GVMM/HostCpus/6/PPTChanges                        0 times
00:00:49.141734 /GVMM/HostCpus/6/PPTStarts                         0 times
00:00:49.141739 /GVMM/HostCpus/6/idxCpuSet                         6 
00:00:49.141744 /GVMM/HostCpus/7                                   7 
00:00:49.141750 /GVMM/HostCpus/7/CurTimerHz                        0 Hz
00:00:49.141755 /GVMM/HostCpus/7/DesiredHz                         0 Hz
00:00:49.141760 /GVMM/HostCpus/7/PPTChanges                        0 times
00:00:49.141766 /GVMM/HostCpus/7/PPTStarts                         0 times
00:00:49.141771 /GVMM/HostCpus/7/idxCpuSet                         7 
00:00:49.141777 /GVMM/Sum/HaltBlocking                          2085 calls
00:00:49.141782 /GVMM/Sum/HaltCalls                            19935 calls
00:00:49.141788 /GVMM/Sum/HaltNotBlocking                      17850 calls
00:00:49.141793 /GVMM/Sum/HaltTimeouts                           657 calls
00:00:49.141799 /GVMM/Sum/HaltWakeUps                              0 calls
00:00:49.141804 /GVMM/Sum/PokeCalls                                0 calls
00:00:49.141810 /GVMM/Sum/PokeNotBusy                              0 calls
00:00:49.141815 /GVMM/Sum/PollCalls                                0 calls
00:00:49.141821 /GVMM/Sum/PollHalts                                0 calls
00:00:49.141831 /GVMM/Sum/PollWakeUps                              0 calls
00:00:49.141838 /GVMM/Sum/WakeUpCalls                           1430 calls
00:00:49.141844 /GVMM/Sum/WakeUpNotHalted                         28 calls
00:00:49.141850 /GVMM/Sum/WakeUpWakeUps                            0 calls
00:00:49.141855 /GVMM/VCpus/0/Start                                0 ticks/call (           0 ticks,       0 calls, max         0, min       0)
00:00:49.141862 /GVMM/VCpus/0/Stop                                 0 ticks/call (           0 ticks,       0 calls, max         0, min       0)
00:00:49.141869 /GVMM/VCpus/0/cWakeUpTimerCanceled                 0 times
00:00:49.141874 /GVMM/VCpus/0/cWakeUpTimerHits                     0 times
00:00:49.141880 /GVMM/VCpus/0/cWakeUpTimerMisses                   0 times
00:00:49.141885 /GVMM/VCpus/0/cWakeUpTimerSameCpu                  0 times
00:00:49.141891 /GVMM/VM/HaltBlocking                           2085 calls
00:00:49.141897 /GVMM/VM/HaltCalls                             19935 calls
00:00:49.141902 /GVMM/VM/HaltNotBlocking                       17850 calls
00:00:49.141908 /GVMM/VM/HaltTimeouts                            657 calls
00:00:49.141913 /GVMM/VM/HaltWakeUps                               0 calls
00:00:49.141919 /GVMM/VM/PokeCalls                                 0 calls
00:00:49.141924 /GVMM/VM/PokeNotBusy                               0 calls
00:00:49.141930 /GVMM/VM/PollCalls                                 0 calls
00:00:49.141936 /GVMM/VM/PollHalts                                 0 calls
00:00:49.141941 /GVMM/VM/PollWakeUps                               0 calls
00:00:49.141947 /GVMM/VM/WakeUpCalls                            1430 calls
00:00:49.141953 /GVMM/VM/WakeUpNotHalted                          28 calls
00:00:49.141959 /GVMM/VM/WakeUpWakeUps                             0 calls
00:00:49.141965 /GVMM/VMs                                          1 count
00:00:49.141971 /HGCM/FailedPageListLocking                        0 count
00:00:49.141977 /HGCM/LargeCmdAllocs                               0 count
00:00:49.141983 /HGCM/MsgArrival                                   0 ticks/call (           0 ticks,       0 calls, max         0, min      -1)
00:00:49.141990 /HGCM/MsgCompletion                                0 ticks/call (           0 ticks,       0 calls, max         0, min      -1)
00:00:49.141996 /HGCM/MsgTotal                                     0 ticks/call (           0 ticks,       0 calls, max         0, min      -1)
00:00:49.142005 /IEM/CPU0/Interrupts/08                          654 times
00:00:49.142012 /IEM/CPU0/Interrupts/10                          312 times
00:00:49.142018 /IEM/CPU0/Interrupts/13                            2 times
00:00:49.142024 /IEM/CPU0/Interrupts/16                          159 times
00:00:49.142030 /IEM/CPU0/Interrupts/19                            1 times
00:00:49.142037 /IEM/CPU0/Interrupts/1a                           14 times
00:00:49.142043 /IEM/CPU0/Interrupts/1c                          654 times
00:00:49.142051 /IEM/CPU0/Interrupts/6d                            1 times
00:00:49.142061 /IEM/CPU0/Tlb/Code/InvlPg                          0 
00:00:49.142068 /IEM/CPU0/Tlb/Code/InvlPg/LargeGlobal              0 
00:00:49.142074 /IEM/CPU0/Tlb/Code/InvlPg/LargeNonGlobal           0 
00:00:49.142080 /IEM/CPU0/Tlb/Code/LargePageGlobalCurLoads         0 count
00:00:49.142085 /IEM/CPU0/Tlb/Code/LargePageGlobalFirstTag ffffffffffffffff count
00:00:49.142092 /IEM/CPU0/Tlb/Code/LargePageGlobalLastTag          0 count
00:00:49.142097 /IEM/CPU0/Tlb/Code/LargePageNonGlobalCurLoads         0 count
00:00:49.142103 /IEM/CPU0/Tlb/Code/LargePageNonGlobalFirstTag ffffffffffffffff count
00:00:49.142109 /IEM/CPU0/Tlb/Code/LargePageNonGlobalLastTag         0 count
00:00:49.142115 /IEM/CPU0/Tlb/Code/Misses                          0 count
00:00:49.142121 /IEM/CPU0/Tlb/Code/Misses/GlobalLoads              0 count
00:00:49.142126 /IEM/CPU0/Tlb/Code/PhysicalRevision        fffffffffffce000 
00:00:49.142136 /IEM/CPU0/Tlb/Code/PhysicalRevisionFlushes         0 
00:00:49.142143 /IEM/CPU0/Tlb/Code/PhysicalRevisionRollovers         0 
00:00:49.142149 /IEM/CPU0/Tlb/Code/RevisionGlobal          fffff38000000000 
00:00:49.142155 /IEM/CPU0/Tlb/Code/RevisionGlobalFlushes           0 
00:00:49.142160 /IEM/CPU0/Tlb/Code/RevisionNonGlobal       fffff38000000000 
00:00:49.142166 /IEM/CPU0/Tlb/Code/RevisionNonGlobalFlushes         0 
00:00:49.142172 /IEM/CPU0/Tlb/Code/RevisionRollovers               0 
00:00:49.142178 /IEM/CPU0/Tlb/Code/SlowReads                       0 count
00:00:49.142183 /IEM/CPU0/Tlb/Data/InvlPg                          0 
00:00:49.142189 /IEM/CPU0/Tlb/Data/InvlPg/LargeGlobal              0 
00:00:49.142195 /IEM/CPU0/Tlb/Data/InvlPg/LargeNonGlobal           0 
00:00:49.142201 /IEM/CPU0/Tlb/Data/LargePageGlobalCurLoads         0 count
00:00:49.142206 /IEM/CPU0/Tlb/Data/LargePageGlobalFirstTag ffffffffffffffff count
00:00:49.142212 /IEM/CPU0/Tlb/Data/LargePageGlobalLastTag          0 count
00:00:49.142218 /IEM/CPU0/Tlb/Data/LargePageNonGlobalCurLoads         0 count
00:00:49.142224 /IEM/CPU0/Tlb/Data/LargePageNonGlobalFirstTag ffffffffffffffff count
00:00:49.142229 /IEM/CPU0/Tlb/Data/LargePageNonGlobalLastTag         0 count
00:00:49.142235 /IEM/CPU0/Tlb/Data/Misses                          0 count
00:00:49.142241 /IEM/CPU0/Tlb/Data/Misses/Core                     0 count
00:00:49.142247 /IEM/CPU0/Tlb/Data/Misses/Core/GlobalLoads         0 count
00:00:49.142253 /IEM/CPU0/Tlb/Data/Misses/Safe                     0 count
00:00:49.142259 /IEM/CPU0/Tlb/Data/Misses/Safe/Reads               0 count
00:00:49.142265 /IEM/CPU0/Tlb/Data/Misses/Safe/SubPartHits         0 count
00:00:49.142270 /IEM/CPU0/Tlb/Data/Misses/Safe/SubPartMisses         0 count
00:00:49.142276 /IEM/CPU0/Tlb/Data/Misses/Safe/SubPartMisses/GlobalLoads         0 count
00:00:49.142282 /IEM/CPU0/Tlb/Data/Misses/Safe/Writes              0 count
00:00:49.142288 /IEM/CPU0/Tlb/Data/PhysicalRevision        fffffffffffce000 
00:00:49.142293 /IEM/CPU0/Tlb/Data/PhysicalRevisionFlushes         0 
00:00:49.142299 /IEM/CPU0/Tlb/Data/PhysicalRevisionRollovers         0 
00:00:49.142305 /IEM/CPU0/Tlb/Data/RevisionGlobal          fffff38000000000 
00:00:49.142311 /IEM/CPU0/Tlb/Data/RevisionGlobalFlushes           0 
00:00:49.142317 /IEM/CPU0/Tlb/Data/RevisionNonGlobal       fffff38000000000 
00:00:49.142323 /IEM/CPU0/Tlb/Data/RevisionNonGlobalFlushes         0 
00:00:49.142329 /IEM/CPU0/Tlb/Data/RevisionRollovers               0 
00:00:49.142334 /IEM/CPU0/cInstructions                       423566 count
00:00:49.142340 /IEM/CPU0/cLongJumps                               0 bytes
00:00:49.142346 /IEM/CPU0/cMisalignedAtomics                       0 count
00:00:49.142352 /IEM/CPU0/cPendingCommit                           0 count
00:00:49.142358 /IEM/CPU0/cPotentialExits                      47216 count
00:00:49.142364 /IEM/CPU0/cRetAspectNotImplemented                 0 count
00:00:49.142369 /IEM/CPU0/cRetErrStatuses                          0 count
00:00:49.142375 /IEM/CPU0/cRetInfStatuses                        654 count
00:00:49.142381 /IEM/CPU0/cRetInstrNotImplemented                  0 count
00:00:49.142387 /IOM/MmioMappingsStale                             0 ticks/call
00:00:49.142393 /IOM/MmioTooDeepRecursion                          0 times
00:00:49.142399 /NEM/CPU0/BreakOnCancel                            0 times
00:00:49.142405 /NEM/CPU0/BreakOnFFPost                            4 times
00:00:49.142411 /NEM/CPU0/BreakOnFFPre                             2 times
00:00:49.142417 /NEM/CPU0/BreakOnStatus                            0 times
00:00:49.142422 /NEM/CPU0/CancelAlertedEMT                         0 times
00:00:49.142428 /NEM/CPU0/CancelChangedState                       0 times
00:00:49.142434 /NEM/CPU0/ExitApicEoi                              0 times
00:00:49.142440 /NEM/CPU0/ExitApicSipiInit                         0 times
00:00:49.142446 /NEM/CPU0/ExitCanceled                             2 times
00:00:49.142454 /NEM/CPU0/ExitCpuId                                0 times
00:00:49.142462 /NEM/CPU0/ExitException                            0 times
00:00:49.142468 /NEM/CPU0/ExitExceptionBp                          0 times
00:00:49.142474 /NEM/CPU0/ExitExceptionDb                          0 times
00:00:49.142480 /NEM/CPU0/ExitExceptionGp                          0 times
00:00:49.142486 /NEM/CPU0/ExitExceptionGpMesa                      0 times
00:00:49.142492 /NEM/CPU0/ExitExceptionUd                          0 times
00:00:49.142498 /NEM/CPU0/ExitExceptionUdHandled                   0 times
00:00:49.142503 /NEM/CPU0/ExitHalt                                 0 times
00:00:49.142510 /NEM/CPU0/ExitInterruptWindow                      0 times
00:00:49.142515 /NEM/CPU0/ExitMemUnmapped                        282 times
00:00:49.142521 /NEM/CPU0/ExitMsr                                  0 times
00:00:49.142527 /NEM/CPU0/ExitPortIo                            1053 times
00:00:49.142533 /NEM/CPU0/ExitUnrecoverable                        0 times
00:00:49.142539 /NEM/CPU0/GetMsgTimeout                            0 times
00:00:49.142545 /NEM/CPU0/ImportOnDemand                           1 times
00:00:49.142551 /NEM/CPU0/ImportOnReturn                           4 times
00:00:49.142556 /NEM/CPU0/ImportOnReturnSkipped                    2 times
00:00:49.142562 /NEM/CPU0/QueryCpuTick                             1 times
00:00:49.142568 /NEM/CPU0/StopCpuPending                           0 times
00:00:49.142574 /NEM/CPU0/StopCpuPendingAlerts                     0 times
00:00:49.142580 /NEM/CPU0/StopCpuPendingOdd                        0 times
00:00:49.142585 /NEM/CPU0/StopCpuSuccess                           0 times
00:00:49.142591 /NEM/PagesCurrentlyMapped                  4294967282 pages
00:00:49.142597 /NEM/PagesMapCalls                                 0 pages
00:00:49.142603 /NEM/PagesMapFails                                 0 pages
00:00:49.142609 /NEM/PagesMapGpaRange                        5395029 ticks/call (    70135380 ticks,      13 calls, max  66325620, min   69300)
00:00:49.142616 /NEM/PagesMapGpaRangePage                          0 ticks/call (           0 ticks,       0 calls, max         0, min      -1)
00:00:49.142623 /NEM/PagesUnmapCalls                              14 pages
00:00:49.142629 /NEM/PagesUnmapFails                               0 pages
00:00:49.142635 /NEM/PagesUnmapGpaRange                            0 ticks/call (           0 ticks,       0 calls, max         0, min      -1)
00:00:49.142641 /NEM/PagesUnmapGpaRangePage                    47313 ticks/call (      662395 ticks,      14 calls, max    107518, min   35474)
00:00:49.142655 /NEM/R0Stats/cPagesAvailable                       0 pages
00:00:49.142662 /NEM/R0Stats/cPagesInUse                           0 pages
00:00:49.142668 /PDM/BlkCache/cbCached                             0 bytes
00:00:49.142674 /PDM/BlkCache/cbCachedFru                          0 bytes
00:00:49.142680 /PDM/BlkCache/cbCachedMruIn                        0 bytes
00:00:49.142686 /PDM/BlkCache/cbCachedMruOut                       0 bytes
00:00:49.142692 /PDM/BlkCache/cbMax                          5242880 bytes
00:00:49.142698 /PDM/CritSects/00-AbortedEnters                    0 times
00:00:49.142704 /PDM/CritSects/00-EntersWhileAborting              0 times
00:00:49.142709 /PDM/CritSects/00-Non-interruptible-Waits-VINF_SUCCESS         0 times
00:00:49.142715 /PDM/CritSects/00-QueuedLeaves                     0 times
00:00:49.142721 /PDM/CritSects/00-VERR_INTERRUPTED                 0 times
00:00:49.142727 /PDM/CritSects/00-VERR_TIMEOUT                     0 times
00:00:49.142733 /PDM/CritSects/8237A#0Auto/ContentionR3            0 times
00:00:49.142739 /PDM/CritSects/8237A#0Auto/ContentionR3Wait         0 ticks/time (           0 ticks,       0 times, max         0, min      -1)
00:00:49.142745 /PDM/CritSects/8237A#0Auto/ContentionRZLock         0 times
00:00:49.142751 /PDM/CritSects/8237A#0Auto/ContentionRZLockBusy         0 times
00:00:49.142756 /PDM/CritSects/8237A#0Auto/ContentionRZUnlock         0 times
00:00:49.142765 /PDM/CritSects/8237A#0Auto/ContentionRZWait         0 ticks/time (           0 ticks,       0 times, max         0, min      -1)
00:00:49.142772 /PDM/CritSects/AC'97/ContentionR3                  0 times
00:00:49.142778 /PDM/CritSects/AC'97/ContentionR3Wait              0 ticks/time (           0 ticks,       0 times, max         0, min      -1)
00:00:49.142784 /PDM/CritSects/AC'97/ContentionRZLock              0 times
00:00:49.142790 /PDM/CritSects/AC'97/ContentionRZLockBusy          0 times
00:00:49.142796 /PDM/CritSects/AC'97/ContentionRZUnlock            0 times
00:00:49.142801 /PDM/CritSects/AC'97/ContentionRZWait              0 ticks/time (           0 ticks,       0 times, max         0, min      -1)
00:00:49.142808 /PDM/CritSects/AHCI#0/ContentionR3                 0 times
00:00:49.142814 /PDM/CritSects/AHCI#0/ContentionR3Wait             0 ticks/time (           0 ticks,       0 times, max         0, min      -1)
00:00:49.142820 /PDM/CritSects/AHCI#0/ContentionRZLock             0 times
00:00:49.142825 /PDM/CritSects/AHCI#0/ContentionRZLockBusy         0 times
00:00:49.142831 /PDM/CritSects/AHCI#0/ContentionRZUnlock           0 times
00:00:49.142837 /PDM/CritSects/AHCI#0/ContentionRZWait             0 ticks/time (           0 ticks,       0 times, max         0, min      -1)
00:00:49.142843 /PDM/CritSects/ATA#0-Ctl/ContentionR3              3 times
00:00:49.142849 /PDM/CritSects/ATA#0-Ctl/ContentionR3Wait      77563 ticks/time (      232691 ticks,       3 times, max    127814, min   31997)
00:00:49.142855 /PDM/CritSects/ATA#0-Ctl/ContentionRZLock          0 times
00:00:49.142861 /PDM/CritSects/ATA#0-Ctl/ContentionRZLockBusy         0 times
00:00:49.142867 /PDM/CritSects/ATA#0-Ctl/ContentionRZUnlock         0 times
00:00:49.142872 /PDM/CritSects/ATA#0-Ctl/ContentionRZWait          0 ticks/time (           0 ticks,       0 times, max         0, min      -1)
00:00:49.142879 /PDM/CritSects/ATA#0-Req/ContentionR3              0 times
00:00:49.142885 /PDM/CritSects/ATA#0-Req/ContentionR3Wait          0 ticks/time (           0 ticks,       0 times, max         0, min      -1)
00:00:49.142891 /PDM/CritSects/ATA#0-Req/ContentionRZLock          0 times
00:00:49.142896 /PDM/CritSects/ATA#0-Req/ContentionRZLockBusy         0 times
00:00:49.142902 /PDM/CritSects/ATA#0-Req/ContentionRZUnlock         0 times
00:00:49.142908 /PDM/CritSects/ATA#0-Req/ContentionRZWait          0 ticks/time (           0 ticks,       0 times, max         0, min      -1)
00:00:49.142914 /PDM/CritSects/ATA#1-Ctl/ContentionR3              0 times
00:00:49.142920 /PDM/CritSects/ATA#1-Ctl/ContentionR3Wait          0 ticks/time (           0 ticks,       0 times, max         0, min      -1)
00:00:49.142926 /PDM/CritSects/ATA#1-Ctl/ContentionRZLock          0 times
00:00:49.142932 /PDM/CritSects/ATA#1-Ctl/ContentionRZLockBusy         0 times
00:00:49.142937 /PDM/CritSects/ATA#1-Ctl/ContentionRZUnlock         0 times
00:00:49.142943 /PDM/CritSects/ATA#1-Ctl/ContentionRZWait          0 ticks/time (           0 ticks,       0 times, max         0, min      -1)
00:00:49.142949 /PDM/CritSects/ATA#1-Req/ContentionR3              0 times
00:00:49.142955 /PDM/CritSects/ATA#1-Req/ContentionR3Wait          0 ticks/time (           0 ticks,       0 times, max         0, min      -1)
00:00:49.142961 /PDM/CritSects/ATA#1-Req/ContentionRZLock          0 times
00:00:49.142966 /PDM/CritSects/ATA#1-Req/ContentionRZLockBusy         0 times
00:00:49.142972 /PDM/CritSects/ATA#1-Req/ContentionRZUnlock         0 times
00:00:49.142978 /PDM/CritSects/ATA#1-Req/ContentionRZWait          0 ticks/time (           0 ticks,       0 times, max         0, min      -1)
00:00:49.142984 /PDM/CritSects/E1000#0/ContentionR3                0 times
00:00:49.142990 /PDM/CritSects/E1000#0/ContentionR3Wait            0 ticks/time (           0 ticks,       0 times, max         0, min      -1)
00:00:49.142996 /PDM/CritSects/E1000#0/ContentionRZLock            0 times
00:00:49.143004 /PDM/CritSects/E1000#0/ContentionRZLockBusy         0 times
00:00:49.143011 /PDM/CritSects/E1000#0/ContentionRZUnlock          0 times
00:00:49.143017 /PDM/CritSects/E1000#0/ContentionRZWait            0 ticks/time (           0 ticks,       0 times, max         0, min      -1)
00:00:49.143023 /PDM/CritSects/E1000#0RX/ContentionR3              0 times
00:00:49.143029 /PDM/CritSects/E1000#0RX/ContentionR3Wait          0 ticks/time (           0 ticks,       0 times, max         0, min      -1)
00:00:49.143035 /PDM/CritSects/E1000#0RX/ContentionRZLock          0 times
00:00:49.143041 /PDM/CritSects/E1000#0RX/ContentionRZLockBusy         0 times
00:00:49.143046 /PDM/CritSects/E1000#0RX/ContentionRZUnlock         0 times
00:00:49.143052 /PDM/CritSects/E1000#0RX/ContentionRZWait          0 ticks/time (           0 ticks,       0 times, max         0, min      -1)
00:00:49.143058 /PDM/CritSects/E1000#0TX/ContentionR3              0 times
00:00:49.143064 /PDM/CritSects/E1000#0TX/ContentionR3Wait          0 ticks/time (           0 ticks,       0 times, max         0, min      -1)
00:00:49.143070 /PDM/CritSects/E1000#0TX/ContentionRZLock          0 times
00:00:49.143076 /PDM/CritSects/E1000#0TX/ContentionRZLockBusy         0 times
00:00:49.143081 /PDM/CritSects/E1000#0TX/ContentionRZUnlock         0 times
00:00:49.143087 /PDM/CritSects/E1000#0TX/ContentionRZWait          0 ticks/time (           0 ticks,       0 times, max         0, min      -1)
00:00:49.143094 /PDM/CritSects/EHCI#0Irq/ContentionR3              0 times
00:00:49.143099 /PDM/CritSects/EHCI#0Irq/ContentionR3Wait          0 ticks/time (           0 ticks,       0 times, max         0, min      -1)
00:00:49.143106 /PDM/CritSects/EHCI#0Irq/ContentionRZLock          0 times
00:00:49.143111 /PDM/CritSects/EHCI#0Irq/ContentionRZLockBusy         0 times
00:00:49.143117 /PDM/CritSects/EHCI#0Irq/ContentionRZUnlock         0 times
00:00:49.143123 /PDM/CritSects/EHCI#0Irq/ContentionRZWait          0 ticks/time (           0 ticks,       0 times, max         0, min      -1)
00:00:49.143129 /PDM/CritSects/GIMDev#0Auto/ContentionR3           0 times
00:00:49.143135 /PDM/CritSects/GIMDev#0Auto/ContentionR3Wait         0 ticks/time (           0 ticks,       0 times, max         0, min      -1)
00:00:49.143141 /PDM/CritSects/GIMDev#0Auto/ContentionRZLock         0 times
00:00:49.143147 /PDM/CritSects/GIMDev#0Auto/ContentionRZLockBusy         0 times
00:00:49.143153 /PDM/CritSects/GIMDev#0Auto/ContentionRZUnlock         0 times
00:00:49.143160 /PDM/CritSects/GIMDev#0Auto/ContentionRZWait         0 ticks/time (           0 ticks,       0 times, max         0, min      -1)
00:00:49.143166 /PDM/CritSects/NOP/ContentionR3                    0 times
00:00:49.143172 /PDM/CritSects/NOP/ContentionR3Wait                0 ticks/time (           0 ticks,       0 times, max         0, min      -1)
00:00:49.143179 /PDM/CritSects/NOP/ContentionRZLock                0 times
00:00:49.143185 /PDM/CritSects/NOP/ContentionRZLockBusy            0 times
00:00:49.143190 /PDM/CritSects/NOP/ContentionRZUnlock              0 times
00:00:49.143196 /PDM/CritSects/NOP/ContentionRZWait                0 ticks/time (           0 ticks,       0 times, max         0, min      -1)
00:00:49.143202 /PDM/CritSects/OHCI#0Irq/ContentionR3              0 times
00:00:49.143208 /PDM/CritSects/OHCI#0Irq/ContentionR3Wait          0 ticks/time (           0 ticks,       0 times, max         0, min      -1)
00:00:49.143214 /PDM/CritSects/OHCI#0Irq/ContentionRZLock          0 times
00:00:49.143220 /PDM/CritSects/OHCI#0Irq/ContentionRZLockBusy         0 times
00:00:49.143226 /PDM/CritSects/OHCI#0Irq/ContentionRZUnlock         0 times
00:00:49.143232 /PDM/CritSects/OHCI#0Irq/ContentionRZWait          0 ticks/time (           0 ticks,       0 times, max         0, min      -1)
00:00:49.143238 /PDM/CritSects/PDM/ContentionR3                    0 times
00:00:49.143256 /PDM/CritSects/PDM/ContentionR3Wait                0 ticks/time (           0 ticks,       0 times, max         0, min      -1)
00:00:49.143266 /PDM/CritSects/PDM/ContentionRZLock                0 times
00:00:49.143273 /PDM/CritSects/PDM/ContentionRZLockBusy            0 times
00:00:49.143279 /PDM/CritSects/PDM/ContentionRZUnlock              0 times
00:00:49.143285 /PDM/CritSects/PDM/ContentionRZWait                0 ticks/time (           0 ticks,       0 times, max         0, min      -1)
00:00:49.143291 /PDM/CritSects/PGM/ContentionR3                   13 times
00:00:49.143297 /PDM/CritSects/PGM/ContentionR3Wait            57744 ticks/time (      750675 ticks,      13 times, max    120828, min   28035)
00:00:49.143304 /PDM/CritSects/PGM/ContentionRZLock                0 times
00:00:49.143309 /PDM/CritSects/PGM/ContentionRZLockBusy            0 times
00:00:49.143315 /PDM/CritSects/PGM/ContentionRZUnlock              0 times
00:00:49.143321 /PDM/CritSects/PGM/ContentionRZWait                0 ticks/time (           0 ticks,       0 times, max         0, min      -1)
00:00:49.143327 /PDM/CritSects/TM VirtualSync Lock/ContentionR3         0 times
00:00:49.143333 /PDM/CritSects/TM VirtualSync Lock/ContentionR3Wait         0 ticks/time (           0 ticks,       0 times, max         0, min      -1)
00:00:49.143339 /PDM/CritSects/TM VirtualSync Lock/ContentionRZLock         0 times
00:00:49.143345 /PDM/CritSects/TM VirtualSync Lock/ContentionRZLockBusy         0 times
00:00:49.143351 /PDM/CritSects/TM VirtualSync Lock/ContentionRZUnlock         0 times
00:00:49.143356 /PDM/CritSects/TM VirtualSync Lock/ContentionRZWait         0 ticks/time (           0 ticks,       0 times, max         0, min      -1)
00:00:49.143363 /PDM/CritSects/TM real queue timer lock/ContentionR3         0 times
00:00:49.143369 /PDM/CritSects/TM real queue timer lock/ContentionR3Wait         0 ticks/time (           0 ticks,       0 times, max         0, min      -1)
00:00:49.143375 /PDM/CritSects/TM real queue timer lock/ContentionRZLock         0 times
00:00:49.143381 /PDM/CritSects/TM real queue timer lock/ContentionRZLockBusy         0 times
00:00:49.143386 /PDM/CritSects/TM real queue timer lock/ContentionRZUnlock         0 times
00:00:49.143392 /PDM/CritSects/TM real queue timer lock/ContentionRZWait         0 ticks/time (           0 ticks,       0 times, max         0, min      -1)
00:00:49.143398 /PDM/CritSects/TM tsc queue timer lock/ContentionR3         0 times
00:00:49.143404 /PDM/CritSects/TM tsc queue timer lock/ContentionR3Wait         0 ticks/time (           0 ticks,       0 times, max         0, min      -1)
00:00:49.143410 /PDM/CritSects/TM tsc queue timer lock/ContentionRZLock         0 times
00:00:49.143416 /PDM/CritSects/TM tsc queue timer lock/ContentionRZLockBusy         0 times
00:00:49.143422 /PDM/CritSects/TM tsc queue timer lock/ContentionRZUnlock         0 times
00:00:49.143427 /PDM/CritSects/TM tsc queue timer lock/ContentionRZWait         0 ticks/time (           0 ticks,       0 times, max         0, min      -1)
00:00:49.143434 /PDM/CritSects/TM virtual queue timer lock/ContentionR3         0 times
00:00:49.143439 /PDM/CritSects/TM virtual queue timer lock/ContentionR3Wait         0 ticks/time (           0 ticks,       0 times, max         0, min      -1)
00:00:49.143446 /PDM/CritSects/TM virtual queue timer lock/ContentionRZLock         0 times
00:00:49.143451 /PDM/CritSects/TM virtual queue timer lock/ContentionRZLockBusy         0 times
00:00:49.143457 /PDM/CritSects/TM virtual queue timer lock/ContentionRZUnlock         0 times
00:00:49.143463 /PDM/CritSects/TM virtual queue timer lock/ContentionRZWait         0 ticks/time (           0 ticks,       0 times, max         0, min      -1)
00:00:49.143469 /PDM/CritSects/TM virtual_sync queue timer lock/ContentionR3         0 times
00:00:49.143475 /PDM/CritSects/TM virtual_sync queue timer lock/ContentionR3Wait         0 ticks/time (           0 ticks,       0 times, max         0, min      -1)
00:00:49.143481 /PDM/CritSects/TM virtual_sync queue timer lock/ContentionRZLock         0 times
00:00:49.143487 /PDM/CritSects/TM virtual_sync queue timer lock/ContentionRZLockBusy         0 times
00:00:49.143495 /PDM/CritSects/TM virtual_sync queue timer lock/ContentionRZUnlock         0 times
00:00:49.143502 /PDM/CritSects/TM virtual_sync queue timer lock/ContentionRZWait         0 ticks/time (           0 ticks,       0 times, max         0, min      -1)
00:00:49.143508 /PDM/CritSects/VGA#0/ContentionR3                  0 times
00:00:49.143514 /PDM/CritSects/VGA#0/ContentionR3Wait              0 ticks/time (           0 ticks,       0 times, max         0, min      -1)
00:00:49.143520 /PDM/CritSects/VGA#0/ContentionRZLock              0 times
00:00:49.143526 /PDM/CritSects/VGA#0/ContentionRZLockBusy          0 times
00:00:49.143532 /PDM/CritSects/VGA#0/ContentionRZUnlock            0 times
00:00:49.143537 /PDM/CritSects/VGA#0/ContentionRZWait              0 ticks/time (           0 ticks,       0 times, max         0, min      -1)
00:00:49.143543 /PDM/CritSects/VGA#0_IRQ/ContentionR3              0 times
00:00:49.143549 /PDM/CritSects/VGA#0_IRQ/ContentionR3Wait          0 ticks/time (           0 ticks,       0 times, max         0, min      -1)
00:00:49.143555 /PDM/CritSects/VGA#0_IRQ/ContentionRZLock          0 times
00:00:49.143561 /PDM/CritSects/VGA#0_IRQ/ContentionRZLockBusy         0 times
00:00:49.143566 /PDM/CritSects/VGA#0_IRQ/ContentionRZUnlock         0 times
00:00:49.143572 /PDM/CritSects/VGA#0_IRQ/ContentionRZWait          0 ticks/time (           0 ticks,       0 times, max         0, min      -1)
00:00:49.143578 /PDM/CritSects/VMMDev#0/ContentionR3               0 times
00:00:49.143584 /PDM/CritSects/VMMDev#0/ContentionR3Wait           0 ticks/time (           0 ticks,       0 times, max         0, min      -1)
00:00:49.143590 /PDM/CritSects/VMMDev#0/ContentionRZLock           0 times
00:00:49.143596 /PDM/CritSects/VMMDev#0/ContentionRZLockBusy         0 times
00:00:49.143601 /PDM/CritSects/VMMDev#0/ContentionRZUnlock         0 times
00:00:49.143607 /PDM/CritSects/VMMDev#0/ContentionRZWait           0 ticks/time (           0 ticks,       0 times, max         0, min      -1)
00:00:49.143613 /PDM/CritSects/acpi#0/ContentionR3                 0 times
00:00:49.143619 /PDM/CritSects/acpi#0/ContentionR3Wait             0 ticks/time (           0 ticks,       0 times, max         0, min      -1)
00:00:49.143625 /PDM/CritSects/acpi#0/ContentionRZLock             0 times
00:00:49.143631 /PDM/CritSects/acpi#0/ContentionRZLockBusy         0 times
00:00:49.143637 /PDM/CritSects/acpi#0/ContentionRZUnlock           0 times
00:00:49.143643 /PDM/CritSects/acpi#0/ContentionRZWait             0 ticks/time (           0 ticks,       0 times, max         0, min      -1)
00:00:49.143649 /PDM/CritSects/mc146818#0Auto/ContentionR3         0 times
00:00:49.143655 /PDM/CritSects/mc146818#0Auto/ContentionR3Wait         0 ticks/time (           0 ticks,       0 times, max         0, min      -1)
00:00:49.143661 /PDM/CritSects/mc146818#0Auto/ContentionRZLock         0 times
00:00:49.143667 /PDM/CritSects/mc146818#0Auto/ContentionRZLockBusy         0 times
00:00:49.143673 /PDM/CritSects/mc146818#0Auto/ContentionRZUnlock         0 times
00:00:49.143679 /PDM/CritSects/mc146818#0Auto/ContentionRZWait         0 ticks/time (           0 ticks,       0 times, max         0, min      -1)
00:00:49.143686 /PDM/CritSects/pcarch#0Auto/ContentionR3           0 times
00:00:49.143692 /PDM/CritSects/pcarch#0Auto/ContentionR3Wait         0 ticks/time (           0 ticks,       0 times, max         0, min      -1)
00:00:49.143698 /PDM/CritSects/pcarch#0Auto/ContentionRZLock         0 times
00:00:49.143704 /PDM/CritSects/pcarch#0Auto/ContentionRZLockBusy         0 times
00:00:49.143710 /PDM/CritSects/pcarch#0Auto/ContentionRZUnlock         0 times
00:00:49.143716 /PDM/CritSects/pcarch#0Auto/ContentionRZWait         0 ticks/time (           0 ticks,       0 times, max         0, min      -1)
00:00:49.143722 /PDM/CritSects/pcbios#0Auto/ContentionR3           0 times
00:00:49.143727 /PDM/CritSects/pcbios#0Auto/ContentionR3Wait         0 ticks/time (           0 ticks,       0 times, max         0, min      -1)
00:00:49.143736 /PDM/CritSects/pcbios#0Auto/ContentionRZLock         0 times
00:00:49.143743 /PDM/CritSects/pcbios#0Auto/ContentionRZLockBusy         0 times
00:00:49.143749 /PDM/CritSects/pcbios#0Auto/ContentionRZUnlock         0 times
00:00:49.143755 /PDM/CritSects/pcbios#0Auto/ContentionRZWait         0 ticks/time (           0 ticks,       0 times, max         0, min      -1)
00:00:49.143761 /PDM/CritSects/pckbd#0Auto/ContentionR3            0 times
00:00:49.143767 /PDM/CritSects/pckbd#0Auto/ContentionR3Wait         0 ticks/time (           0 ticks,       0 times, max         0, min      -1)
00:00:49.143773 /PDM/CritSects/pckbd#0Auto/ContentionRZLock         0 times
00:00:49.143778 /PDM/CritSects/pckbd#0Auto/ContentionRZLockBusy         0 times
00:00:49.143784 /PDM/CritSects/pckbd#0Auto/ContentionRZUnlock         0 times
00:00:49.143790 /PDM/CritSects/pckbd#0Auto/ContentionRZWait         0 ticks/time (           0 ticks,       0 times, max         0, min      -1)
00:00:49.143796 /PDM/CritSects/pit#0/ContentionR3                  0 times
00:00:49.143802 /PDM/CritSects/pit#0/ContentionR3Wait              0 ticks/time (           0 ticks,       0 times, max         0, min      -1)
00:00:49.143808 /PDM/CritSects/pit#0/ContentionRZLock              0 times
00:00:49.143814 /PDM/CritSects/pit#0/ContentionRZLockBusy          0 times
00:00:49.143819 /PDM/CritSects/pit#0/ContentionRZUnlock            0 times
00:00:49.143825 /PDM/CritSects/pit#0/ContentionRZWait              0 ticks/time (           0 ticks,       0 times, max         0, min      -1)
00:00:49.143831 /PDM/CritSects/usb-ehci#0Auto/ContentionR3         0 times
00:00:49.143837 /PDM/CritSects/usb-ehci#0Auto/ContentionR3Wait         0 ticks/time (           0 ticks,       0 times, max         0, min      -1)
00:00:49.143843 /PDM/CritSects/usb-ehci#0Auto/ContentionRZLock         0 times
00:00:49.143849 /PDM/CritSects/usb-ehci#0Auto/ContentionRZLockBusy         0 times
00:00:49.143855 /PDM/CritSects/usb-ehci#0Auto/ContentionRZUnlock         0 times
00:00:49.143860 /PDM/CritSects/usb-ehci#0Auto/ContentionRZWait         0 ticks/time (           0 ticks,       0 times, max         0, min      -1)
00:00:49.143866 /PDM/CritSects/usb-ohci#0Auto/ContentionR3         0 times
00:00:49.143872 /PDM/CritSects/usb-ohci#0Auto/ContentionR3Wait         0 ticks/time (           0 ticks,       0 times, max         0, min      -1)
00:00:49.143878 /PDM/CritSects/usb-ohci#0Auto/ContentionRZLock         0 times
00:00:49.143884 /PDM/CritSects/usb-ohci#0Auto/ContentionRZLockBusy         0 times
00:00:49.143890 /PDM/CritSects/usb-ohci#0Auto/ContentionRZUnlock         0 times
00:00:49.143896 /PDM/CritSects/usb-ohci#0Auto/ContentionRZWait         0 ticks/time (           0 ticks,       0 times, max         0, min      -1)
00:00:49.143903 /PDM/CritSectsRw/00-EnterSharedWhileAborting         0 times
00:00:49.143909 /PDM/CritSectsRw/00-Excl-Non-interruptible-Waits-VINF_SUCCESS         0 times
00:00:49.143916 /PDM/CritSectsRw/00-Excl-VERR_INTERRUPTED          0 times
00:00:49.143923 /PDM/CritSectsRw/00-Excl-VERR_TIMEOUT              0 times
00:00:49.143929 /PDM/CritSectsRw/00-Shared-Non-interruptible-Waits-VINF_SUCCESS         0 times
00:00:49.143935 /PDM/CritSectsRw/00-Shared-VERR_INTERRUPTED         0 times
00:00:49.143963 /PDM/CritSectsRw/00-Shared-VERR_TIMEOUT            0 times
00:00:49.143971 /PDM/CritSectsRw/IOM Lock/ContentionR3EnterExcl         0 times
00:00:49.143974 /PDM/CritSectsRw/IOM Lock/ContentionR3EnterShared         0 times
00:00:49.143976 /PDM/CritSectsRw/IOM Lock/ContentionR3LeaveExcl         0 times
00:00:49.143979 /PDM/CritSectsRw/IOM Lock/ContentionRZEnterExcl         0 times
00:00:49.143982 /PDM/CritSectsRw/IOM Lock/ContentionRZEnterShared         0 times
00:00:49.143984 /PDM/CritSectsRw/IOM Lock/ContentionRZLeaveExcl         0 times
00:00:49.143987 /PDM/CritSectsRw/IOM Lock/ContentionRZLeaveShared         0 times
00:00:49.143990 /PDM/CritSectsRw/IOM Lock/R3EnterExcl             77 times
00:00:49.143995 /PDM/CritSectsRw/IOM Lock/R3EnterShared         5708 times
00:00:49.143999 /PDM/CritSectsRw/IOM Lock/RZEnterExcl              0 times
00:00:49.144002 /PDM/CritSectsRw/IOM Lock/RZEnterShared            0 times
00:00:49.144004 /PDM/CritSectsRw/TM real queue alloc lock/ContentionR3EnterExcl         0 times
00:00:49.144007 /PDM/CritSectsRw/TM real queue alloc lock/ContentionR3EnterShared         0 times
00:00:49.144010 /PDM/CritSectsRw/TM real queue alloc lock/ContentionR3LeaveExcl         0 times
00:00:49.144012 /PDM/CritSectsRw/TM real queue alloc lock/ContentionRZEnterExcl         0 times
00:00:49.144015 /PDM/CritSectsRw/TM real queue alloc lock/ContentionRZEnterShared         0 times
00:00:49.144018 /PDM/CritSectsRw/TM real queue alloc lock/ContentionRZLeaveExcl         0 times
00:00:49.144020 /PDM/CritSectsRw/TM real queue alloc lock/ContentionRZLeaveShared         0 times
00:00:49.144023 /PDM/CritSectsRw/TM real queue alloc lock/R3EnterExcl         8 times
00:00:49.144025 /PDM/CritSectsRw/TM real queue alloc lock/R3EnterShared         1 times
00:00:49.144028 /PDM/CritSectsRw/TM real queue alloc lock/RZEnterExcl         0 times
00:00:49.144031 /PDM/CritSectsRw/TM real queue alloc lock/RZEnterShared         0 times
00:00:49.144033 /PDM/CritSectsRw/TM tsc queue alloc lock/ContentionR3EnterExcl         0 times
00:00:49.144036 /PDM/CritSectsRw/TM tsc queue alloc lock/ContentionR3EnterShared         0 times
00:00:49.144038 /PDM/CritSectsRw/TM tsc queue alloc lock/ContentionR3LeaveExcl         0 times
00:00:49.144041 /PDM/CritSectsRw/TM tsc queue alloc lock/ContentionRZEnterExcl         0 times
00:00:49.144044 /PDM/CritSectsRw/TM tsc queue alloc lock/ContentionRZEnterShared         0 times
00:00:49.144046 /PDM/CritSectsRw/TM tsc queue alloc lock/ContentionRZLeaveExcl         0 times
00:00:49.144049 /PDM/CritSectsRw/TM tsc queue alloc lock/ContentionRZLeaveShared         0 times
00:00:49.144051 /PDM/CritSectsRw/TM tsc queue alloc lock/R3EnterExcl         0 times
00:00:49.144054 /PDM/CritSectsRw/TM tsc queue alloc lock/R3EnterShared         1 times
00:00:49.144057 /PDM/CritSectsRw/TM tsc queue alloc lock/RZEnterExcl         0 times
00:00:49.144059 /PDM/CritSectsRw/TM tsc queue alloc lock/RZEnterShared         0 times
00:00:49.144062 /PDM/CritSectsRw/TM virtual queue alloc lock/ContentionR3EnterExcl         0 times
00:00:49.144064 /PDM/CritSectsRw/TM virtual queue alloc lock/ContentionR3EnterShared         0 times
00:00:49.144067 /PDM/CritSectsRw/TM virtual queue alloc lock/ContentionR3LeaveExcl         0 times
00:00:49.144070 /PDM/CritSectsRw/TM virtual queue alloc lock/ContentionRZEnterExcl         0 times
00:00:49.144072 /PDM/CritSectsRw/TM virtual queue alloc lock/ContentionRZEnterShared         0 times
00:00:49.144075 /PDM/CritSectsRw/TM virtual queue alloc lock/ContentionRZLeaveExcl         0 times
00:00:49.144077 /PDM/CritSectsRw/TM virtual queue alloc lock/ContentionRZLeaveShared         0 times
00:00:49.144080 /PDM/CritSectsRw/TM virtual queue alloc lock/R3EnterExcl        11 times
00:00:49.144083 /PDM/CritSectsRw/TM virtual queue alloc lock/R3EnterShared         1 times
00:00:49.144085 /PDM/CritSectsRw/TM virtual queue alloc lock/RZEnterExcl         0 times
00:00:49.144088 /PDM/CritSectsRw/TM virtual queue alloc lock/RZEnterShared         0 times
00:00:49.144090 /PDM/CritSectsRw/TM virtual_sync queue alloc lock/ContentionR3EnterExcl         0 times
00:00:49.144093 /PDM/CritSectsRw/TM virtual_sync queue alloc lock/ContentionR3EnterShared         0 times
00:00:49.144096 /PDM/CritSectsRw/TM virtual_sync queue alloc lock/ContentionR3LeaveExcl         0 times
00:00:49.144098 /PDM/CritSectsRw/TM virtual_sync queue alloc lock/ContentionRZEnterExcl         0 times
00:00:49.144101 /PDM/CritSectsRw/TM virtual_sync queue alloc lock/ContentionRZEnterShared         0 times
00:00:49.144103 /PDM/CritSectsRw/TM virtual_sync queue alloc lock/ContentionRZLeaveExcl         0 times
00:00:49.144106 /PDM/CritSectsRw/TM virtual_sync queue alloc lock/ContentionRZLeaveShared         0 times
00:00:49.144110 /PDM/CritSectsRw/TM virtual_sync queue alloc lock/R3EnterExcl         9 times
00:00:49.144113 /PDM/CritSectsRw/TM virtual_sync queue alloc lock/R3EnterShared         1 times
00:00:49.144115 /PDM/CritSectsRw/TM virtual_sync queue alloc lock/RZEnterExcl         0 times
00:00:49.144118 /PDM/CritSectsRw/TM virtual_sync queue alloc lock/RZEnterShared         0 times
00:00:49.144121 /PDM/Queue/DevHlp/AllocFailures                    0 times
00:00:49.144124 /PDM/Queue/DevHlp/Flush                            0 calls
00:00:49.144126 /PDM/Queue/DevHlp/FlushLeftovers                   0 times
00:00:49.144129 /PDM/Queue/DevHlp/Insert                           0 calls
00:00:49.144132 /PDM/Queue/DevHlp/cItems                           8 count
00:00:49.144135 /PDM/Queue/DevHlp/cbItem                          56 bytes
00:00:49.144138 /PDM/Queue/DevHlp/rcOkay                           0 
00:00:49.144141 /PDM/Queue/Keyboard/AllocFailures                  0 times
00:00:49.144143 /PDM/Queue/Keyboard/Flush                          0 calls
00:00:49.144146 /PDM/Queue/Keyboard/FlushLeftovers                 0 times
00:00:49.144149 /PDM/Queue/Keyboard/Insert                         0 calls
00:00:49.144152 /PDM/Queue/Keyboard/cItems                        64 count
00:00:49.144154 /PDM/Queue/Keyboard/cbItem                        16 bytes
00:00:49.144157 /PDM/Queue/Keyboard/rcOkay                         0 
00:00:49.144160 /PDM/Queue/Mouse/AllocFailures                     0 times
00:00:49.144163 /PDM/Queue/Mouse/Flush                             0 calls
00:00:49.144165 /PDM/Queue/Mouse/FlushLeftovers                    0 times
00:00:49.144168 /PDM/Queue/Mouse/Insert                            0 calls
00:00:49.144171 /PDM/Queue/Mouse/cItems                          128 count
00:00:49.144174 /PDM/Queue/Mouse/cbItem                           32 bytes
00:00:49.144176 /PDM/Queue/Mouse/rcOkay                            0 
00:00:49.144179 /PDM/Queue/Mouse_1/AllocFailures                   0 times
00:00:49.144182 /PDM/Queue/Mouse_1/Flush                           0 calls
00:00:49.144185 /PDM/Queue/Mouse_1/FlushLeftovers                  0 times
00:00:49.144187 /PDM/Queue/Mouse_1/Insert                          0 calls
00:00:49.144190 /PDM/Queue/Mouse_1/cItems                        128 count
00:00:49.144193 /PDM/Queue/Mouse_1/cbItem                         32 bytes
00:00:49.144196 /PDM/Queue/Mouse_1/rcOkay                          0 
00:00:49.144199 /PDM/Tasks/000-E1000-Xmit-retriggered              0 times
00:00:49.144201 /PDM/Tasks/000-E1000-Xmit-runs                     0 times
00:00:49.144204 /PGM/CPU0/R3/Page/MapTlbMisses                     0 times
00:00:49.144207 /PGM/CPU0/R3/RamRange/TlbLocking                   0 times
00:00:49.144209 /PGM/CPU0/R3/RamRange/TlbMisses                    0 times
00:00:49.144212 /PGM/CPU0/RZ/Page/MapTlbMisses                     0 times
00:00:49.144215 /PGM/CPU0/RZ/RamRange/TlbLocking                   0 times
00:00:49.144217 /PGM/CPU0/RZ/RamRange/TlbMisses                    0 times
00:00:49.144220 /PGM/CPU0/cA20Changes                              1 times
00:00:49.144223 /PGM/CPU0/cGuestModeChanges                        3 times
00:00:49.144226 /PGM/ChunkR3Map/Mapped                             0 count
00:00:49.144229 /PGM/ChunkR3Map/Unmapped                           0 count
00:00:49.144231 /PGM/ChunkR3Map/c                                  0 count
00:00:49.144234 /PGM/ChunkR3Map/cMax                       4294967295 count
00:00:49.144237 /PGM/LargePage/Alloc                               0 ns/call (           0 ns,       0 calls, max         0, min      -1)
00:00:49.144241 /PGM/LargePage/AllocFailed                         0 times
00:00:49.144244 /PGM/LargePage/Overflow                            0 times
00:00:49.144246 /PGM/LargePage/Recheck                             0 times
00:00:49.144249 /PGM/LargePage/Refused                             0 times
00:00:49.144252 /PGM/LargePage/Reused                              0 times
00:00:49.144303 /PGM/LargePage/TlbFlush                            0 times
00:00:49.144306 /PGM/LargePage/ZeroEvict                           0 times
00:00:49.144310 /PGM/Mmio2QueryAndResetDirtyBitmap                 0 ticks/call (           0 ticks,       0 calls, max         0, min      -1)
00:00:49.144313 /PGM/Page/cAllPages                           529713 count
00:00:49.144316 /PGM/Page/cBalloonedPages                          0 count
00:00:49.144319 /PGM/Page/cHandyPages                              0 count
00:00:49.144322 /PGM/Page/cLargePages                              0 count
00:00:49.144325 /PGM/Page/cLargePagesDisabled                      0 count
00:00:49.144327 /PGM/Page/cMonitoredPages                          0 count
00:00:49.144330 /PGM/Page/cPrivatePages                       529643 count
00:00:49.144333 /PGM/Page/cPureMmioPages                          70 count
00:00:49.144336 /PGM/Page/cReadLockedPages                         0 count
00:00:49.144339 /PGM/Page/cReusedSharedPages                       0 count
00:00:49.144341 /PGM/Page/cSharedPages                             0 count
00:00:49.144344 /PGM/Page/cWriteLockedPages                        0 count
00:00:49.144347 /PGM/Page/cWrittenToPages                          0 count
00:00:49.144350 /PGM/Page/cZeroPages                               0 count
00:00:49.144352 /PGM/PhysHandlerTree/ErrorsAllocatorR3             0 times
00:00:49.144355 /PGM/PhysHandlerTree/ErrorsTree                    0 times
00:00:49.144358 /PGM/PhysHandlerTree/Inserts                      13 times
00:00:49.144361 /PGM/PhysHandlerTree/MaxHandlers                6144 times
00:00:49.144364 /PGM/PhysHandlerTree/RebalancingOperations         5 times
00:00:49.144366 /PGM/PhysHandlerTree/Removals                      0 times
00:00:49.144369 /PGM/Pool/Grow                                     0 ticks/call (           0 ticks,       0 calls, max         0, min      -1)
00:00:49.144372 /PGM/ShMod/Check                                   0 ticks/call (           0 ticks,       0 calls, max         0, min      -1)
00:00:49.144376 /PROF/CPU0/EM/Capped                               0 ticks/call (           0 ticks,       0 calls, max         0, min      -1)
00:00:49.144379 /PROF/CPU0/EM/ForcedActions                      681 times
00:00:49.144382 /PROF/CPU0/EM/HMExec                               0 ticks/call (           0 ticks,       0 calls, max         0, min      -1)
00:00:49.144385 /PROF/CPU0/EM/HMExecuteCalled                      0 times
00:00:49.144388 /PROF/CPU0/EM/Halted                             667 times
00:00:49.144390 /PROF/CPU0/EM/NEMExec                       28719640 ticks/call (   172317842 ticks,       6 calls, max  50368526, min 1854563)
00:00:49.144394 /PROF/CPU0/EM/NEMExecuteCalled                     1 times
00:00:49.144397 /PROF/CPU0/EM/REMTotal                             1 times
00:00:49.144400 /PROF/CPU0/EM/RecordedExits                     3132 times
00:00:49.144402 /PROF/CPU0/EM/Total                        74482399652 ticks/call ( 74482399652 ticks,       1 calls, max 74482399652, min 74482399652)
00:00:49.144406 /PROF/CPU0/VM/Halt/Block                     1470392 ns/call ( 29301981984 ns,   19928 calls, max  37054873, min       1)
00:00:49.144410 /PROF/CPU0/VM/Halt/BlockInsomnia             1226005 ns/call ( 23750175501 ns,   19372 calls, max  37054873, min       1)
00:00:49.144413 /PROF/CPU0/VM/Halt/BlockOnTime               4480313 ns/call (   497314746 ns,     111 calls, max  16893234, min     473)
00:00:49.144416 /PROF/CPU0/VM/Halt/BlockOverslept             472703 ns/call (   210352870 ns,     445 calls, max   3415564, min   51587)
00:00:49.144419 /PROF/CPU0/VM/Halt/R0HaltBlock                     0 ns/call (           0 ns,       0 calls, max         0, min      -1)
00:00:49.144422 /PROF/CPU0/VM/Halt/R0HaltBlockInsomnia             0 ns/call (           0 ns,       0 calls, max         0, min      -1)
00:00:49.144425 /PROF/CPU0/VM/Halt/R0HaltBlockOnTime               0 ns/call (           0 ns,       0 calls, max         0, min      -1)
00:00:49.144429 /PROF/CPU0/VM/Halt/R0HaltBlockOverslept            0 ns/call (           0 ns,       0 calls, max         0, min      -1)
00:00:49.144433 /PROF/CPU0/VM/Halt/R0HaltExec                      0 times
00:00:49.144436 /PROF/CPU0/VM/Halt/R0HaltExec/FromBlock            0 times
00:00:49.144438 /PROF/CPU0/VM/Halt/R0HaltExec/FromSpin             0 times
00:00:49.144441 /PROF/CPU0/VM/Halt/R0HaltHistoryCounter            0 times
00:00:49.144444 /PROF/CPU0/VM/Halt/R0HaltHistorySucceeded          0 times
00:00:49.144447 /PROF/CPU0/VM/Halt/R0HaltHistoryToRing3            0 times
00:00:49.144449 /PROF/CPU0/VM/Halt/R0HaltToR3                      0 times
00:00:49.144452 /PROF/CPU0/VM/Halt/R0HaltToR3/FromSpin             0 times
00:00:49.144455 /PROF/CPU0/VM/Halt/R0HaltToR3/Other                0 times
00:00:49.144457 /PROF/CPU0/VM/Halt/R0HaltToR3/PendingFF            0 times
00:00:49.144460 /PROF/CPU0/VM/Halt/R0HaltToR3/PostWaitNoInt         0 times
00:00:49.144462 /PROF/CPU0/VM/Halt/R0HaltToR3/PostWaitPendingFF         0 times
00:00:49.144465 /PROF/CPU0/VM/Halt/R0HaltToR3/SmallDelta           0 times
00:00:49.144468 /PROF/CPU0/VM/Halt/Timers                      12737 ns/call (   332331831 ns,   26091 calls, max   2833051, min       2)
00:00:49.144471 /PROF/CPU0/VM/Halt/Yield                           0 ns/call (           0 ns,       0 calls, max         0, min      -1)
00:00:49.144474 /Public/NetAdapter/0/BytesReceived                 0 bytes
00:00:49.144477 /Public/NetAdapter/0/BytesTransmitted              0 bytes
00:00:49.144480 /Public/NetAdapter/0/e1000                         0 
00:00:49.144483 /Public/Storage/AHCI0/Port0/BytesRead            512 bytes
00:00:49.144486 /Public/Storage/AHCI0/Port0/QueryBufAttempts         0 count
00:00:49.144488 /Public/Storage/AHCI0/Port0/QueryBufSuccess         0 count
00:00:49.144491 /Public/Storage/AHCI0/Port0/ReqsRead               1 count
00:00:49.144494 /Public/Storage/AHCI0/Port0/ReqsSubmitted          1 count
00:00:49.144497 /Public/Storage/AHCI0/Port0/ReqsSucceeded          1 count
00:00:49.144500 /Public/Storage/PIIX3IDE0/Port0/QueryBufAttempts         0 count
00:00:49.144502 /Public/Storage/PIIX3IDE0/Port0/QueryBufSuccess         0 count
00:00:49.144506 /SELM/LoadHidSel/GstReadErrors                     0 times
00:00:49.144508 /SELM/LoadHidSel/NoGoodGuest                       0 times
00:00:49.144511 /TM/CPU/00/cNsExecuting                     28031900 ns
00:00:49.144514 /TM/CPU/00/cNsHalted                       29646459657 ns
00:00:49.144517 /TM/CPU/00/cNsOther                        166274687 ns
00:00:49.144520 /TM/CPU/00/cNsTotal                        29840766244 ns
00:00:49.144522 /TM/CPU/00/cPeriodsExecuting                    1337 count
00:00:49.144525 /TM/CPU/00/cPeriodsHalted                        667 count
00:00:49.144528 /TM/CPU/00/pctExecuting                            0 %
00:00:49.144531 /TM/CPU/00/pctHalted                              98 %
00:00:49.144534 /TM/CPU/00/pctOther                                1 %
00:00:49.144537 /TM/CPU/pctExecuting                               0 %
00:00:49.144539 /TM/CPU/pctHalted                                 98 %
00:00:49.144542 /TM/CPU/pctOther                                   1 %
00:00:49.144545 /TM/MaxHzHint                                      0 Hz
00:00:49.144548 /TM/MaxHzHint/real                                 0 Hz
00:00:49.144551 /TM/MaxHzHint/tsc                                  0 Hz
00:00:49.144553 /TM/MaxHzHint/virtual                              0 Hz
00:00:49.144556 /TM/MaxHzHint/virtual_sync                         0 Hz
00:00:49.144559 /TM/PIT/Handler                                    0 ticks/call (           0 ticks,       0 calls, max         0, min      -1)
00:00:49.144562 /TM/PIT/Irq                                        0 times
00:00:49.144565 /TM/R3/1nsSteps                                  886 times
00:00:49.144568 /TM/TSC/offCPU0                                    0 ticks
00:00:49.144571 /TM/VirtualSync/CurrentOffset                 712261 ns
00:00:49.144583 /TRPM/ForwardRaw/TRAP/08                         654 times
00:00:49.144586 /VMM/EmtHashCollisions/Emt00                       0 times
00:00:49.144589 /VMM/LogFlush/00-Flushes                           0 times
00:00:49.144592 /VMM/LogFlush/00-NoWakups                          0 times
00:00:49.144595 /VMM/LogFlush/CPU0/Rel/cbBuf                    4096 bytes
00:00:49.144599 /VUSB/0/cUrbsInPool                                0 count
00:00:49.144602 /VUSB/1/cUrbsInPool                                0 count
00:00:49.144605 ********************* End of statistics **********************
00:00:49.144711 VUSB: Detached 'HidMouse' from port 1 on RootHub#1
00:00:49.145943 E1000#0: Interrupt attempts: 0
00:00:49.145980 E1000#0: Interrupts raised : 0
00:00:49.145990 E1000#0: Interrupts lowered: 0
00:00:49.145998 E1000#0: ICR outside ISR   : 0
00:00:49.146004 E1000#0: IMS raised ints   : 0
00:00:49.146009 E1000#0: Interrupts skipped: 0
00:00:49.146015 E1000#0: Masked interrupts : 0
00:00:49.146020 E1000#0: Early interrupts  : 0
00:00:49.146026 E1000#0: Late interrupts   : 0
00:00:49.146032 E1000#0: Lost interrupts   : 0
00:00:49.146037 E1000#0: Interrupts by RX  : 0
00:00:49.146043 E1000#0: Interrupts by TX  : 0
00:00:49.146048 E1000#0: Interrupts by ICS : 0
00:00:49.146054 E1000#0: Interrupts by RDTR: 0
00:00:49.146059 E1000#0: Interrupts by RDMT: 0
00:00:49.146065 E1000#0: Interrupts by TXQE: 0
00:00:49.146071 E1000#0: TX int delay asked: 0
00:00:49.146081 E1000#0: TX delayed:         0
00:00:49.146087 E1000#0: TX delay expired:   0
00:00:49.146092 E1000#0: TX no report asked: 0
00:00:49.146098 E1000#0: TX abs timer expd : 0
00:00:49.146103 E1000#0: TX int timer expd : 0
00:00:49.146109 E1000#0: RX abs timer expd : 0
00:00:49.146114 E1000#0: RX int timer expd : 0
00:00:49.146119 E1000#0: TX CTX descriptors: 0
00:00:49.146125 E1000#0: TX DAT descriptors: 0
00:00:49.146130 E1000#0: TX LEG descriptors: 0
00:00:49.146136 E1000#0: Received frames   : 0
00:00:49.146141 E1000#0: Transmitted frames: 0
00:00:49.146147 E1000#0: TX frames up to 1514: 0
00:00:49.146152 E1000#0: TX frames up to 2962: 0
00:00:49.146158 E1000#0: TX frames up to 4410: 0
00:00:49.146164 E1000#0: TX frames up to 5858: 0
00:00:49.146169 E1000#0: TX frames up to 7306: 0
00:00:49.146175 E1000#0: TX frames up to 8754: 0
00:00:49.146180 E1000#0: TX frames up to 16384: 0
00:00:49.146186 E1000#0: TX frames up to 32768: 0
00:00:49.146191 E1000#0: Larger TX frames    : 0
00:00:49.146197 E1000#0: Max TX Delay        : 0
00:00:49.147571 GIM: KVM: Resetting MSRs
00:00:49.147634 NEM: Destroying partition 000001bb7c1ef9d0 with its 1 VCpus...
00:00:49.152025 GUI: UIMediumEnumerator: Medium-enumeration finished!
00:00:49.177416 vmmR3LogFlusher: Terminating (VERR_OBJECT_DESTROYED)
00:00:49.177560 Changing the VM state from 'DESTROYING' to 'TERMINATED'
00:00:49.177583 Console: Machine state changed to 'PoweredOff'
00:00:49.212967 GUI: Request for async QApp quit.
00:00:49.214344 GUI: Cannot notify guest about VM window out-of-focus event
00:00:49.232019 GUI: UICommon: Handling aboutToQuit request..
00:00:50.241080 GUI: UICommon: aboutToQuit request handled!
